"1","曹凤英","女","汉族","2013-12-04","130615201312043807","广东省霞市","江苏省兴安盟县朝阳石家庄街R座 ","乐清市柳市沙岙小学","李磊","451527198506233885","山西省云县上街葛路F座 310166","18523546965","黄丹","18197960007","精芯网络有限公司","总经理","2016-10-01","帮扶中","钱旭","1983-02-03","15039498591","爷爷","职工","江苏省兴安盟县朝阳石家庄街R座 204962"
"2","陈俊","女","汉族","2012-07-24","620210201207241666","吉林省南京市","河南省沈阳县新城马鞍山路R座 ","苍南县龙沙乡安丰村完全小学","任云","530523199105095419","河南省琳县吉区陈路m座 493364","18718140450","朱小红","15922186909","商软冠联信息有限公司","总经理","2016-10-01","帮扶结束","崔英","1976-08-18","18777510947","阿姨","无业","河南省沈阳县新城马鞍山路R座 353762"
"3","孙柳","女","汉族","2011-10-17","210904201110172161","江西省璐市","内蒙古自治区浩市普陀重庆街x座 ","萧山市新湾镇共和小学","李宁","411103198002227838","江西省晨县安次佟路m座 831851","15077664919","张丽华","13458888954","毕博诚科技有限公司","总经理","2014-03-21","帮扶中","余玉英","1967-12-25","13844529325","叔叔","职工","内蒙古自治区浩市普陀重庆街x座 365233"
"4","李秀荣","男","汉族","2015-03-01","130604201503019892","山东省乌鲁木齐市","贵州省海门县和平杨路O座 ","乐清市柳市沙岙小学","罗健","311817198211137337","辽宁省武汉市六枝特林路L座 963064","14517016662","王秀梅","18916965767","浦华众城科技有限公司","公司职工","2016-10-01","帮扶中","张丽华","1984-10-27","13473661592","阿姨","个体","贵州省海门县和平杨路O座 926360"
"5","丁瑜","女","汉族","2008-09-13","120515200809135928","福建省玉华市","黑龍江省兴城市华龙长沙路z座 ","桐乡市中山路小学","何成","371719198903156347","河北省银川县崇文田街d座 739623","13787309098","刘桂荣","13619104673","彩虹网络有限公司","总监","2015-07-08","帮扶中","王强","1982-03-18","13469116816","阿姨","无业","黑龍江省兴城市华龙长沙路z座 406944"
"6","赵明","男","汉族","2012-02-18","211803201202184175","河北省林市","甘肃省涛县西峰巴路B座 ","苍南县龙沙乡安丰村完全小学","王凤兰","620822197802147854","山西省关岭市魏都王路N座 125771","15156031501","姜涛","15998031210","群英传媒有限公司","总经理","2014-03-21","帮扶结束","张玉珍","1961-05-22","13030618437","阿姨","无业","甘肃省涛县西峰巴路B座 762392"
"7","羊博","男","汉族","2010-07-12","150407201007123875","吉林省桂芝市","浙江省丽华市门头沟姬路C座 ","乐清市柳市沙岙小学","陈莹","370714198711291882","福建省银川县吉区海门路n座 271938","18158051725","王桂芝","14567791488","华成育卓网络有限公司","总经理","2015-07-08","帮扶中","瞿欣","1974-10-01","15388901459","阿姨","个体","浙江省丽华市门头沟姬路C座 500456"
"8","吴涛","男","汉族","2009-01-18","810127200901181015","甘肃省桂珍市","吉林省长沙县黄浦黄路U座 ","乐清市柳市沙岙小学","王秀兰","811526197601281907","山西省六盘水县朝阳鲍街o座 435870","18288823169","何静","15326162708","易动力科技有限公司","总经理","2015-07-08","帮扶中","张华","1966-12-15","18540193832","叔叔","职工","吉林省长沙县黄浦黄路U座 540658"
"9","唐荣","女","汉族","2011-12-10","221719201112106829","青海省芳市","福建省秀英县翔安唐街I座 ","乐清市柳市沙岙小学","孟桂香","440522198412214172","内蒙古自治区明市清河李街p座 780353","13162390629","李桂珍","13315350900","维涛网络有限公司","公司职工","2016-10-01","帮扶结束","王瑞","1984-07-25","15289083394","爷爷","个体","福建省秀英县翔安唐街I座 649215"
"10","刘雷","女","汉族","2012-11-11","220112201211113400","贵州省丹市","广西壮族自治区荣县江北覃街q座 ","苍南县龙沙乡安丰村完全小学","王小红","330202199406102772","四川省波市牧野詹街E座 680542","13229426302","余洁","18942564771","南康传媒有限公司","总监","2014-03-21","帮扶中","赵杰","1964-06-18","18246816552","叔叔","职工","广西壮族自治区荣县江北覃街q座 632622"
"11","孙小红","女","汉族","2015-01-31","531316201501312523","河北省岩市","江西省马鞍山县崇文银川街u座 ","桐乡市中山路小学","李建华","131212199008297645","湖南省佛山市清城长春街X座 804037","13599222562","栾桂花","13825159762","双敏电子信息有限公司","总监","2015-07-08","帮扶中","陈浩","1979-08-15","15264586137","爷爷","个体","江西省马鞍山县崇文银川街u座 438975"
"12","耿丽华","女","汉族","2007-10-25","810324200710258866","黑龍江省长沙市","云南省张家港县平山邱街B座 ","桐乡市中山路小学","廖玉英","350320199110191913","安徽省巢湖市蓟州李街m座 524981","13673947994","吴坤","15313201280","联通时科传媒有限公司","总监","2016-10-01","帮扶结束","王倩","1986-02-04","15010261049","叔叔","职工","云南省张家港县平山邱街B座 600710"
"13","黄婷","女","汉族","2014-03-20","410820201403208764","河南省桂兰市","广西壮族自治区兰州市六枝特台北路N座 ","桐乡市中山路小学","李杨","521615198301032633","浙江省晶市璧山嘉禾街e座 965905","13560430029","曹秀华","18810513716","图龙信息信息有限公司","公司职工","2016-10-01","帮扶中","张佳","1982-01-27","18697441392","爷爷","无业","广西壮族自治区兰州市六枝特台北路N座 863391"
"14","王杨","女","汉族","2008-03-29","640516200803293641","山西省淑兰市","辽宁省桂香县六枝特陈街x座 ","乐清市柳市沙岙小学","曹玲","221102198211039372","安徽省东市江北张路J座 428119","15734396397","马玉珍","15139107869","维涛信息有限公司","总经理","2016-10-01","帮扶中","周波","1983-02-12","13884440730","叔叔","个体","辽宁省桂香县六枝特陈街x座 251633"
"15","林凤英","男","汉族","2014-01-06","231307201401062915","广东省东市","山西省潜江县海港天津路S座 ","乐清市柳市沙岙小学","李林","640109198410183051","福建省强县沙市兴城街v座 298345","15246317681","陈磊","18164238614","凌颖信息网络有限公司","公司职工","2015-07-08","帮扶结束","王坤","1986-05-19","13168975682","阿姨","无业","山西省潜江县海港天津路S座 898370"
"16","陈健","男","汉族","2011-10-20","141815201110201173","湖北省玉英市","黑龍江省郑州市六枝特银川街Y座 ","萧山市新湾镇共和小学","张秀荣","640612198108088137","四川省马鞍山市门头沟辽阳街j座 962062","18092462005","罗红霞","15663641388","惠派国际公司科技有限公司","总监","2014-03-21","帮扶结束","宋桂英","1976-10-18","15967786875","叔叔","职工","黑龍江省郑州市六枝特银川街Y座 595837"
"17","唐娜","女","汉族","2013-10-22","350622201310228226","云南省武汉市","江苏省桂兰县双滦韦街e座 ","乐清市柳市沙岙小学","周琴","541717198802086230","甘肃省柳州市徐汇孙路J座 863981","18262840254","王艳","18709140159","雨林木风计算机信息有限公司","总监","2014-03-21","帮扶中","黄涛","1973-08-29","15624694990","爷爷","个体","江苏省桂兰县双滦韦街e座 339591"
"18","张杨","女","汉族","2008-03-19","350224200803195683","吉林省佳市","湖北省秀云县双滦永安路v座 ","桐乡市中山路小学","喻建平","521207199209078403","河北省雪县长寿宜都路e座 892174","13370665270","刘丽","13266026995","图龙信息信息有限公司","总监","2014-03-21","帮扶中","刘云","1961-06-22","15927281802","叔叔","无业","湖北省秀云县双滦永安路v座 194614"
"19","郑秀英","女","汉族","2011-10-04","441104201110042568","辽宁省大冶市","湖南省哈尔滨县清城澳门街r座 ","苍南县龙沙乡安丰村完全小学","黄萍","540123197911102722","新疆维吾尔自治区辽阳县大兴迟路A座 972933","18145026015","向畅","15899311432","商软冠联网络有限公司","总监","2016-10-01","帮扶结束","阎帅","1978-12-27","13321035076","阿姨","个体","湖南省哈尔滨县清城澳门街r座 716884"
"20","王利","女","汉族","2015-01-22","610523201501225763","湖北省红霞市","浙江省合肥市翔安南昌路P座 ","桐乡市中山路小学","周帆","370119198011057366","西藏自治区重庆市浔阳天津街x座 650933","13420297784","张杰","15848680799","华远软件信息有限公司","总监","2016-10-01","帮扶中","谢伟","1966-04-16","13972084561","爷爷","职工","浙江省合肥市翔安南昌路P座 339318"
"21","韩飞","女","汉族","2008-04-25","331226200804259842","山东省柳州市","贵州省荆门县滨城周路F座 ","苍南县龙沙乡安丰村完全小学","韩淑英","430902198110306994","山西省磊县西夏张家港街T座 805519","18607577792","汪桂兰","15204090169","九方传媒有限公司","公司职工","2014-03-21","帮扶结束","林华","1974-12-28","14539919574","叔叔","个体","贵州省荆门县滨城周路F座 846005"
"22","季秀云","女","汉族","2013-02-22","411827201302227269","浙江省广州市","西藏自治区梧州县房山深圳街T座 ","乐清市柳市沙岙小学","刘磊","620916198308153992","四川省嘉禾市怀柔永安街c座 471571","13939502162","宋春梅","15836153645","济南亿次元科技有限公司","总监","2014-03-21","帮扶结束","李慧","1973-06-09","18561386641","阿姨","无业","西藏自治区梧州县房山深圳街T座 107976"
"23","张小红","女","汉族","2013-12-28","640309201312289306","辽宁省宁市","内蒙古自治区璐市门头沟张街M座 ","萧山市新湾镇共和小学","刘秀华","211323198903197601","海南省璐市浔阳孙路z座 601416","15924806002","胡婷婷","18114397838","时空盒数字科技有限公司","总监","2014-03-21","帮扶中","叶秀兰","1964-03-09","13578313108","叔叔","无业","内蒙古自治区璐市门头沟张街M座 330093"
"24","党静","女","汉族","2013-08-23","450408201308232306","河北省合肥市","甘肃省桂珍市上街臧街L座 ","萧山市新湾镇共和小学","黎鹏","641304199108214032","广东省六安市房山李路Z座 965163","13801913936","刘佳","15266010057","天益信息有限公司","公司职工","2014-03-21","帮扶结束","江飞","1976-02-04","13108118110","阿姨","职工","甘肃省桂珍市上街臧街L座 694938"
"25","饶畅","男","汉族","2014-09-06","460826201409063610","河北省大冶市","山东省欢市梁平大冶路O座 ","桐乡市中山路小学","朱伟","431419198203056807","陕西省台北县六枝特澳门路C座 428037","13691657398","吴淑珍","15826775587","时空盒数字网络有限公司","公司职工","2014-03-21","帮扶结束","王飞","1981-02-04","13817273308","叔叔","职工","山东省欢市梁平大冶路O座 629871"
"26","陈莹","男","汉族","2011-08-09","140427201108095639","辽宁省峰市","安徽省太原市黄浦杨街j座 ","乐清市柳市沙岙小学","何慧","311328198205226684","内蒙古自治区通辽市孝南陈街r座 400019","15226348089","杨鑫","18266509889","泰麒麟网络有限公司","公司职工","2014-03-21","帮扶结束","韩强","1974-06-06","13779687992","爷爷","个体","安徽省太原市黄浦杨街j座 778868"
"27","朱琳","男","汉族","2011-10-16","411112201110168299","黑龍江省邯郸市","宁夏回族自治区峰市永川佛山路Y座 ","乐清市柳市沙岙小学","姜欢","141601197905287221","黑龍江省杰市朝阳曾街G座 796685","18617432497","何利","18775820192","盟新信息有限公司","公司职工","2015-07-08","帮扶中","郑琴","1973-02-01","18202731211","叔叔","无业","宁夏回族自治区峰市永川佛山路Y座 101632"
"28","何帆","男","汉族","2012-04-15","710826201204153992","黑龍江省博市","新疆维吾尔自治区敏市沈北新张街E座 ","乐清市柳市沙岙小学","谭红","210904197508308847","江苏省关岭市西峰陈街a座 388974","13979864006","马伟","13817505499","良诺科技有限公司","总经理","2016-10-01","帮扶结束","萧帆","1985-03-28","13391903217","阿姨","无业","新疆维吾尔自治区敏市沈北新张街E座 826669"
"29","昝健","男","汉族","2010-09-27","450408201009278510","甘肃省潮州市","山东省辛集县崇文六安路c座 ","萧山市新湾镇共和小学","刘秀华","541507199002245982","湖南省雷市东丽黄路a座 698462","13658888287","邱鑫","13448143121","襄樊地球村信息有限公司","总经理","2014-03-21","帮扶中","黄想","1963-10-19","18064544055","叔叔","无业","山东省辛集县崇文六安路c座 750251"
"30","刘俊","男","汉族","2009-11-26","221423200911261238","黑龍江省嘉禾市","辽宁省西宁市丰都长春街l座 ","萧山市新湾镇共和小学","赵秀梅","131427199101179158","内蒙古自治区丹丹县东城李路W座 224752","13590300661","金洋","14588971216","MBP软件传媒有限公司","公司职工","2015-07-08","帮扶中","黄玉华","1971-10-05","13728240696","叔叔","职工","辽宁省西宁市丰都长春街l座 797779"
"31","陆楠","男","汉族","2009-01-24","540209200901247054","吉林省海门市","山西省丽县城东巢湖路G座 ","乐清市柳市沙岙小学","高雪梅","140401198710102161","陕西省通辽县静安惠州街e座 650625","15111921600","陈玉兰","15822233311","昂歌信息网络有限公司","公司职工","2016-10-01","帮扶中","孙红梅","1988-07-07","15049783332","阿姨","个体","山西省丽县城东巢湖路G座 250549"
"32","康云","女","汉族","2008-09-15","640320200809154445","云南省阳市","青海省萍县海港马鞍山街J座 ","苍南县龙沙乡安丰村完全小学","崔东","231413199104244866","吉林省宁县吉区石家庄街g座 732352","13143482011","卞龙","18719524901","太极信息有限公司","公司职工","2016-10-01","帮扶结束","刘强","1962-06-01","13365223314","叔叔","个体","青海省萍县海港马鞍山街J座 517349"
"33","李桂花","女","汉族","2014-01-27","131512201401278927","山西省琳市","宁夏回族自治区太原市南湖贵阳街I座 ","萧山市新湾镇共和小学","刘帅","350210198909023320","湖南省婷县六枝特邹街r座 849552","15364390622","苗丹","15947752447","兰金电子科技有限公司","公司职工","2016-10-01","帮扶结束","刘俊","1974-09-23","15986104399","爷爷","个体","宁夏回族自治区太原市南湖贵阳街I座 794010"
"34","谷平","男","汉族","2008-06-19","371617200806199133","吉林省斌市","江西省秀梅县安次伍街t座 ","萧山市新湾镇共和小学","高桂花","341424197912283229","青海省建国县山亭陈路i座 500142","18610968654","周彬","13951996728","彩虹传媒有限公司","总经理","2015-07-08","帮扶结束","汪芳","1971-03-11","13647308153","叔叔","职工","江西省秀梅县安次伍街t座 797572"
"35","鲍兵","女","汉族","2008-07-29","450918200807294166","陕西省鑫市","河北省澳门县东城张路u座 ","乐清市柳市沙岙小学","陈秀梅","121706198410051373","内蒙古自治区玉英市南溪重庆街i座 634995","15893192396","周伟","14582040773","华泰通安传媒有限公司","总经理","2014-03-21","帮扶结束","萧彬","1987-02-13","13214789276","阿姨","个体","河北省澳门县东城张路u座 464483"
"36","王刚","女","汉族","2012-07-08","460602201207089228","吉林省莹市","辽宁省强县沙市杨路q座 ","桐乡市中山路小学","帅琴","431015198102018068","安徽省上海县上街楼街a座 652009","13622210159","张莉","13095775489","凌颖信息信息有限公司","总监","2016-10-01","帮扶结束","郭玉珍","1968-09-23","15964635156","阿姨","职工","辽宁省强县沙市杨路q座 902608"
"37","张东","男","汉族","2009-08-20","501007200908202676","安徽省佳市","甘肃省哈尔滨市永川南京街u座 ","萧山市新湾镇共和小学","吴波","430202197512056542","新疆维吾尔自治区太原县六枝特乌鲁木齐路x座 802782","18289687037","龙欣","13383312988","时空盒数字信息有限公司","总经理","2015-07-08","帮扶中","马秀珍","1969-04-07","14703012751","爷爷","个体","甘肃省哈尔滨市永川南京街u座 549444"
"38","徐丽","男","汉族","2013-02-09","450422201302094179","湖北省兴城市","陕西省宁德市长寿杨街D座 ","萧山市新湾镇共和小学","兰丽华","710420198202058285","西藏自治区伟县秀英北镇街v座 674274","18627099887","单莹","13865264285","银嘉信息有限公司","公司职工","2015-07-08","帮扶中","刘明","1976-11-25","18246614628","阿姨","个体","陕西省宁德市长寿杨街D座 216229"
"39","胡淑华","男","汉族","2008-03-28","110315200803282530","河南省六安市","宁夏回族自治区汕尾市萧山蔡路N座 ","苍南县龙沙乡安丰村完全小学","张龙","230519199405308291","西藏自治区晨县清浦呼和浩特街E座 536064","18169052410","张倩","13011373777","南康传媒有限公司","总经理","2016-10-01","帮扶结束","杨敏","1971-11-25","13326891062","叔叔","无业","宁夏回族自治区汕尾市萧山蔡路N座 971828"
"40","陈飞","男","汉族","2011-10-05","631610201110058116","广东省重庆市","陕西省春梅县梁平刘路h座 ","桐乡市中山路小学","何岩","501103199001109888","山东省辉市沙湾银川路p座 330089","13196671514","罗英","13530954345","华泰通安科技有限公司","公司职工","2016-10-01","帮扶中","汪雪梅","1974-03-28","15225226110","爷爷","职工","陕西省春梅县梁平刘路h座 448808"
"41","陈兰英","女","汉族","2008-09-14","140422200809149400","福建省梧州市","湖南省潜江县孝南太原路f座 ","萧山市新湾镇共和小学","傅玉","310416198610281921","黑龍江省兰州市沈北新王路y座 601702","15944937774","刘秀珍","15818844172","国讯网络有限公司","公司职工","2016-10-01","帮扶中","汤春梅","1973-05-04","13719274215","阿姨","职工","湖南省潜江县孝南太原路f座 117250"
"42","黄淑华","男","汉族","2011-03-20","421514201103205070","福建省关岭市","河南省兰州县长寿柳州路n座 ","乐清市柳市沙岙小学","陈晶","651517198203182433","福建省成都市秀英重庆路p座 944205","13389595278","李丽","13059122581","时刻传媒有限公司","总监","2015-07-08","帮扶结束","黄东","1984-04-05","15340387312","叔叔","无业","河南省兰州县长寿柳州路n座 973150"
"43","邱坤","男","汉族","2009-08-07","231802200908073516","安徽省北京市","吉林省石家庄市安次俞路t座 ","苍南县龙沙乡安丰村完全小学","燕丽娟","441222199004268593","四川省玉英县白云徐街j座 641096","13611356469","魏旭","18778274960","创亿网络有限公司","公司职工","2015-07-08","帮扶结束","范浩","1966-11-18","15039489024","阿姨","无业","吉林省石家庄市安次俞路t座 219947"
"44","刘婷婷","女","汉族","2009-05-13","651409200905138009","浙江省红市","云南省玲县浔阳廖街X座 ","萧山市新湾镇共和小学","黄建","360116198305151007","广西壮族自治区东莞市东丽郑街y座 941272","18802269445","谢云","18211235404","华成育卓网络有限公司","公司职工","2014-03-21","帮扶结束","刘鹏","1977-11-03","18686638685","阿姨","无业","云南省玲县浔阳廖街X座 254529"
"45","李成","男","汉族","2013-12-12","651409201312125834","辽宁省佛山市","内蒙古自治区勇市滨城陈路v座 ","桐乡市中山路小学","詹健","450115198602216200","陕西省梧州县东丽李街A座 882267","14516175472","刘静","14521634547","华成育卓传媒有限公司","总经理","2014-03-21","帮扶结束","黄小红","1959-10-04","15729944585","叔叔","无业","内蒙古自治区勇市滨城陈路v座 956593"
"46","张梅","女","汉族","2007-08-28","210524200708285065","陕西省娜市","广东省沈阳市西峰李街S座 ","桐乡市中山路小学","刘丽华","221615197608217157","西藏自治区金凤市大兴朱街f座 796744","15132828458","陈建","15237207581","联通时科科技有限公司","总监","2016-10-01","帮扶中","苏英","1968-01-22","15761794360","爷爷","个体","广东省沈阳市西峰李街S座 988775"
"47","李欣","男","汉族","2013-04-08","440906201304082034","青海省鑫市","广东省桂荣市花溪淮安街A座 ","乐清市柳市沙岙小学","郎磊","420606198102038668","吉林省玲县海陵张街U座 727368","15540385330","何莉","13028898130","戴硕电子科技有限公司","总经理","2015-07-08","帮扶中","修建华","1960-11-26","14588496522","爷爷","个体","广东省桂荣市花溪淮安街A座 592428"
"48","孙丽丽","女","汉族","2012-11-11","350813201211119823","浙江省秀英市","江西省六盘水县门头沟潮州街J座 ","乐清市柳市沙岙小学","岳俊","351623197501214722","吉林省长春县沈北新银川街y座 903124","13464322209","罗玉兰","13613806178","银嘉网络有限公司","公司职工","2014-03-21","帮扶中","邱林","1978-04-28","15065355887","阿姨","个体","江西省六盘水县门头沟潮州街J座 702547"
"49","赵佳","女","汉族","2011-03-03","610427201103039063","江苏省琴市","吉林省亮县和平李街X座 ","乐清市柳市沙岙小学","罗桂芝","411404198203164248","江西省伟县华龙汕尾路W座 639400","18523338099","陈玉兰","18682271976","凌云网络有限公司","总经理","2014-03-21","帮扶中","陈丹","1976-03-21","13086009703","阿姨","无业","吉林省亮县和平李街X座 717974"
"50","李雷","女","汉族","2008-06-02","321507200806025205","山西省兴安盟市","安徽省旭市翔安西安路g座 ","桐乡市中山路小学","李英","710111198203122477","青海省欢县安次陈路Q座 363128","18285882973","廖秀芳","15076518543","迪摩科技有限公司","总监","2014-03-21","帮扶中","孙涛","1980-05-15","18901735373","阿姨","职工","安徽省旭市翔安西安路g座 504787"
"51","梁晨","女","汉族","2009-06-10","441101200906103949","广东省玉兰市","新疆维吾尔自治区芳市萧山原路E座 ","乐清市柳市沙岙小学","钟淑华","450205198701192503","甘肃省玉英市金平济南路M座 287875","13948444192","任建军","13292426690","良诺传媒有限公司","总经理","2016-10-01","帮扶结束","童斌","1982-09-25","18833184398","阿姨","无业","新疆维吾尔自治区芳市萧山原路E座 724937"
"52","龙桂珍","女","汉族","2012-05-30","621125201205302680","湖南省辉市","四川省柳州县山亭辛集街I座 ","萧山市新湾镇共和小学","欧峰","210203199306148327","安徽省梅市黄浦张街Q座 666170","15836905718","杜婷","13297805934","凌云网络有限公司","总经理","2014-03-21","帮扶中","李辉","1962-06-27","18225928275","阿姨","职工","四川省柳州县山亭辛集街I座 596708"
"53","徐桂芳","男","汉族","2014-04-26","210127201404266076","黑龍江省丹市","河南省荣县清浦李街Z座 ","桐乡市中山路小学","刘博","451502197609187838","甘肃省台北县沙湾黄路F座 721876","18591092835","陈桂珍","15274914351","创联世纪传媒有限公司","总监","2015-07-08","帮扶中","钟瑞","1983-07-23","13888799430","阿姨","无业","河南省荣县清浦李街Z座 821677"
"54","张桂荣","男","汉族","2008-01-16","461812200801165216","黑龍江省荣市","西藏自治区雪县孝南济南街G座 ","乐清市柳市沙岙小学","刘平","321301198103223879","广西壮族自治区雪梅市牧野龙路X座 696602","18615880537","张辉","15160268263","黄石金承传媒有限公司","总经理","2015-07-08","帮扶结束","陈海燕","1981-05-18","13847088880","阿姨","无业","西藏自治区雪县孝南济南街G座 790644"
"55","周芳","女","汉族","2014-02-06","120607201402068903","河北省琳市","广东省小红县龙潭谭街K座 ","苍南县龙沙乡安丰村完全小学","王婷","121615197508054625","河北省合山市闵行章街S座 572910","15942793312","郭兵","13178315455","艾提科信科技有限公司","总监","2016-10-01","帮扶中","汤雷","1971-07-23","15173690484","爷爷","无业","广东省小红县龙潭谭街K座 672370"
"56","李浩","女","汉族","2015-04-15","340925201504157509","江西省兰州市","云南省台北县涪城兰州路l座 ","苍南县龙沙乡安丰村完全小学","方英","411024199107131619","内蒙古自治区辉县吉区王街f座 516837","13739396487","杨瑜","13795255518","昊嘉信息有限公司","公司职工","2014-03-21","帮扶中","杨丽丽","1978-01-04","15269896616","阿姨","无业","云南省台北县涪城兰州路l座 717644"
"57","杨丹","女","汉族","2012-08-12","211627201208123347","四川省淑华市","湖北省香港市沙湾许路W座 ","萧山市新湾镇共和小学","邓华","210205198003104693","安徽省香港县城北宁路n座 195961","15559337244","张林","13487749211","华泰通安网络有限公司","总经理","2015-07-08","帮扶结束","邱玉珍","1970-08-21","15038428139","叔叔","职工","湖北省香港市沙湾许路W座 908719"
"58","杜璐","男","汉族","2007-09-25","710821200709253236","吉林省秀云市","云南省辛集市东城陈路V座 ","萧山市新湾镇共和小学","吴峰","810318199004077060","江西省台北县徐汇张路E座 154094","15602833657","王桂荣","18558425744","彩虹科技有限公司","总经理","2014-03-21","帮扶结束","黄静","1974-12-21","18941967915","阿姨","职工","云南省辛集市东城陈路V座 561466"
"59","杨晶","女","汉族","2008-05-06","150315200805062041","福建省楠市","云南省太原市兴山杨街f座 ","桐乡市中山路小学","魏洁","141101197702246791","河南省凯县东丽武汉街d座 341789","15564885760","刘玉兰","18840340806","新格林耐特传媒有限公司","总监","2014-03-21","帮扶中","李建华","1986-01-23","18219046214","阿姨","无业","云南省太原市兴山杨街f座 614778"
"60","高颖","男","汉族","2011-05-14","811503201105141790","甘肃省长沙市","辽宁省楠县高明潜江街w座 ","萧山市新湾镇共和小学","黄秀云","631815199306175948","云南省建华市西峰林街z座 102299","13502779923","李楠","18840564657","惠派国际公司网络有限公司","公司职工","2014-03-21","帮扶中","王淑华","1975-07-24","18819390848","爷爷","个体","辽宁省楠县高明潜江街w座 298047"
"61","涂磊","女","汉族","2014-09-22","621411201409224945","辽宁省淑兰市","广东省海门市新城武汉路S座 ","苍南县龙沙乡安丰村完全小学","李涛","640203199303137221","广西壮族自治区长沙市清河乌鲁木齐街G座 550837","13593354049","郭涛","18081074893","思优信息有限公司","总监","2016-10-01","帮扶结束","姚波","1980-02-16","18762614656","爷爷","个体","广东省海门市新城武汉路S座 538122"
"62","黄红梅","男","汉族","2015-03-01","441609201503014273","四川省丽丽市","海南省石家庄县梁平香港街C座 ","桐乡市中山路小学","丁杰","440719197803236513","西藏自治区玉珍市双滦长沙街j座 535467","13681247317","张红","14577295293","兰金电子传媒有限公司","总经理","2014-03-21","帮扶中","卢丽娟","1960-10-23","13978527066","爷爷","个体","海南省石家庄县梁平香港街C座 774378"
"63","陈凤英","女","汉族","2012-10-19","520425201210197620","湖南省合山市","内蒙古自治区海口县江北李路F座 ","苍南县龙沙乡安丰村完全小学","田红梅","460611198002187129","福建省杨市六枝特刘路t座 535541","15276134059","徐杰","13691285692","雨林木风计算机科技有限公司","总经理","2015-07-08","帮扶结束","王佳","1962-01-25","13980174297","阿姨","职工","内蒙古自治区海口县江北李路F座 446844"
"64","李婷","男","汉族","2014-10-09","340127201410092072","辽宁省超市","江苏省桂珍市山亭通辽街S座 ","萧山市新湾镇共和小学","樊雪","410223198007093809","吉林省重庆县东丽杭州路U座 306289","13831943080","马淑华","13351276951","合联电子信息有限公司","总经理","2015-07-08","帮扶中","石磊","1986-01-03","18602230295","爷爷","无业","江苏省桂珍市山亭通辽街S座 629116"
"65","王芳","女","汉族","2013-12-25","211409201312259127","山东省北镇市","宁夏回族自治区洋县上街郑路e座 ","桐乡市中山路小学","马杨","110117198704243302","湖北省杰市永川柳州路q座 980570","15777647122","吴洁","13563715250","银嘉信息有限公司","总经理","2016-10-01","帮扶结束","张瑜","1983-10-15","15181437369","叔叔","个体","宁夏回族自治区洋县上街郑路e座 174357"
"66","梁丹丹","男","汉族","2012-02-09","211111201202098039","湖南省南京市","山西省萍县牧野永安路w座 ","苍南县龙沙乡安丰村完全小学","周鹏","230521198707142805","江西省超市和平嘉禾路j座 573295","15122640867","王婷","15256916672","天开传媒有限公司","总经理","2014-03-21","帮扶结束","汤艳","1971-05-18","13058879739","叔叔","职工","山西省萍县牧野永安路w座 302030"
"67","沈燕","男","汉族","2010-05-16","150318201005169296","广东省玉兰市","云南省嘉禾县东丽汕尾街Y座 ","苍南县龙沙乡安丰村完全小学","常佳","500919197711286239","黑龍江省秀珍市城北永安街O座 949085","18019683817","张颖","18860305246","飞海科技科技有限公司","公司职工","2016-10-01","帮扶中","万欣","1973-04-13","18249807188","阿姨","无业","云南省嘉禾县东丽汕尾街Y座 600347"
"68","彭金凤","男","汉族","2008-01-26","620425200801268657","山东省兴安盟市","云南省雪梅市双滦嘉禾街G座 ","萧山市新湾镇共和小学","张桂英","150327198004225475","甘肃省洋市静安呼和浩特路B座 499754","18856848830","吕帆","14577559062","兰金电子网络有限公司","总经理","2014-03-21","帮扶结束","黄凯","1988-01-01","18931044638","阿姨","无业","云南省雪梅市双滦嘉禾街G座 220137"
"69","梁桂英","男","汉族","2008-02-06","321403200802061053","吉林省大冶市","河南省芳县永川阎路K座 ","桐乡市中山路小学","张秀华","320313197408315039","江西省哈尔滨市六枝特刘路k座 865997","15068279505","高丹丹","15060106527","凌云科技有限公司","公司职工","2014-03-21","帮扶中","丛红梅","1984-10-07","14714528268","阿姨","无业","河南省芳县永川阎路K座 497093"
"70","林峰","男","汉族","2012-07-28","371117201207286010","湖北省太原市","江西省丽华市西夏刘路p座 ","桐乡市中山路小学","黄成","130121197705196032","河南省南京市华龙嘉禾路P座 747448","18281065125","刘强","18624900197","海创网络有限公司","总经理","2015-07-08","帮扶结束","彭婷婷","1959-11-25","13347896889","叔叔","个体","江西省丽华市西夏刘路p座 463457"
"71","许瑜","女","汉族","2014-06-10","431305201406101267","山东省俊市","安徽省西宁县东城赖街e座 ","萧山市新湾镇共和小学","邓凯","511126199102152747","海南省辛集县沙湾沈阳路k座 640806","15045450983","齐洁","18922718672","华远软件网络有限公司","总监","2016-10-01","帮扶结束","顾欣","1986-10-10","18878814985","叔叔","职工","安徽省西宁县东城赖街e座 934030"
"72","巩兰英","女","汉族","2011-03-21","111114201103218824","陕西省拉萨市","山东省海门县沙市沈阳街O座 ","萧山市新湾镇共和小学","罗建军","461827199105165687","西藏自治区张家港市安次李街d座 960206","18599431686","陈小红","13628772691","维涛传媒有限公司","公司职工","2016-10-01","帮扶结束","巩欣","1968-07-31","15784789741","阿姨","个体","山东省海门县沙市沈阳街O座 102414"
"73","乔婷","男","汉族","2010-12-06","211117201012063834","江西省桂花市","湖南省晶县清河徐街i座 ","苍南县龙沙乡安丰村完全小学","安建平","640220197601058997","广东省拉萨县徐汇王街b座 877862","18830271270","郑建","14527899143","MBP软件网络有限公司","公司职工","2016-10-01","帮扶结束","马慧","1959-12-11","13115906352","爷爷","职工","湖南省晶县清河徐街i座 248124"
"74","刘博","女","汉族","2009-08-01","810901200908018306","甘肃省淑英市","浙江省深圳县涪城李路Q座 ","萧山市新湾镇共和小学","王志强","620320198306247153","河南省台北市秀英吴街l座 907812","15398234158","隋红梅","18777536631","七喜传媒有限公司","公司职工","2016-10-01","帮扶中","张志强","1980-03-31","18072000208","叔叔","职工","浙江省深圳县涪城李路Q座 366554"
"75","熊琴","男","汉族","2012-07-04","141309201207044678","江西省雪梅市","江苏省建市双滦汪路Z座 ","萧山市新湾镇共和小学","王波","461819199308111948","宁夏回族自治区秀华市白云王街K座 520507","13446971092","乔宁","14568520607","立信电子信息有限公司","总经理","2015-07-08","帮扶结束","王艳","1962-01-27","14510269558","叔叔","职工","江苏省建市双滦汪路Z座 175633"
"76","李艳","女","汉族","2012-12-21","131505201212219843","海南省慧市","青海省南昌县璧山西宁街B座 ","萧山市新湾镇共和小学","季芳","320215199208085703","陕西省海口市南溪海口路D座 440287","18195311208","李建平","15275550086","四通网络有限公司","公司职工","2014-03-21","帮扶中","郭冬梅","1974-05-19","13844490310","爷爷","无业","青海省南昌县璧山西宁街B座 751846"
"77","王勇","男","汉族","2007-11-22","530213200711228073","河北省杨市","云南省邯郸市永川永安街v座 ","乐清市柳市沙岙小学","苟岩","640512198408278128","宁夏回族自治区长沙市海陵海口街M座 592554","13316088872","杨婷","15205202846","群英信息有限公司","总经理","2015-07-08","帮扶中","卢建平","1975-03-23","15393183806","叔叔","无业","云南省邯郸市永川永安街v座 824560"
"78","徐成","女","汉族","2008-02-19","371419200802198348","河南省海口市","西藏自治区南昌市秀英张路u座 ","苍南县龙沙乡安丰村完全小学","杜秀英","430712199405156496","四川省长春市门头沟梁街b座 616456","13341019089","孙桂香","15835975811","联软网络有限公司","总经理","2016-10-01","帮扶中","季小红","1969-01-12","15602484405","爷爷","个体","西藏自治区南昌市秀英张路u座 778237"
"79","应平","男","汉族","2012-02-24","710209201202247351","山西省巢湖市","吉林省沈阳县平山关岭路Y座 ","苍南县龙沙乡安丰村完全小学","黄雪","131326197709119562","四川省深圳市海陵张家港路N座 262777","18527127746","梁秀兰","13807202247","巨奥信息有限公司","公司职工","2014-03-21","帮扶结束","林凤兰","1988-08-25","13290745520","爷爷","个体","吉林省沈阳县平山关岭路Y座 567698"
"80","吴颖","男","汉族","2010-12-11","311210201012113370","江西省玉市","湖南省永安市和平西安街q座 ","苍南县龙沙乡安丰村完全小学","张静","520808197509236983","湖北省六安县沙市孔路X座 637247","18178748383","张璐","15289188087","毕博诚信息有限公司","公司职工","2014-03-21","帮扶结束","郭建军","1980-10-07","15787995807","爷爷","无业","湖南省永安市和平西安街q座 565895"
"81","陈秀芳","男","汉族","2013-01-07","640615201301077857","广东省石家庄市","福建省杨市和平淮安街k座 ","苍南县龙沙乡安丰村完全小学","陈秀荣","500110199106192324","宁夏回族自治区云市浔阳赵路u座 387740","15980830369","刘兵","13595211796","群英网络有限公司","公司职工","2014-03-21","帮扶结束","张丹","1975-03-31","14753269504","爷爷","个体","福建省杨市和平淮安街k座 257336"
"82","李阳","男","汉族","2012-09-10","361218201209105593","湖北省荆门市","青海省郑州县朝阳刘街W座 ","苍南县龙沙乡安丰村完全小学","陈兰英","220608198709018219","新疆维吾尔自治区利县西夏邓街V座 319959","18565783145","赵成","18785986729","富罳传媒有限公司","总监","2014-03-21","帮扶中","易建","1983-01-22","14504322837","爷爷","职工","青海省郑州县朝阳刘街W座 729195"
"83","叶瑞","女","汉族","2009-07-13","121815200907135642","海南省郑州市","陕西省红霞市西峰谭路l座 ","乐清市柳市沙岙小学","郑利","630728197509126147","浙江省建市沈北新呼和浩特路j座 507347","15882144561","王东","13666606315","通际名联传媒有限公司","总经理","2015-07-08","帮扶结束","王丽","1981-03-31","18687441348","叔叔","无业","陕西省红霞市西峰谭路l座 634315"
"84","马莹","女","汉族","2009-08-29","611703200908291667","河南省南昌市","贵州省超市金平王路p座 ","苍南县龙沙乡安丰村完全小学","张秀兰","410314199101278799","青海省楠市高港宋路w座 382391","14726821623","严红梅","14518551245","飞海科技网络有限公司","总监","2016-10-01","帮扶结束","杨飞","1985-11-02","18571632308","爷爷","个体","贵州省超市金平王路p座 135142"
"85","成想","女","汉族","2009-12-25","421626200912257928","陕西省南昌市","辽宁省波县城东武汉街r座 ","乐清市柳市沙岙小学","董军","220125197910301131","贵州省欢市锡山永安路i座 605348","15391908913","陈旭","18081409434","浦华众城科技有限公司","总经理","2015-07-08","帮扶中","孙凤英","1979-01-20","14759406420","阿姨","个体","辽宁省波县城东武汉街r座 919089"
"86","姜帆","女","汉族","2008-07-24","211317200807243800","湖北省玉兰市","江苏省玉华市怀柔阜新路q座 ","苍南县龙沙乡安丰村完全小学","黄建平","711304198410012265","河南省凤英市萧山邱街l座 448543","13356601166","房敏","15232439638","明腾科技有限公司","总监","2015-07-08","帮扶结束","卓刚","1984-08-26","18209572228","爷爷","个体","江苏省玉华市怀柔阜新路q座 373521"
"87","钟娟","女","汉族","2014-05-31","350722201405319888","黑龍江省俊市","青海省柳市门头沟长春路K座 ","萧山市新湾镇共和小学","陈瑞","541801199311181989","青海省关岭县淄川赵街q座 449337","13010007698","杨桂花","13228183748","四通网络有限公司","总监","2014-03-21","帮扶中","何俊","1966-11-07","15884091344","阿姨","无业","青海省柳市门头沟长春路K座 468977"
"88","黄桂芳","男","汉族","2009-07-16","211205200907167138","甘肃省健市","海南省深圳市淄川李路R座 ","苍南县龙沙乡安丰村完全小学","赵岩","310516197506032308","新疆维吾尔自治区辛集县安次淮安街G座 215012","13794495934","袁宇","15924869125","维涛传媒有限公司","总监","2016-10-01","帮扶中","张辉","1962-06-25","15381044374","爷爷","无业","海南省深圳市淄川李路R座 545646"
"89","刘冬梅","女","汉族","2009-08-02","521104200908021663","青海省丽华市","四川省巢湖市东城桂街W座 ","桐乡市中山路小学","邱桂兰","460605198501292519","江苏省广州县西峰吕路L座 252906","15163362858","郭欣","15600134004","诺依曼软件信息有限公司","公司职工","2015-07-08","帮扶中","黄淑珍","1980-04-30","18248537087","爷爷","个体","四川省巢湖市东城桂街W座 238287"
"90","江慧","女","汉族","2014-08-21","630319201408216248","广东省济南市","江苏省太原县六枝特史路C座 ","乐清市柳市沙岙小学","张华","810713198704309521","浙江省六盘水市沙市长春路J座 129415","14523772465","崔金凤","13805059083","凌颖信息网络有限公司","总经理","2015-07-08","帮扶中","王秀英","1984-11-09","18579308333","叔叔","无业","江苏省太原县六枝特史路C座 564190"
"91","李琳","女","汉族","2013-10-15","361604201310151584","吉林省萍市","西藏自治区涛县永川张街h座 ","苍南县龙沙乡安丰村完全小学","杨桂香","311819198906219160","甘肃省峰县合川合肥路v座 628518","13981361099","王建军","15874348133","襄樊地球村信息有限公司","总监","2014-03-21","帮扶中","蔡鑫","1970-09-25","13910932556","阿姨","个体","西藏自治区涛县永川张街h座 477390"
"92","张磊","女","汉族","2010-07-19","331608201007199289","山东省合肥市","宁夏回族自治区想市沈河杨街F座 ","乐清市柳市沙岙小学","李静","621414197612249015","宁夏回族自治区东县高港卢街T座 883812","13402188718","刘岩","18568279218","九方传媒有限公司","总监","2014-03-21","帮扶结束","孟荣","1971-07-10","15889157271","叔叔","无业","宁夏回族自治区想市沈河杨街F座 572467"
"93","王飞","女","汉族","2008-05-06","120927200805069540","浙江省淑华市","湖南省红梅县南湖兴城路V座 ","苍南县龙沙乡安丰村完全小学","蒋宇","631008197408281381","黑龍江省宇县西夏周街j座 636263","15814669145","柳雷","13692268943","联通时科网络有限公司","公司职工","2014-03-21","帮扶结束","常娟","1978-12-13","13983477727","爷爷","个体","湖南省红梅县南湖兴城路V座 454039"
"94","魏红霞","女","汉族","2012-03-02","310604201203028404","黑龍江省杰市","湖南省香港市高港西安路N座 ","苍南县龙沙乡安丰村完全小学","刘璐","231003198806197545","江西省银川县长寿冯路Y座 135522","15212369421","杨俊","13931681920","惠派国际公司科技有限公司","总监","2014-03-21","帮扶结束","罗桂花","1960-06-26","13165670847","阿姨","职工","湖南省香港市高港西安路N座 191780"
"95","王旭","男","汉族","2009-06-24","350615200906247476","山东省潮州市","西藏自治区嘉禾县璧山沈阳街e座 ","桐乡市中山路小学","郭桂花","340526198102117429","吉林省重庆县黄浦拉萨街K座 238921","18036118743","王丽丽","13786530810","创汇传媒有限公司","公司职工","2015-07-08","帮扶结束","惠雪梅","1979-03-28","13805420689","爷爷","无业","西藏自治区嘉禾县璧山沈阳街e座 562586"
"96","陆晨","女","汉族","2013-08-30","501208201308304448","山西省张家港市","西藏自治区萍县高港宁德路S座 ","桐乡市中山路小学","晋雷","540822198011275176","河南省娟市蓟州卢街F座 820727","18613519803","袁冬梅","13867048755","快讯传媒有限公司","公司职工","2014-03-21","帮扶中","方楠","1963-01-05","15220742320","叔叔","无业","西藏自治区萍县高港宁德路S座 150224"
"97","徐淑珍","女","汉族","2008-04-21","111108200804213220","安徽省琴市","浙江省岩市海港合肥路l座 ","苍南县龙沙乡安丰村完全小学","李淑兰","320724199304291182","新疆维吾尔自治区凤英县花溪张路r座 386016","18026951827","何建国","18876334232","联软信息有限公司","公司职工","2015-07-08","帮扶结束","李宇","1978-06-14","13950783983","叔叔","职工","浙江省岩市海港合肥路l座 501144"
"98","刘杨","女","汉族","2010-03-29","651612201003295101","海南省莉市","内蒙古自治区俊县普陀罗街t座 ","桐乡市中山路小学","郑柳","510118198606029624","青海省凯市南长海口路T座 449350","13534229770","张涛","18944762840","创汇信息有限公司","总监","2015-07-08","帮扶中","曾丹","1982-10-15","18006592283","阿姨","无业","内蒙古自治区俊县普陀罗街t座 949437"
"99","李宁","男","汉族","2015-07-09","231217201507091697","湖南省洋市","广西壮族自治区玉英县清浦杭州路M座 ","苍南县龙沙乡安丰村完全小学","张帆","230324198901283701","内蒙古自治区璐市滨城莫路R座 304408","13458794535","叶磊","14512861294","菊风公司信息有限公司","总经理","2015-07-08","帮扶中","李玲","1963-05-23","14785933317","爷爷","个体","广西壮族自治区玉英县清浦杭州路M座 432906"
"100","孔利","女","汉族","2013-02-12","130321201302123084","福建省兵市","河北省哈尔滨市新城余街g座 ","苍南县龙沙乡安丰村完全小学","武丽华","710828198004018963","江西省拉萨市吉区熊路h座 633996","18063661884","曹兰英","15787642266","诺依曼软件信息有限公司","总经理","2016-10-01","帮扶结束","周成","1964-09-17","18641487246","阿姨","职工","河北省哈尔滨市新城余街g座 925064"
"101","钟利","男","汉族","2008-05-25","431324200805257058","广东省荆门市","吉林省宜都县和平王街w座 ","乐清市柳市沙岙小学","冉丽娟","441207198501209989","西藏自治区华市龙潭张路x座 926470","13323677946","薛桂英","18837549651","巨奥信息有限公司","公司职工","2014-03-21","帮扶中","何玉兰","1980-01-29","13993230822","叔叔","职工","吉林省宜都县和平王街w座 291165"
"102","张鑫","男","汉族","2007-11-02","630922200711022690","山西省拉萨市","湖南省辽阳县大东北京路P座 ","苍南县龙沙乡安丰村完全小学","叶飞","651105197611022330","安徽省想市城东宁街I座 670522","13857305913","熊秀荣","15350707170","天益科技有限公司","总监","2014-03-21","帮扶结束","彭宁","1969-03-19","15979854184","叔叔","职工","湖南省辽阳县大东北京路P座 510036"
"103","任宇","男","汉族","2012-02-10","360303201202109930","山东省利市","贵州省玉珍县上街王路g座 ","乐清市柳市沙岙小学","俞东","511307198301266297","山东省建国市大东周街Y座 220571","13420803979","傅瑞","15555781748","盟新网络有限公司","总经理","2016-10-01","帮扶中","何丽","1989-07-04","15612248925","爷爷","无业","贵州省玉珍县上街王路g座 352755"
"104","郑华","男","汉族","2007-09-15","150404200709152277","江苏省宁德市","海南省香港县海港石家庄路p座 ","桐乡市中山路小学","马建","131125198110104349","海南省华县高港廖路B座 485032","13882243810","杨萍","15634369263","恩悌科技有限公司","总监","2014-03-21","帮扶中","房洁","1963-08-09","18271956944","爷爷","个体","海南省香港县海港石家庄路p座 888130"
"105","侯梅","女","汉族","2011-07-04","130104201107049343","吉林省太原市","广西壮族自治区哈尔滨市西夏马街Z座 ","桐乡市中山路小学","黄芳","651006198308242604","贵州省帆市丰都游街a座 930104","14597137319","吴红霞","15099280394","时刻信息有限公司","总监","2016-10-01","帮扶中","梁强","1988-03-10","18009533393","爷爷","个体","广西壮族自治区哈尔滨市西夏马街Z座 254604"
"106","刘金凤","女","汉族","2012-12-23","330911201212232889","云南省建军市","新疆维吾尔自治区呼和浩特市浔阳宁德街s座 ","萧山市新湾镇共和小学","傅秀华","510615197610261696","河北省沈阳市涪城孔街P座 303151","15257079176","樊彬","15349268335","浙大万朋信息有限公司","总经理","2014-03-21","帮扶结束","曲淑珍","1966-03-28","13804805627","叔叔","无业","新疆维吾尔自治区呼和浩特市浔阳宁德街s座 935337"
"107","崔丽","女","汉族","2014-09-13","620709201409133805","四川省马鞍山市","青海省六安县涪城武汉街Y座 ","乐清市柳市沙岙小学","陈荣","370403198907254300","陕西省南宁市东丽刘路C座 803688","13890372993","韩凤兰","15082699758","创亿网络有限公司","公司职工","2015-07-08","帮扶中","王静","1973-05-16","13911886046","爷爷","个体","青海省六安县涪城武汉街Y座 949326"
"108","张桂芝","男","汉族","2012-10-29","121414201210296458","海南省刚市","新疆维吾尔自治区阜新县萧山香港街F座 ","乐清市柳市沙岙小学","周健","441804197412173797","江西省芳县清河兴城路m座 835261","15103380609","周雷","14579379171","银嘉传媒有限公司","总经理","2016-10-01","帮扶结束","胡丽丽","1970-04-26","18940380453","阿姨","无业","新疆维吾尔自治区阜新县萧山香港街F座 518873"
"109","许玉","女","汉族","2010-08-08","620124201008086348","安徽省济南市","吉林省六安市璧山兴城街O座 ","桐乡市中山路小学","孙玉华","341613199207102633","湖南省东县东城吕路p座 924313","13579192361","李凤英","18222712494","中建创业传媒有限公司","公司职工","2014-03-21","帮扶结束","阎霞","1983-12-10","18187880863","阿姨","无业","吉林省六安市璧山兴城街O座 148900"
"110","纪洋","男","汉族","2008-04-01","441514200804011453","湖南省桂芝市","江西省乌鲁木齐市长寿六安街j座 ","萧山市新湾镇共和小学","陈亮","631820197911054966","新疆维吾尔自治区燕县淄川朱路M座 946855","13380880772","马玉","18667585756","维涛科技有限公司","公司职工","2014-03-21","帮扶结束","郑雪梅","1968-06-23","13314891664","叔叔","个体","江西省乌鲁木齐市长寿六安街j座 426028"
"111","吴丹","男","汉族","2012-03-22","641528201203224215","广东省鹏市","云南省鹏市萧山巢湖街X座 ","乐清市柳市沙岙小学","段鹏","220122198010094979","广东省淑英县东丽周路k座 906869","13091394015","罗玉英","15069682392","鑫博腾飞科技有限公司","总监","2014-03-21","帮扶结束","刘霞","1973-10-25","13072589697","叔叔","职工","云南省鹏市萧山巢湖街X座 860772"
"112","曹建国","女","汉族","2009-06-28","631127200906289248","安徽省银川市","云南省合山县浔阳银川路c座 ","桐乡市中山路小学","杨桂芳","221226198110182387","江苏省坤县璧山长沙路I座 917632","13819896761","孙俊","15037865825","雨林木风计算机网络有限公司","总监","2015-07-08","帮扶结束","何颖","1978-06-26","15279937767","爷爷","无业","云南省合山县浔阳银川路c座 102961"
"113","黄玉梅","女","汉族","2008-12-08","530109200812087380","吉林省凤兰市","四川省关岭市东丽胡路l座 ","苍南县龙沙乡安丰村完全小学","杨欣","610402199306202286","西藏自治区雪梅市六枝特荆门路N座 584581","15638776901","李宁","18100147638","南康传媒有限公司","总监","2014-03-21","帮扶中","杨龙","1977-11-27","18721455297","阿姨","职工","四川省关岭市东丽胡路l座 760100"
"114","方丹","女","汉族","2010-04-02","341213201004028345","江苏省北京市","四川省潜江县安次香港路z座 ","苍南县龙沙乡安丰村完全小学","莫琴","541605197712194244","海南省宜都县永川左路g座 437997","18692791915","史健","18121045728","良诺传媒有限公司","公司职工","2015-07-08","帮扶中","陈芳","1959-11-06","18586824879","阿姨","个体","四川省潜江县安次香港路z座 500424"
"115","杨桂花","男","汉族","2011-06-27","210321201106273891","广东省福州市","河南省佛山县花溪姚路G座 ","萧山市新湾镇共和小学","齐平","610403198712148991","吉林省荣市长寿沈阳街K座 266326","13007106178","曹玉英","13003382399","凌云信息有限公司","总监","2016-10-01","帮扶结束","罗丽娟","1962-12-28","18066029103","爷爷","个体","河南省佛山县花溪姚路G座 627243"
"116","陈慧","女","汉族","2010-11-03","141524201011032564","山东省宜都市","云南省太原县城东海门街p座 ","乐清市柳市沙岙小学","黄明","130815198007203381","贵州省南宁县孝南呼和浩特街s座 609691","18239645165","辛琳","13453157938","易动力传媒有限公司","公司职工","2016-10-01","帮扶结束","林兰英","1974-07-14","13572576829","爷爷","个体","云南省太原县城东海门街p座 418938"
"117","潘晨","男","汉族","2014-12-21","360616201412215137","浙江省磊市","广西壮族自治区鹏县滨城吴街w座 ","桐乡市中山路小学","高强","510517198008279087","辽宁省玉县涪城韦路J座 166050","18228115991","张萍","15288826863","惠派国际公司信息有限公司","总经理","2016-10-01","帮扶结束","吴荣","1972-07-11","18896027415","爷爷","职工","广西壮族自治区鹏县滨城吴街w座 559822"
"118","马建国","女","汉族","2008-05-31","540905200805318404","吉林省合肥市","辽宁省建华县友好陈路D座 ","萧山市新湾镇共和小学","钟军","220521199101264379","福建省飞市西峰惠州街Y座 242259","13107896006","徐玉珍","13651185765","银嘉传媒有限公司","总经理","2015-07-08","帮扶中","郑坤","1983-08-28","13978131712","爷爷","职工","辽宁省建华县友好陈路D座 100169"
"119","陈欢","女","汉族","2015-07-09","231720201507097224","广东省北京市","西藏自治区娜市城北苏街Z座 ","桐乡市中山路小学","陈宁","231615197410132542","江西省宁县永川马鞍山路q座 623288","15973586138","钟海燕","18976741516","趋势传媒有限公司","总监","2016-10-01","帮扶结束","龚桂芝","1985-06-08","18533895832","叔叔","职工","西藏自治区娜市城北苏街Z座 653639"
"120","林玉兰","男","汉族","2014-02-17","230213201402175311","黑龍江省桂兰市","青海省东市华龙胡路z座 ","苍南县龙沙乡安丰村完全小学","罗秀梅","421626197712015396","福建省玉兰市徐汇赖街a座 694020","18701405654","郭亮","15610125263","开发区世创信息有限公司","总经理","2016-10-01","帮扶结束","陈旭","1985-07-10","13137587777","爷爷","职工","青海省东市华龙胡路z座 302042"
"121","张秀荣","女","汉族","2012-04-14","310611201204145021","四川省宜都市","江西省桂荣市西夏钟街W座 ","乐清市柳市沙岙小学","谢洁","120915197705259463","黑龍江省柳州县丰都公街X座 520139","13935731129","王桂芝","18017081619","创联世纪传媒有限公司","总监","2014-03-21","帮扶中","郑凤兰","1981-05-02","14595467594","爷爷","个体","江西省桂荣市西夏钟街W座 467396"
"122","唐秀华","女","汉族","2012-10-04","620809201210046222","贵州省琴市","贵州省柳州市怀柔兰州街T座 ","桐乡市中山路小学","何桂英","410324198602274927","陕西省桂花县秀英宜都路u座 802080","14540911442","杨玉珍","18726941479","恩悌科技有限公司","总监","2015-07-08","帮扶结束","彭娟","1973-09-28","13796548474","阿姨","无业","贵州省柳州市怀柔兰州街T座 495143"
"123","张建华","男","汉族","2010-08-04","360915201008047230","吉林省福州市","安徽省呼和浩特县东城周路T座 ","萧山市新湾镇共和小学","翟倩","540527198512044939","湖南省合山县沙湾方街E座 741969","14543006642","张平","15324551159","通际名联科技有限公司","总监","2016-10-01","帮扶结束","张健","1978-10-09","13914071708","叔叔","无业","安徽省呼和浩特县东城周路T座 688017"
"124","田洁","女","汉族","2014-07-30","110216201407305326","安徽省太原市","广西壮族自治区峰市黄浦济南路z座 ","萧山市新湾镇共和小学","何建平","220920199207271145","江苏省玉英市朝阳台北路N座 454372","15681796873","祁莉","14536235533","彩虹科技有限公司","公司职工","2014-03-21","帮扶结束","刘超","1978-05-28","18733842269","叔叔","个体","广西壮族自治区峰市黄浦济南路z座 843753"
"125","刘杨","男","汉族","2015-03-10","651304201503101596","山西省俊市","湖北省海门市合川郭街P座 ","乐清市柳市沙岙小学","李建","131307198705176407","河南省文县兴山李街k座 735361","18286139952","李海燕","15833320393","飞海科技科技有限公司","总经理","2015-07-08","帮扶中","王颖","1988-04-05","13167785542","叔叔","无业","湖北省海门市合川郭街P座 908984"
"126","张成","女","汉族","2013-07-23","121411201307239168","陕西省琳市","江苏省华市南溪海口路R座 ","乐清市柳市沙岙小学","王兵","211123198603099112","湖南省佳县永川福州街K座 153941","13363091732","张利","13921758139","信诚致远信息有限公司","总监","2014-03-21","帮扶中","刘峰","1961-09-03","18555780076","爷爷","无业","江苏省华市南溪海口路R座 238734"
"127","赵刚","男","汉族","2010-04-15","421721201004156032","辽宁省合山市","河北省金凤县高港呼和浩特街o座 ","萧山市新湾镇共和小学","刘兵","120214197903227141","陕西省雪梅县合川万路a座 843142","18167087628","顾金凤","18076763309","毕博诚传媒有限公司","公司职工","2016-10-01","帮扶中","王玉梅","1961-01-18","15910135003","阿姨","无业","河北省金凤县高港呼和浩特街o座 806545"
"128","李雷","女","汉族","2011-01-31","111003201101317327","吉林省云市","山东省秀梅县徐汇田街n座 ","苍南县龙沙乡安丰村完全小学","熊东","520810199108161991","广东省秀兰市魏都杨路t座 450352","13067686354","陈莉","18126462027","MBP软件科技有限公司","总经理","2014-03-21","帮扶中","刘博","1979-03-18","14542245356","阿姨","职工","山东省秀梅县徐汇田街n座 767772"
"129","秦娜","男","汉族","2008-11-13","620817200811135356","湖南省嘉禾市","黑龍江省建平县合川孟路P座 ","萧山市新湾镇共和小学","李瑞","640111199005231329","广西壮族自治区瑜县双滦王路w座 769192","18797293692","张洁","14569127985","图龙信息网络有限公司","总监","2015-07-08","帮扶中","崔欣","1982-02-11","18191473715","叔叔","无业","黑龍江省建平县合川孟路P座 838702"
"130","胡峰","女","汉族","2014-02-13","711417201402136262","江西省梧州市","河北省济南市永川宁德路a座 ","桐乡市中山路小学","张旭","810418198912303461","山东省想市清河汤街P座 969629","18040386303","吴淑华","13493868786","济南亿次元科技有限公司","总监","2015-07-08","帮扶中","邱桂珍","1981-05-19","15555425761","爷爷","职工","河北省济南市永川宁德路a座 981224"
"131","范桂芝","女","汉族","2009-06-06","421110200906068509","广东省西安市","河北省呼和浩特市南溪黄路N座 ","苍南县龙沙乡安丰村完全小学","郝淑英","331606198006128477","湖南省丽娟市沈河宜都街Z座 423111","18635258435","颜建华","18159168989","凌云科技有限公司","总监","2015-07-08","帮扶中","秦文","1986-08-05","15831106925","阿姨","无业","河北省呼和浩特市南溪黄路N座 452039"
"132","林丽","女","汉族","2015-02-27","510617201502274960","海南省燕市","河南省潮州市友好沈阳路X座 ","萧山市新湾镇共和小学","范桂芝","611319198003304136","浙江省乌鲁木齐市新城昆明路u座 585099","18894827744","李建平","15146014224","济南亿次元网络有限公司","总监","2015-07-08","帮扶中","刘博","1965-06-07","13613951694","阿姨","个体","河南省潮州市友好沈阳路X座 632811"
"133","陈涛","男","汉族","2011-01-27","130528201101276953","江苏省永安市","内蒙古自治区辛集市房山潮州路M座 ","萧山市新湾镇共和小学","张文","130116197705233880","青海省平市清河东莞街n座 798710","13361619207","邱敏","13585905318","诺依曼软件传媒有限公司","总监","2014-03-21","帮扶中","廖坤","1967-01-05","15178450176","阿姨","无业","内蒙古自治区辛集市房山潮州路M座 382457"
"134","钟华","女","汉族","2008-08-14","541711200808143764","贵州省娟市","宁夏回族自治区沈阳市城东巢湖街C座 ","桐乡市中山路小学","余欢","211410199106192419","湖北省海门县高明沈阳街l座 842809","14516535532","温鹏","13238723615","东方峻景信息有限公司","总监","2014-03-21","帮扶中","潘玉兰","1975-10-24","15834381441","叔叔","个体","宁夏回族自治区沈阳市城东巢湖街C座 185379"
"135","李丹","女","汉族","2014-07-29","331505201407297041","湖南省沈阳市","贵州省芳市南湖萧街W座 ","桐乡市中山路小学","杨飞","141726199201167110","湖南省张家港县清浦吴街f座 768288","13305446923","吴帅","13450712060","天开信息有限公司","总经理","2014-03-21","帮扶中","吕秀梅","1988-10-14","13674701869","爷爷","无业","贵州省芳市南湖萧街W座 371431"
"136","刘凤英","女","汉族","2015-07-14","320108201507143186","江西省鑫市","山东省长春县沈河田街N座 ","乐清市柳市沙岙小学","郭桂荣","370814197908189190","河南省春梅县大东徐路J座 737602","14571276830","寇冬梅","13925557160","创亿网络有限公司","公司职工","2014-03-21","帮扶中","何玉","1977-07-02","18701384274","叔叔","个体","山东省长春县沈河田街N座 314962"
"137","吴利","男","汉族","2008-10-18","521314200810183539","山西省兵市","黑龍江省洁市江北陈街e座 ","萧山市新湾镇共和小学","刘鹏","451423198408172322","陕西省建平市孝南福州路N座 351072","13471989268","陈峰","15215790412","易动力信息有限公司","总监","2016-10-01","帮扶中","谭林","1969-10-18","18195797517","爷爷","个体","黑龍江省洁市江北陈街e座 269609"
"138","刘雪梅","男","汉族","2013-07-22","351524201307224091","湖北省桂芳市","贵州省海口市滨城马鞍山路M座 ","苍南县龙沙乡安丰村完全小学","杨秀芳","150720198908098229","新疆维吾尔自治区霞市西夏刘街S座 825537","15140646331","王秀华","13385779034","泰麒麟网络有限公司","总监","2016-10-01","帮扶中","陆云","1977-12-28","13768232766","爷爷","职工","贵州省海口市滨城马鞍山路M座 736751"
"139","卿梅","男","汉族","2013-12-16","440819201312168276","河北省桂荣市","安徽省辛集市萧山太原街F座 ","苍南县龙沙乡安丰村完全小学","朱龙","461328199301277217","四川省秀云市沙湾孙路q座 883642","13146488732","刘慧","13960135652","合联电子网络有限公司","公司职工","2016-10-01","帮扶中","王玲","1978-11-22","14723033933","爷爷","职工","安徽省辛集市萧山太原街F座 300995"
"140","倪佳","女","汉族","2010-02-15","640403201002152425","江西省兴安盟市","云南省兴城县涪城谭路b座 ","苍南县龙沙乡安丰村完全小学","谢桂芝","140511199011118865","湖北省桂香市金平南宁路D座 429806","15820782121","林秀芳","14580549509","太极传媒有限公司","总监","2015-07-08","帮扶结束","李坤","1980-06-01","13915820214","阿姨","个体","云南省兴城县涪城谭路b座 709547"
"141","易玉兰","男","汉族","2014-08-05","501621201408057852","湖北省南昌市","广东省六安市淄川刘街f座 ","苍南县龙沙乡安丰村完全小学","吴伟","211006198101303601","福建省沈阳县静安乌鲁木齐路W座 104150","15504523459","柯利","18107800932","黄石金承信息有限公司","总监","2016-10-01","帮扶结束","王志强","1961-01-16","15227913613","爷爷","职工","广东省六安市淄川刘街f座 306134"
"142","丁帆","女","汉族","2007-09-27","430327200709273488","江西省静市","浙江省呼和浩特市永川银川街d座 ","苍南县龙沙乡安丰村完全小学","黄勇","131801197912049024","云南省张家港市南长郑街o座 176960","13899648039","和桂英","15753921018","趋势信息有限公司","总监","2014-03-21","帮扶结束","林雪梅","1965-06-22","15990501497","爷爷","个体","浙江省呼和浩特市永川银川街d座 376107"
"143","傅建军","男","汉族","2011-08-18","221708201108185951","浙江省淮安市","内蒙古自治区台北县西夏李路S座 ","乐清市柳市沙岙小学","刘秀云","150527197412119024","西藏自治区南京市大兴苏街g座 663090","18660091838","吴帆","18920726255","群英信息有限公司","总监","2015-07-08","帮扶结束","韩玉英","1962-05-19","13512863790","阿姨","个体","内蒙古自治区台北县西夏李路S座 394005"
"144","陈慧","女","汉族","2015-05-20","711318201505201463","安徽省海口市","辽宁省秀英市秀英武汉路L座 ","乐清市柳市沙岙小学","刘文","361122197602297232","四川省超县孝南金路n座 889048","15388424061","李丹丹","13283696309","创汇传媒有限公司","总经理","2016-10-01","帮扶中","徐鹏","1984-11-18","18721063292","叔叔","职工","辽宁省秀英市秀英武汉路L座 953748"
"145","任浩","女","汉族","2015-07-04","441307201507043569","福建省彬市","内蒙古自治区东莞县城北周街E座 ","乐清市柳市沙岙小学","胡帅","231103197606038678","山东省秀梅县合川李路V座 615174","15202001452","郭鹏","13915974773","信诚致远信息有限公司","公司职工","2014-03-21","帮扶结束","王敏","1975-04-24","14568135614","爷爷","无业","内蒙古自治区东莞县城北周街E座 624148"
"146","姚春梅","男","汉族","2010-04-17","360816201004174930","安徽省阜新市","新疆维吾尔自治区勇县南溪昆明路d座 ","桐乡市中山路小学","张志强","230911197809055642","广西壮族自治区北京县滨城杨街k座 961579","18588761128","黄利","18220791076","时空盒数字传媒有限公司","总经理","2016-10-01","帮扶结束","曾霞","1982-12-31","18090507028","阿姨","职工","新疆维吾尔自治区勇县南溪昆明路d座 118291"
"147","项淑英","女","汉族","2011-12-07","311624201112074744","四川省红梅市","福建省六盘水市沙湾乌鲁木齐路F座 ","乐清市柳市沙岙小学","刘岩","231508198809155401","山西省洁市海港嘉禾街J座 374486","13697859198","葛磊","15732584747","MBP软件科技有限公司","总监","2015-07-08","帮扶结束","雷军","1961-06-08","13817605193","阿姨","职工","福建省六盘水市沙湾乌鲁木齐路F座 262357"
"148","石琴","女","汉族","2012-01-24","610508201201243464","广东省想市","河北省乌鲁木齐市朝阳黄街q座 ","桐乡市中山路小学","沙小红","150618198407024579","江苏省兰英县黄浦韩街F座 379933","13515143906","甘琳","15273979406","和泰科技有限公司","公司职工","2015-07-08","帮扶中","华桂荣","1977-07-28","18077563039","叔叔","个体","河北省乌鲁木齐市朝阳黄街q座 605488"
"149","刘金凤","男","汉族","2008-01-12","340419200801123816","黑龍江省璐市","福建省昆明县朝阳陈路o座 ","苍南县龙沙乡安丰村完全小学","曾文","331424197708119335","浙江省佛山县牧野冯路D座 808943","15979649985","滕瑜","15105454444","昊嘉信息有限公司","总经理","2016-10-01","帮扶结束","王秀英","1966-07-30","13406562677","爷爷","无业","福建省昆明县朝阳陈路o座 248164"
"150","廖兰英","女","汉族","2008-01-07","440625200801073189","湖南省重庆市","山西省东县清浦梅街S座 ","乐清市柳市沙岙小学","陈桂花","620101197905227215","陕西省英市黄浦梧州路K座 661854","15831927823","吴建平","13232584872","中建创业传媒有限公司","总经理","2014-03-21","帮扶结束","杨荣","1969-11-06","15752455441","阿姨","职工","山西省东县清浦梅街S座 852607"
"151","邓宁","男","汉族","2014-05-06","440918201405062510","四川省马鞍山市","黑龍江省汕尾县门头沟唐路C座 ","苍南县龙沙乡安丰村完全小学","夏华","650804198205276475","湖北省沈阳县沈北新王路M座 369259","14566689043","翟萍","15266842016","恒聪百汇信息有限公司","公司职工","2015-07-08","帮扶中","张亮","1983-06-17","13144145886","叔叔","个体","黑龍江省汕尾县门头沟唐路C座 712481"
"152","陈东","男","汉族","2008-05-29","371218200805297375","河北省潜江市","吉林省晨市大兴潜江路D座 ","苍南县龙沙乡安丰村完全小学","吴志强","361326198204243895","青海省凤英县城北通辽街H座 316614","14789440321","潘燕","15060322810","华泰通安网络有限公司","总监","2016-10-01","帮扶结束","孙晨","1978-08-28","15516715904","爷爷","无业","吉林省晨市大兴潜江路D座 520411"
"153","任丹","男","汉族","2009-11-19","710801200911194499","江西省大冶市","西藏自治区玲县兴山李路L座 ","苍南县龙沙乡安丰村完全小学","张帆","530803198911209029","黑龍江省伟市南溪葛街O座 953925","14780652446","朱云","13366676397","群英传媒有限公司","总经理","2016-10-01","帮扶结束","黄鹏","1989-04-04","18757578172","阿姨","职工","西藏自治区玲县兴山李路L座 918447"
"154","姜静","男","汉族","2007-09-11","221812200709117638","浙江省北镇市","陕西省沈阳县滨城成都街d座 ","乐清市柳市沙岙小学","傅艳","231611198706094895","广东省宇县涪城杨街q座 984494","15049431552","陈强","18269221956","明腾传媒有限公司","公司职工","2016-10-01","帮扶中","王云","1960-08-27","15076018256","叔叔","无业","陕西省沈阳县滨城成都街d座 862300"
"155","耿秀珍","女","汉族","2015-02-27","451620201502275229","海南省雪梅市","四川省荆门县静安荆门街t座 ","桐乡市中山路小学","杨建国","630212197910103550","江西省重庆县沙湾南昌路d座 511213","18742381798","孙娜","15066600308","飞利信传媒有限公司","总经理","2015-07-08","帮扶结束","林桂香","1986-01-31","18901019457","叔叔","职工","四川省荆门县静安荆门街t座 268409"
"156","田超","男","汉族","2011-11-04","220926201111048472","安徽省石家庄市","内蒙古自治区桂花县闵行郑路T座 ","桐乡市中山路小学","杨楠","431417198302064524","青海省璐市清城南昌路I座 886337","15177288772","刘宁","13416220811","时空盒数字传媒有限公司","总监","2016-10-01","帮扶结束","艾楠","1970-11-03","13765269903","爷爷","职工","内蒙古自治区桂花县闵行郑路T座 770198"
"157","陈敏","女","汉族","2007-09-05","640816200709057527","辽宁省合肥市","湖南省金凤县西夏武汉街U座 ","桐乡市中山路小学","贾敏","230503198403056183","河北省桂花市普陀阜新街l座 655188","18110938322","刘利","14593757708","网新恒天科技有限公司","总经理","2014-03-21","帮扶中","李雪","1977-12-04","15165171750","阿姨","个体","湖南省金凤县西夏武汉街U座 563093"
"158","谭秀珍","男","汉族","2014-06-07","631812201406074871","贵州省莉市","广西壮族自治区石家庄市友好宁德路I座 ","乐清市柳市沙岙小学","钟华","321517198211142159","黑龍江省秀兰县房山汕尾街J座 531729","18194071486","刘秀荣","13004701054","毕博诚科技有限公司","总经理","2015-07-08","帮扶结束","张华","1974-05-08","15279554248","叔叔","无业","广西壮族自治区石家庄市友好宁德路I座 727625"
"159","徐欣","女","汉族","2011-04-03","510211201104035062","湖南省海门市","浙江省西安市海陵广州路k座 ","苍南县龙沙乡安丰村完全小学","冯冬梅","641224197909247397","湖北省辉市花溪袁路A座 834764","15537311228","陈浩","15025222824","创联世纪网络有限公司","总经理","2016-10-01","帮扶结束","史婷","1981-12-12","15651247736","叔叔","无业","浙江省西安市海陵广州路k座 802912"
"160","孙霞","男","汉族","2013-08-02","120811201308026254","山西省潮州市","陕西省柳州市沙湾蒋街G座 ","萧山市新湾镇共和小学","赵波","451322198607131385","陕西省济南县友好胡街J座 280096","13665956353","贾利","13907272523","菊风公司网络有限公司","总经理","2016-10-01","帮扶中","谢敏","1975-07-26","15907051042","阿姨","无业","陕西省柳州市沙湾蒋街G座 590341"
"161","顾静","男","汉族","2010-02-06","811426201002067657","陕西省齐齐哈尔市","安徽省红县沙湾嘉禾街e座 ","桐乡市中山路小学","陈玉英","420811198305055436","河北省齐齐哈尔市合川张街r座 670905","15847219379","刘琴","13052637942","方正科技信息有限公司","总经理","2016-10-01","帮扶中","彭桂香","1980-06-04","15234235250","叔叔","职工","安徽省红县沙湾嘉禾街e座 346191"
"162","王柳","男","汉族","2008-03-24","500613200803242433","安徽省郑州市","贵州省张家港市东丽燕街V座 ","乐清市柳市沙岙小学","方秀兰","311512199105263076","黑龍江省丹丹市江北吴路c座 835034","18693092523","李婷婷","15048547048","菊风公司信息有限公司","总监","2014-03-21","帮扶中","刘凤兰","1986-10-23","13725506376","阿姨","无业","贵州省张家港市东丽燕街V座 106293"
"163","董凤英","女","汉族","2011-10-03","321021201110038262","青海省秀荣市","青海省杰市涪城岑路e座 ","桐乡市中山路小学","张柳","231615199302259625","浙江省丽华县锡山戴街t座 284117","15509587248","罗春梅","15605384924","商软冠联网络有限公司","公司职工","2015-07-08","帮扶结束","林秀兰","1972-09-29","13922063003","叔叔","职工","青海省杰市涪城岑路e座 362865"
"164","穆伟","男","汉族","2008-10-14","220703200810142038","江西省广州市","广西壮族自治区燕市东丽海门街n座 ","桐乡市中山路小学","何鹏","320720199111026942","河北省雷市南长邓路I座 247994","13820191349","赵淑英","14792608225","超艺传媒有限公司","总监","2015-07-08","帮扶结束","刘伟","1976-06-23","18092693818","爷爷","无业","广西壮族自治区燕市东丽海门街n座 684355"
"165","廖英","女","汉族","2014-05-02","310924201405023668","河南省合山市","贵州省英市浔阳潜江路w座 ","乐清市柳市沙岙小学","况坤","500421199010113296","湖北省南宁县沈河高街r座 972119","18812833933","吴建国","13383284815","超艺网络有限公司","公司职工","2015-07-08","帮扶中","黄玉英","1968-01-19","18939580395","叔叔","个体","贵州省英市浔阳潜江路w座 678398"
"166","王阳","女","汉族","2013-01-29","141315201301296444","安徽省东市","云南省建国市吉区长沙街q座 ","乐清市柳市沙岙小学","江婷","440614199108143625","湖南省宁德县涪城杨街m座 616316","13048758054","李欣","15319493282","鸿睿思博传媒有限公司","公司职工","2015-07-08","帮扶结束","兰桂荣","1987-03-14","18637737020","叔叔","无业","云南省建国市吉区长沙街q座 739327"
"167","陈阳","女","汉族","2012-07-03","150512201207033887","云南省娟市","黑龍江省明市牧野海口街q座 ","乐清市柳市沙岙小学","黄博","541421198610099889","辽宁省沈阳市白云南宁街w座 247162","18777695640","王杰","13534293551","商软冠联信息有限公司","公司职工","2016-10-01","帮扶结束","赵淑兰","1975-11-05","13642996013","爷爷","个体","黑龍江省明市牧野海口街q座 975603"
"168","戴建国","男","汉族","2009-01-10","461309200901106914","陕西省南宁市","海南省西宁市山亭陈路t座 ","萧山市新湾镇共和小学","张勇","151319197609226706","广东省北镇市西峰汪路x座 629094","18162976753","毛丽丽","15156814570","新宇龙信息传媒有限公司","总监","2014-03-21","帮扶中","张浩","1986-12-11","14571040300","阿姨","职工","海南省西宁市山亭陈路t座 661567"
"169","唐成","女","汉族","2008-07-11","651209200807111564","辽宁省东市","江西省鹏市六枝特南昌路s座 ","桐乡市中山路小学","曹辉","130306198702188681","湖南省合山县高坪深圳路C座 769378","18957192799","谢桂芳","13092267000","兰金电子网络有限公司","总监","2016-10-01","帮扶结束","张萍","1989-01-12","15191036228","叔叔","个体","江西省鹏市六枝特南昌路s座 737303"
"170","刘东","女","汉族","2010-07-03","320501201007033327","云南省通辽市","西藏自治区强县秀英成都街E座 ","桐乡市中山路小学","李海燕","811719198310143466","青海省嘉禾市西峰济南路u座 391448","18264646229","邱辉","15284923488","国讯网络有限公司","总经理","2014-03-21","帮扶结束","郑丽娟","1972-02-24","18898025507","爷爷","个体","西藏自治区强县秀英成都街E座 383483"
"171","孙文","男","汉族","2007-09-04","371805200709048116","甘肃省巢湖市","广东省西宁市东丽周街T座 ","萧山市新湾镇共和小学","徐建国","461815198501233348","江苏省波市沙市陶路x座 328360","13853726795","陈成","15561308561","巨奥信息有限公司","公司职工","2016-10-01","帮扶中","胡丽娟","1969-05-05","13411558808","阿姨","职工","广东省西宁市东丽周街T座 875277"
"172","龚楠","女","汉族","2015-07-02","651716201507024220","云南省倩市","广西壮族自治区阳县永川潮州街e座 ","桐乡市中山路小学","宋桂荣","630312198806204143","安徽省广州市闵行孟路o座 303985","14524396065","王宁","13110684385","七喜传媒有限公司","总监","2014-03-21","帮扶中","李平","1981-10-09","13911165330","阿姨","无业","广西壮族自治区阳县永川潮州街e座 272441"
"173","梁旭","女","汉族","2013-04-28","140611201304284048","浙江省马鞍山市","湖北省沈阳市浔阳辛集路U座 ","苍南县龙沙乡安丰村完全小学","蒋玉","230503197708214008","陕西省潮州市蓟州顾街T座 847654","13158426548","郭秀珍","18831444737","MBP软件信息有限公司","总监","2014-03-21","帮扶中","姜娜","1964-05-09","14530150884","叔叔","个体","湖北省沈阳市浔阳辛集路U座 896357"
"174","关浩","女","汉族","2008-04-10","511520200804107147","黑龍江省秀梅市","西藏自治区丹丹市吉区魏路V座 ","苍南县龙沙乡安丰村完全小学","张璐","230511198909223410","广东省强县平山西宁路F座 537734","15300616992","周建华","18873975196","鑫博腾飞科技有限公司","公司职工","2016-10-01","帮扶结束","何秀荣","1984-10-01","15230926059","阿姨","无业","西藏自治区丹丹市吉区魏路V座 986668"
"175","张建","女","汉族","2013-01-02","110710201301021306","黑龍江省帅市","山西省澳门县淄川佛山街B座 ","乐清市柳市沙岙小学","范燕","370211197908197406","宁夏回族自治区呼和浩特县花溪陈街o座 484083","15355737225","王艳","15970602498","恒聪百汇网络有限公司","总监","2014-03-21","帮扶中","邓彬","1965-09-15","18014923325","阿姨","职工","山西省澳门县淄川佛山街B座 237502"
"176","傅龙","女","汉族","2012-03-01","211418201203015924","江西省桂芳市","海南省娟县徐汇武汉路P座 ","桐乡市中山路小学","陈莉","540819198805277191","广东省柳州县安次拉萨街B座 394875","13448112398","何东","15262305604","盟新传媒有限公司","总监","2014-03-21","帮扶结束","彭霞","1987-01-15","15866583377","阿姨","无业","海南省娟县徐汇武汉路P座 476099"
"177","杜桂芝","女","汉族","2008-10-31","130228200810317807","江苏省佛山市","海南省玉珍县山亭辽阳路Y座 ","苍南县龙沙乡安丰村完全小学","刘兵","430720198804093248","山西省莹县吉区六安街a座 220705","14575536501","戴丽娟","13478448157","双敏电子科技有限公司","公司职工","2014-03-21","帮扶结束","易桂芝","1962-02-03","15550304872","爷爷","个体","海南省玉珍县山亭辽阳路Y座 440940"
"178","杨刚","男","汉族","2011-12-28","501107201112287552","四川省超市","内蒙古自治区莹县海陵石家庄街M座 ","苍南县龙沙乡安丰村完全小学","宋磊","331410198101289131","内蒙古自治区合肥县怀柔张路t座 472747","18668819894","李瑜","15363130278","飞海科技科技有限公司","公司职工","2014-03-21","帮扶中","何秀珍","1960-02-14","18178334751","爷爷","无业","内蒙古自治区莹县海陵石家庄街M座 995114"
"179","贾玉华","男","汉族","2007-09-23","710103200709237477","辽宁省潮州市","新疆维吾尔自治区晶县黄浦曹路V座 ","萧山市新湾镇共和小学","闻萍","420302198210028180","新疆维吾尔自治区宁德县怀柔银川路Z座 292332","18752045587","冯凤兰","13626684530","华远软件科技有限公司","公司职工","2016-10-01","帮扶结束","蒋静","1962-12-24","13809089730","叔叔","个体","新疆维吾尔自治区晶县黄浦曹路V座 381880"
"180","胡秀兰","女","汉族","2011-10-18","710826201110185002","福建省嘉禾市","新疆维吾尔自治区建军县兴山李路i座 ","桐乡市中山路小学","李瑞","511607198805078310","湖南省台北市闵行深圳街X座 588020","18556978482","郑玉华","15929485122","佳禾信息有限公司","公司职工","2015-07-08","帮扶中","孙秀芳","1964-03-27","15159802042","爷爷","个体","新疆维吾尔自治区建军县兴山李路i座 839650"
"181","鹿桂英","女","汉族","2009-03-24","450424200903241963","广东省云市","浙江省永安市长寿六盘水路t座 ","苍南县龙沙乡安丰村完全小学","赵伟","630701197803239498","甘肃省齐齐哈尔市蓟州澳门街V座 287824","18853745661","周鑫","13938931418","恩悌网络有限公司","公司职工","2014-03-21","帮扶中","唐莉","1962-05-03","13269661637","爷爷","无业","浙江省永安市长寿六盘水路t座 883939"
"182","郑萍","男","汉族","2007-10-07","131321200710075215","江西省燕市","山东省惠州市平山张路u座 ","乐清市柳市沙岙小学","屈秀芳","151814198104165814","云南省巢湖市沈河六安街W座 262927","13807502800","洪凤兰","18804645642","联通时科科技有限公司","总监","2016-10-01","帮扶结束","张建","1982-09-04","15661466631","爷爷","个体","山东省惠州市平山张路u座 242319"
"183","陈桂荣","男","汉族","2014-05-19","211816201405197355","江苏省潮州市","河南省永安县淄川张街U座 ","萧山市新湾镇共和小学","周文","501817198004047268","新疆维吾尔自治区玉县安次上海街X座 296455","18774334943","陈宇","13704877550","艾提科信科技有限公司","总监","2016-10-01","帮扶结束","张小红","1987-01-16","15950118004","爷爷","无业","河南省永安县淄川张街U座 430771"
"184","史金凤","女","汉族","2011-01-28","531023201101281240","吉林省宇市","西藏自治区楠市西峰朱路E座 ","萧山市新湾镇共和小学","罗春梅","210127198204231729","广西壮族自治区太原县沈河郑州街e座 394245","18874924663","李丽丽","15251816215","华成育卓网络有限公司","公司职工","2016-10-01","帮扶中","王秀兰","1967-09-02","15331538684","阿姨","个体","西藏自治区楠市西峰朱路E座 600684"
"185","张凤兰","男","汉族","2008-08-15","500401200808153037","湖南省兰英市","河北省永安县魏都聂路y座 ","苍南县龙沙乡安丰村完全小学","傅丽丽","120906197808305367","新疆维吾尔自治区南昌县高明莫路U座 855044","15379632502","段婷","18597580215","四通网络有限公司","总监","2014-03-21","帮扶结束","刘建军","1967-02-10","13281204057","叔叔","职工","河北省永安县魏都聂路y座 238996"
"186","贾辉","女","汉族","2014-04-25","440320201404258348","福建省淮安市","河北省深圳市海港济南路w座 ","乐清市柳市沙岙小学","王宁","530508198502123196","浙江省旭市长寿张街H座 990051","18577660283","汪凤兰","15967679996","易动力信息有限公司","总监","2014-03-21","帮扶中","陈春梅","1974-09-30","13032926549","叔叔","无业","河北省深圳市海港济南路w座 664689"
"187","安瑜","女","汉族","2012-12-22","141816201212224924","山东省贵阳市","广西壮族自治区平县璧山张路X座 ","萧山市新湾镇共和小学","臧淑珍","640320198712103603","新疆维吾尔自治区成都县花溪兴安盟路u座 136002","18674603346","郭凤英","14583979266","昊嘉传媒有限公司","总经理","2016-10-01","帮扶结束","凌玲","1965-10-11","13479280991","爷爷","职工","广西壮族自治区平县璧山张路X座 536194"
"188","明桂花","女","汉族","2009-01-14","511614200901144745","云南省沈阳市","西藏自治区北京市金平通辽路H座 ","乐清市柳市沙岙小学","覃秀英","120305198512101694","陕西省建平县梁平欧阳街f座 130123","15927328035","王燕","15637072561","雨林木风计算机网络有限公司","总监","2014-03-21","帮扶结束","张春梅","1961-05-30","13419644345","叔叔","无业","西藏自治区北京市金平通辽路H座 307987"
"189","杨桂芳","女","汉族","2010-11-24","321306201011245746","山西省长春市","陕西省长沙市上街郑街A座 ","桐乡市中山路小学","夏宁","620817198404265280","河南省磊县黄浦李街s座 616929","13156112080","刘婷婷","13401129846","浦华众城科技有限公司","总监","2015-07-08","帮扶中","王燕","1962-01-30","13911205570","阿姨","无业","陕西省长沙市上街郑街A座 601863"
"190","崔平","女","汉族","2010-03-08","440204201003082744","浙江省超市","江苏省海燕市西峰呼和浩特街O座 ","苍南县龙沙乡安丰村完全小学","冯倩","421619198011295063","江苏省红霞县安次林路v座 518878","13357052155","杨博","15398396895","群英科技有限公司","公司职工","2016-10-01","帮扶结束","雷帅","1967-11-23","18250901516","爷爷","无业","江苏省海燕市西峰呼和浩特街O座 692458"
"191","覃霞","女","汉族","2012-07-18","811328201207189300","云南省军县沙市","湖南省丽丽县西峰张路I座 ","萧山市新湾镇共和小学","邓瑞","111814198006101350","浙江省宜都市翔安潮州路y座 246952","15121427569","李利","13610566213","华成育卓科技有限公司","总经理","2014-03-21","帮扶中","马健","1968-09-24","18560285741","叔叔","无业","湖南省丽丽县西峰张路I座 916288"
"192","马柳","男","汉族","2013-05-22","621227201305225714","福建省丹市","四川省荆门市花溪柳州路q座 ","萧山市新湾镇共和小学","常桂芝","320406198110047334","四川省上海县友好拉萨街O座 950552","13119223995","刘桂香","15835960696","图龙信息传媒有限公司","公司职工","2014-03-21","帮扶结束","廖军","1963-07-06","13403745079","叔叔","无业","四川省荆门市花溪柳州路q座 605830"
"193","夏霞","男","汉族","2013-09-01","341002201309013690","四川省呼和浩特市","宁夏回族自治区霞市安次辛集路h座 ","乐清市柳市沙岙小学","许秀英","640312198506088587","安徽省欣县蓟州洪路U座 187373","13245792814","许瑜","14508790523","创亿信息有限公司","公司职工","2014-03-21","帮扶结束","程丹","1981-09-13","18006110032","叔叔","职工","宁夏回族自治区霞市安次辛集路h座 282376"
"194","蔡金凤","男","汉族","2010-12-18","811411201012186690","辽宁省齐齐哈尔市","四川省浩县新城胡街q座 ","桐乡市中山路小学","盛彬","130512197508118226","河南省萍市门头沟广州街v座 724656","14569710972","张海燕","18145568473","MBP软件信息有限公司","总经理","2014-03-21","帮扶中","孟英","1966-03-12","14779789627","爷爷","职工","四川省浩县新城胡街q座 520383"
"195","戚畅","女","汉族","2010-09-12","631719201009128509","安徽省畅市","辽宁省合山县六枝特上海路G座 ","桐乡市中山路小学","马畅","140116198503112710","陕西省台北县东丽杨路V座 807919","15980219260","陈龙","18009668013","创汇传媒有限公司","总监","2016-10-01","帮扶结束","陈帆","1974-04-21","15692820199","阿姨","职工","辽宁省合山县六枝特上海路G座 171343"
"196","郭林","女","汉族","2008-07-09","410523200807091608","甘肃省长沙市","辽宁省阳市沈河银川路K座 ","乐清市柳市沙岙小学","龙杨","351217199101227208","西藏自治区柳市双滦荆门路t座 212986","15856855379","潘玉珍","18801568639","易动力信息有限公司","总监","2015-07-08","帮扶中","聂莹","1973-08-07","18208983938","阿姨","职工","辽宁省阳市沈河银川路K座 655020"
"197","林佳","女","汉族","2008-03-07","501516200803075565","贵州省海口市","江苏省桂珍县海港辛集街I座 ","乐清市柳市沙岙小学","杨婷","350219199011135938","浙江省贵阳市兴山南昌路w座 963643","18259849903","叶东","18936096950","万迅电脑信息有限公司","总监","2016-10-01","帮扶结束","刘琴","1981-08-07","18807237953","阿姨","无业","江苏省桂珍县海港辛集街I座 434136"
"198","李兵","男","汉族","2009-11-17","361212200911171577","浙江省邯郸市","西藏自治区坤市城东石家庄路L座 ","乐清市柳市沙岙小学","林秀珍","351410198906308334","宁夏回族自治区宜都市南长周街m座 654151","14545371724","蓝丹丹","18556759362","黄石金承信息有限公司","总经理","2014-03-21","帮扶中","黄倩","1989-03-20","13435529247","阿姨","无业","西藏自治区坤市城东石家庄路L座 134942"
"199","李桂花","女","汉族","2015-05-28","311005201505285667","河南省桂香市","江苏省荆门县白云谢路w座 ","萧山市新湾镇共和小学","李博","331113198207217529","内蒙古自治区宁德县清城耿路G座 168005","13854977272","陈阳","13308177736","七喜科技有限公司","公司职工","2016-10-01","帮扶结束","陈阳","1986-06-24","14585267773","爷爷","职工","江苏省荆门县白云谢路w座 523948"
"200","朱瑞","女","汉族","2008-07-16","340124200807165182","安徽省长沙市","甘肃省南昌县徐汇海口街i座 ","萧山市新湾镇共和小学","马淑珍","231812199009234339","新疆维吾尔自治区梅市永川崔路o座 833469","18070402397","黄杨","14566912193","商软冠联网络有限公司","总经理","2015-07-08","帮扶中","王斌","1964-07-07","14712453184","阿姨","个体","甘肃省南昌县徐汇海口街i座 742659"
