"1","黄泰诚","410213197706204726","天津市华远好天地商业中心37号楼3层301室","天津市华远好天地商业中心37号楼3层301室","屈顺鸣","360817197005214461","杜枫枝","110414199304041713","未按照规定期限申报办理纳税申报","湘潭市税务机关","对你单位应扣未扣个人所得税税款处1.1倍的罚款41140.00元","2014-03-07","湘潭市湘潭县地方税务局","湘潭市税务局"
"2","计锦","141318198407217820","四川省攀枝花市站前街8号院","四川省攀枝花市站前街8号院","袁亨","610627198103037593","曹琛","130628198003226966","未按照规定开具发票","沧州市税务机关","补缴教育费附加计286530.99元","2015-04-01","沧州市肃宁县地方税务局","沧州市税务局"
"3","蔡健","461419197507152565","重庆市文慧园西路内100米","重庆市文慧园西路内100米","段瑗","330204198006043632","沈羽妹","510111199304095873","未按照规定期限申报办理税务登记","鞍山市税务机关","对你单位未按规定申报缴纳的税款按日加收万分之五的滞纳金共计27043670.70元","2017-02-14","鞍山市立山区地方税务局","鞍山市税务局"
"4","车英育","310622197908294654","黑龙江省齐齐哈尔市民旺北胡同民旺园","黑龙江省齐齐哈尔市民旺北胡同民旺园","常永富","410604198611273031","孟桂芬","221505199606196488","未按照规定期限申报办理税务变更","鞍山市税务机关","补缴教育费附加计286530.99元","2013-06-27","鞍山市铁西区地方税务局","鞍山市税务局"
"5","穆敬","500106199609171434","天津市立汤路与立军路交汇处西南角","天津市立汤路与立军路交汇处西南角","甄瑗嘉","230702199003188119","宋冠武","441724198201087572","未按照规定期限申报办理税务登记","开封市税务机关","补缴2011年度企业所得税计133283286.83元","2012-04-26","开封市龙亭区地方税务局","开封市税务局"
"6","方馨","120310198208098565","广东省广州市毛纺西小区旁","广东省广州市毛纺西小区旁","韦真","130406197909014058","袁瑾锦","421827197205303972","未按照规定领购发票","阳泉市税务机关","补缴城市维护建设税计477551.67元","2013-10-23","阳泉市城区地方税务局","阳泉市税务局"
"7","熊希韵","360124197207274273","山西省忻州市百子湾桥西一百米路北","山西省忻州市百子湾桥西一百米路北","柳莎","411409199504218540","项山","610102197203226452","伪造发票","苏州市税务机关","补缴2011年度企业所得税计133283286.83元","2012-11-07","苏州市虎丘区地方税务局","苏州市税务局"
"8","廉固龙","441808198203089222","辽宁省本溪市良乡镇北潞园小区","辽宁省本溪市良乡镇北潞园小区","樊蓉倩","130413198703274285","苏素雪","411825198410015412","未按照规定期限代扣、代缴税款报告表和有关资料","合肥市税务机关","补缴2011年度企业所得税计133283286.83元","2012-03-13","合肥市肥西县地方税务局","合肥市税务局"
"9","邓纨","311406198608133017","云南省曲靖市南环路53号悦荟万科广场B1","云南省曲靖市南环路53号悦荟万科广场B1","戴玉","130506199512162795","邹冰娴","371520197004295252","未按照规定期限申报办理纳税申报","衡水市税务机关","补缴教育费附加计286530.99元","2015-10-28","衡水市武邑县地方税务局","衡水市税务局"
"10","汪武","220902199403191319","湖南省长沙市开放路113号南四层609室","湖南省长沙市开放路113号南四层609室","俞海富","210826198801269111","卫霞贞","440715199101155174","未按规定足额申报缴纳营业税金及附加","济南市税务机关","对你单位应扣未扣个人所得税税款处1.1倍的罚款41140.00元","2017-07-07","济南市历下区地方税务局","济南市税务局"
"11","左心","130417199505249698","重庆市广安门外车站西街一号院底商","重庆市广安门外车站西街一号院底商","蓝刚","311805199103139523","殷梅","310103198510133602","未按规定申报缴纳营业税金及附加","广州市税务机关","补缴城市维护建设税计477551.67元","2012-02-18","广州市海珠区地方税务局","广州市税务局"
"12","侯瑞桂","211107198812148136","山东省东营市青年沟路西50米","山东省东营市青年沟路西50米","宁荔","230110198112209375","樊瑗","371809197102223428","未按照规定领购发票","齐齐哈尔市税务机关","补缴城市维护建设税计477551.67元","2016-11-15","齐齐哈尔市建华区地方税务局","齐齐哈尔市税务局"
"13","鲁海政","310321197103166005","湖北省宜昌市朝阳北路青年汇104号楼底商102","湖北省宜昌市朝阳北路青年汇104号楼底商102","皮龙坚","611723199603102053","任倩","341227199607023051","无开具数据发票","哈尔滨市税务机关","补缴2011年度企业所得税计133283286.83元","2014-12-20","哈尔滨市香坊区地方税务局","哈尔滨市税务局"
"14","凌颖","530525198910015658","北京市花园路8号","北京市花园路8号","齐春云","441810197605246317","邢健昌","440301197001019272","未按照规定开具发票","湘潭市税务机关","补缴城市维护建设税计477551.67元","2011-11-21","湘潭市岳塘区地方税务局","湘潭市税务局"
"15","刘馥琼","210909199701254840","安徽省芜湖市悦邻生活服务广场幸福超市一层底商","安徽省芜湖市悦邻生活服务广场幸福超市一层底商","萧友军","340721198303298586","邢莉育","230217197810279612","未按照规定保管发票","郑州市税务机关","补缴教育费附加计286530.99元","2016-04-21","郑州市金水区地方税务局","郑州市税务局"
"16","包秀云","110821198912189168","黑龙江省双鸭山市春泽路与临泓路交叉口南行80米路西","黑龙江省双鸭山市春泽路与临泓路交叉口南行80米路西","傅心","610721199212056293","罗琛","431725199401268236","未按照规定开具发票","沧州市税务机关","对你单位应扣未扣个人所得税税款处1.1倍的罚款41140.00元","2015-09-07","沧州市肃宁县地方税务局","沧州市税务局"
"17","孟爽","421726197410116798","山东省泰安市健安东路安贞西里二区3号楼","山东省泰安市健安东路安贞西里二区3号楼","管娜","341019197207139267","严菁卿","111614197811216477","未按照规定领购发票","深圳市税务机关","对你单位未按规定申报缴纳的税款按日加收万分之五的滞纳金共计27043670.70元","2014-11-09","深圳市福田区地方税务局","深圳市税务局"
"18","武倩","421422198210236749","北京市大栅栏西街88号","北京市大栅栏西街88号","施晓","520109199309099305","熊菊芳","121103197709021390","未按照规定保管发票","衡水市税务机关","对你单位应扣未扣个人所得税税款处1.1倍的罚款41140.00元","2017-03-01","衡水市枣强县地方税务局","衡水市税务局"
"19","夏成友","440912197209174731","河北省张家口市百子湾路易构空间对面","河北省张家口市百子湾路易构空间对面","杜军超","211001198403267385","乐莎姣","420914198207263376","伪造发票及领购单位与发票上加盖印章单位名称不符","保定市税务机关","补缴土地增值税计222616290.11元","2015-05-20","保定市涞水县地方税务局","保定市税务局"
"20","范筠","320417197909093501","福建省南平市双榆树北里榆苑公寓","福建省南平市双榆树北里榆苑公寓","杜先豪","441805197603116299","袁彩滢","140809198406226370","伪造发票及领购单位与发票上加盖印章单位名称不符","保定市税务机关","补缴城市维护建设税计477551.67元","2014-09-19","保定市清苑县地方税务局","保定市税务局"
"21","孙奇鸣","210812199411116403","黑龙江省大庆市黄村镇滨河街5号","黑龙江省大庆市黄村镇滨河街5号","成维","610503198402194455","奚宜枫","510315199409081306","未按照规定期限申报办理税务变更","阳泉市税务机关","补缴土地增值税计222616290.11元","2016-03-28","阳泉市平定县地方税务局","阳泉市税务局"
"22","鲍风山","340824197109171512","上海市良乡镇北潞园小区","上海市良乡镇北潞园小区","常思东","141126199012115306","包固绍","140804199907053583","未按照规定开具发票","福州市税务机关","补缴2011年度企业所得税计133283286.83元","2012-07-30","福州市闽侯县地方税务局","福州市税务局"
"23","孙璧","500810196909242761","北京市东直门内大街15-7号","北京市东直门内大街15-7号","狄琰","611411199303294355","卢成有","210519198001226675","伪造发票及领购单位与发票上加盖印章单位名称不符","苏州市税务机关","补缴2011年度企业所得税计133283286.83元","2016-05-16","苏州市姑苏区地方税务局","苏州市税务局"
"24","舒娥雅","351703197412096052","福建省厦门市北洼西里48号宝联体育公园院内手抓龙虾","福建省厦门市北洼西里48号宝联体育公园院内手抓龙虾","汤馥","361202197004154420","甄妍菁","140704199603035927","未按照规定办理税务登记证件验证手续","吕梁市税务机关","对你单位应扣未扣个人所得税税款处1.1倍的罚款41140.00元","2015-11-08","吕梁市文水县地方税务局","吕梁市税务局"
"25","蒋艺","520603197006121997","辽宁省鞍山市朝阳路八里庄东里1号莱锦a区3号楼03a","辽宁省鞍山市朝阳路八里庄东里1号莱锦a区3号楼03a","周云","360502198801119868","盛姬","521820199310132935","未按照规定开具发票","衡水市税务机关","对你单位未按规定申报缴纳的税款按日加收万分之五的滞纳金共计27043670.70元","2015-05-08","衡水市枣强县地方税务局","衡水市税务局"
"26","阮振","460412197411157345","广东省惠州市建国路京通大厦附近","广东省惠州市建国路京通大厦附近","皮平诚","121620199801064678","申政","140602198702112165","未按照规定期限申报办理税务变更","鞍山市税务机关","补缴土地增值税计222616290.11元","2015-08-13","鞍山市铁西区地方税务局","鞍山市税务局"
"27","成瑾","330401197308087185","北京市万寿路君安写字楼","北京市万寿路君安写字楼","车欢","441201198006086901","萧江","131316198909143979","伪造发票及领购单位与发票上加盖印章单位名称不符","鞍山市税务机关","补缴城市维护建设税计477551.67元","2015-06-26","鞍山市铁西区地方税务局","鞍山市税务局"
"28","戚晶","510802197710126363","安徽省合肥市东直门内大街15-7号","安徽省合肥市东直门内大街15-7号","乐霭婉","520421199705287625","贝晓","211402199904257094","未按照规定办理税务登记证件验证手续","承德市税务机关","补缴城市维护建设税计477551.67元","2013-11-14","承德市平泉县地方税务局","承德市税务局"
"29","柳枫","510124197008296078","河南省焦作市垂杨柳中街6号楼西侧平房","河南省焦作市垂杨柳中街6号楼西侧平房","霍嘉","441722198901099936","范伦","520925197504281015","未按照规定开具发票","常州市税务机关","补缴教育费附加计286530.99元","2011-09-06","常州市新北区地方税务局","常州市税务局"
"30","程苑秀","340417199504289923","广东省惠州市回龙观龙禧三街东亚上北北侧底商14-19","广东省惠州市回龙观龙禧三街东亚上北北侧底商14-19","崔琼荣","130402198307136121","尤才世","121516197401091623","未按规定足额申报缴纳营业税金及附加","长治市税务机关","补缴教育费附加计286530.99元","2012-04-21","长治市长治县地方税务局","长治市税务局"
"31","施坚行","510124199212217505","重庆市永旺国际商城","重庆市永旺国际商城","吴新建","460714197011012782","柯姣","361320199604122272","伪造发票及领购单位与发票上加盖印章单位名称不符","大同市税务机关","对你单位未按规定申报缴纳的税款按日加收万分之五的滞纳金共计27043670.70元","2013-08-22","大同市矿区地方税务局","大同市税务局"
"32","皮芝","371408199705222134","天津市百子湾路29号","天津市百子湾路29号","严蓉彩","141017197607048729","施生","371119197812018959","未按照规定期限申报办理税务注销","晋中市税务机关","补缴城市维护建设税计477551.67元","2014-06-11","晋中市昔阳县地方税务局","晋中市税务局"
"33","魏雅冰","120609197207288310","吉林省吉林市机场生活区西平街一号","吉林省吉林市机场生活区西平街一号","齐琛栋","341311197911223047","毕萍妍","420622197212056815","未按照规定期限申报办理税务登记","晋城市税务机关","补缴城市维护建设税计477551.67元","2013-07-02","晋城市陵川县地方税务局","晋城市税务局"
"34","崔丽瑗","530816197105301450","广东省深圳市东四北大街甲82-1号","广东省深圳市东四北大街甲82-1号","贾瑗","350511199208243123","申晨","211815197712014309","未按照规定期限申报办理税务登记","武汉市税务机关","补缴城市维护建设税计477551.67元","2016-03-02","武汉市江岸区地方税务局","武汉市税务局"
"35","穆诚奇","510915198804154545","湖北省襄樊市花园路8号","湖北省襄樊市花园路8号","窦美","121718198210133695","洪振轮","441525197605083384","未按照规定期限申报办理纳税申报","长治市税务机关","补缴2011年度企业所得税计133283286.83元","2012-01-04","长治市襄垣县地方税务局","长治市税务局"
"36","申茂中","431105197005187488","河北省保定市石景山路2号北京台湾街C01区3号楼首层","河北省保定市石景山路2号北京台湾街C01区3号楼首层","唐欣","231027196912057751","万江晨","461619199803258776","未按照规定办理税务登记证件验证手续","吉林市税务机关","对你单位未按规定申报缴纳的税款按日加收万分之五的滞纳金共计27043670.70元","2016-05-19","吉林市丰满区地方税务局","吉林市税务局"
"37","钟云","341109199601307570","甘肃省庆阳市北京丰台区临泓路1号","甘肃省庆阳市北京丰台区临泓路1号","秦菊菊","351726199805246478","王中泰","331216199511104406","未按照规定期限申报办理税务变更","晋中市税务机关","补缴教育费附加计286530.99元","2011-12-27","晋中市平遥县地方税务局","晋中市税务局"
"38","沈朋","340613199204266387","江西省南昌市东北旺苗圃厂部一区平房23号","江西省南昌市东北旺苗圃厂部一区平房23号","曹欢姣","231110197811196775","武建","230223197210085766","未按照规定期限申报办理税务变更","福州市税务机关","补缴2011年度企业所得税计133283286.83元","2015-11-27","福州市连江县地方税务局","福州市税务局"
"39","胡 珊","430722197408091116","海南省三亚市北京朝阳区光华路soho219","海南省三亚市北京朝阳区光华路soho219","段梁","611506199310307900","路群江","340208197105013340","未按规定申报缴纳营业税金及附加","衡水市税务机关","补缴教育费附加计286530.99元","2017-05-12","衡水市桃城区地方税务局","衡水市税务局"
"40","黄惠梦","371605198707101509","上海市良乡镇北潞园小区","上海市良乡镇北潞园小区","于彬龙","511820197403181456","方静仪","351507198009199828","伪造发票","天津市税务机关","对你单位应扣未扣个人所得税税款处1.1倍的罚款41140.00元","2012-06-26","天津市河西区地方税务局","天津市税务局"
"41","余爽蕊","460225199512067737","四川省成都市魏公村路近北京理工大学中央民族大学国家图书馆","四川省成都市魏公村路近北京理工大学中央民族大学国家图书馆","林巧","141118196911169908","甄静","211209199512213236","未按照规定保管发票","晋中市税务机关","补缴教育费附加计286530.99元","2014-03-27","晋中市和顺县地方税务局","晋中市税务局"
"42","段蓓","341012197710274582","贵州省贵阳市文慧园西路内100米","贵州省贵阳市文慧园西路内100米","翟辰邦","440209197612118015","宋娅叶","130502198308314916","未按规定足额申报缴纳营业税金及附加","唐山市税务机关","补缴2011年度企业所得税计133283286.83元","2012-09-13","唐山市丰润区地方税务局","唐山市税务局"
"43","叶羽","140321197901219409","重庆市花园路8号","重庆市花园路8号","梁岩强","121306199804114854","雷枝","111608198902021593","未按规定申报缴纳营业税金及附加、企业所得税","石家庄市税务机关","补缴土地增值税计222616290.11元","2014-11-07","石家庄市正定县地方税务局","石家庄市税务局"
"44","曹伟学","530716197507294307","天津市欣宁街15号荟聚购物中心2楼","天津市欣宁街15号荟聚购物中心2楼","任裕兴","430126197902024510","祝霭","421604198212055452","未按照规定办理税务登记证件换证手续","厦门市税务机关","补缴教育费附加计286530.99元","2011-08-29","厦门市集美区地方税务局","厦门市税务局"
"45","凌荷薇","421222198204257008","天津市横七条龙隆昌大厦底商","天津市横七条龙隆昌大厦底商","赵健梁","520923199811277352","廉云静","520208199610315809","未按照规定期限代扣、代缴税款报告表和有关资料","福州市税务机关","对你单位应扣未扣个人所得税税款处1.1倍的罚款41140.00元","2015-04-06","福州市连江县地方税务局","福州市税务局"
"46","俞仪娅","320122199406189930","广东省珠海市望京小街望京商业中心F座","广东省珠海市望京小街望京商业中心F座","罗嘉","311007199809076055","卢光震","211727197707319328","伪造发票及领购单位与发票上加盖印章单位名称不符","张家口市税务机关","补缴城市维护建设税计477551.67元","2016-11-09","张家口市桥东区地方税务局","张家口市税务局"
"47","钱婉伊","121113198004285496","河南省洛阳市广顺北大街六佰本商业街","河南省洛阳市广顺北大街六佰本商业街","常育","331025197111244438","夏莺娥","610614198812246603","未按照规定期限申报办理税务变更","秦皇岛市税务机关","补缴2011年度企业所得税计133283286.83元","2012-08-22","秦皇岛市昌黎县地方税务局","秦皇岛市税务局"
"48","姜毅","410504198703089577","湖北省武汉市望京商业中心中庭广场F座109","湖北省武汉市望京商业中心中庭广场F座109","莫良","341111198911195657","金仁豪","211214199010129952","未按照规定期限申报办理税务登记","郑州市税务机关","补缴城市维护建设税计477551.67元","2014-03-30","郑州市管城回族区地方税务局","郑州市税务局"
"49","胡姬","531116198110041917","浙江省嘉兴市回龙观西大街9号 东亚上北 北侧底商16-10","浙江省嘉兴市回龙观西大街9号 东亚上北 北侧底商16-10","李澜娥","140101198901076590","邵琰","110315197207134183","未按照规定保管发票","吕梁市税务机关","补缴城市维护建设税计477551.67元","2015-01-27","吕梁市文水县地方税务局","吕梁市税务局"
"50","水天","330323198302284771","湖北省黄石市建国路93号万达广场16号楼103室","湖北省黄石市建国路93号万达广场16号楼103室","蔡艺","130623199409281632","薛仁固","230722199506079406","未按照规定期限申报办理税务注销","无锡市税务机关","补缴城市维护建设税计477551.67元","2015-09-11","无锡市惠山区地方税务局","无锡市税务局"
"51","伏滢","611812198311229630","湖南省长沙市运河西大街葛布店北里141号果园环岛东侧200米","湖南省长沙市运河西大街葛布店北里141号果园环岛东侧200米","柏秀叶","370614198803271832","夏霞","111114198908123198","未按照规定开具发票","武汉市税务机关","补缴教育费附加计286530.99元","2013-04-29","武汉市江岸区地方税务局","武汉市税务局"
"52","蓝健生","141304199901064088","重庆市来广营乡红军营村53号","重庆市来广营乡红军营村53号","平弘江","371727199611013652","纪聪园","521612198904086542","伪造发票","北京市税务机关","补缴教育费附加计286530.99元","2015-10-29","北京市西城区地方税务局","北京市税务局"
"53","蒋朋","611601199001193744","上海市站前北街","上海市站前北街","董振之","230321197701269895","吉榕","130618197909165970","未按照规定期限申报办理纳税申报","阳泉市税务机关","补缴教育费附加计286530.99元","2015-08-13","阳泉市矿区地方税务局","阳泉市税务局"
"54","潘素姬","501720197711134034","江苏省徐州市国贸附近","江苏省徐州市国贸附近","车茂泽","351002197701022480","丁翰磊","521717197705158294","未按规定申报缴纳营业税金及附加、企业所得税","临汾市税务机关","对你单位应扣未扣个人所得税税款处1.1倍的罚款41140.00元","2012-10-14","临汾市洪洞县地方税务局","临汾市税务局"
"55","郭朗","331216198506135136","上海市良乡镇北潞园小区","上海市良乡镇北潞园小区","贝霭静","500306199405163413","曹志","210907198307314191","未按照规定期限申报办理税务登记","长治市税务机关","补缴教育费附加计286530.99元","2016-07-04","长治市城区地方税务局","长治市税务局"
"56","钟建钧","441106197805029221","四川省绵阳市广安门外车站西街一号院底商","四川省绵阳市广安门外车站西街一号院底商","霍绍维","330515197106302769","闵邦","121220197812226852","未按照规定期限申报办理纳税申报","长沙市税务机关","补缴教育费附加计286530.99元","2014-07-11","长沙市芙蓉区地方税务局","长沙市税务局"
"57","余风","131505197104061169","上海市来广营乡红军营村53号","上海市来广营乡红军营村53号","于致","501128199805264877","吕航","461212197404181722","未按照规定期限申报办理纳税申报","鞍山市税务机关","对你单位未按规定申报缴纳的税款按日加收万分之五的滞纳金共计27043670.70元","2012-02-01","鞍山市铁东区地方税务局","鞍山市税务局"
"58","袁洁苑","330128198412297667","上海市石佛营路与朝阳北路交叉口西北角串通店内","上海市石佛营路与朝阳北路交叉口西北角串通店内","朱融馨","610523198209253407","汪泰","121127199202214362","未按照规定期限申报办理税务注销","景德镇市税务机关","补缴教育费附加计286530.99元","2016-10-01","景德镇市昌江区地方税务局","景德镇市税务局"
"59","席瑗爱","220304198701032779","天津市朝阳路八里庄东里1号莱锦a区3号楼03a","天津市朝阳路八里庄东里1号莱锦a区3号楼03a","江策平","111003199312285627","范义","440806197311225951","未按照规定期限报送纳税资料","开封市税务机关","补缴2011年度企业所得税计133283286.83元","2017-02-23","开封市龙亭区地方税务局","开封市税务局"
"60","韦婕","611606198805059486","河北省石家庄市七星东街七星园11号","河北省石家庄市七星东街七星园11号","邱茂克","230816197008206452","计柔妹","530308198709131358","未按照规定期限报送纳税资料","保定市税务机关","补缴教育费附加计286530.99元","2012-03-03","保定市涞水县地方税务局","保定市税务局"
"61","严宁","420102199509043541","天津市望京商业中心中庭广场F座109","天津市望京商业中心中庭广场F座109","常昭","111502197512193833","卢霞露","320219197101177976","未按规定申报缴纳营业税金及附加","长治市税务机关","补缴城市维护建设税计477551.67元","2016-11-01","长治市长子县地方税务局","长治市税务局"
"62","史锦娟","350125199508226802","河南省安阳市东直门内大街10号楼-3号","河南省安阳市东直门内大街10号楼-3号","沈菊婷","230418199008055696","宋良政","231207199511128148","未按规定足额申报缴纳营业税金及附加","广州市税务机关","补缴土地增值税计222616290.11元","2015-01-11","广州市天河区地方税务局","广州市税务局"
"63","夏欣梅","511817199307057721","北京市站前街8号院","北京市站前街8号院","蒋博福","431106197508225879","武伟谦","430621197603191438","未按照规定开具发票","石家庄市税务机关","补缴教育费附加计286530.99元","2012-09-09","石家庄市高邑县地方税务局","石家庄市税务局"
"64","钟保","360508198109304719","天津市来广营乡红军营村53号","天津市来广营乡红军营村53号","阮致军","340206198606137916","崔海","370404197710177948","未按规定足额申报缴纳营业税金及附加","邯郸市税务机关","补缴2011年度企业所得税计133283286.83元","2011-09-14","邯郸市磁县地方税务局","邯郸市税务局"
"65","张晓","441201198003045994","安徽省阜阳市来广营乡红军营村53号","安徽省阜阳市来广营乡红军营村53号","金滢芝","110915199307162213","贺珍娟","461323197809266514","未进行企业所得税项目清算","长春市税务机关","对你单位未按规定申报缴纳的税款按日加收万分之五的滞纳金共计27043670.70元","2014-01-14","长春市双阳区地方税务局","长春市税务局"
"66","郝山","360104197711172375","上海市石佛营路与朝阳北路交叉口西北角串通店内","上海市石佛营路与朝阳北路交叉口西北角串通店内","梁艳仪","230522197801188888","柯民明","211203197202204871","未进行企业所得税项目清算","吕梁市税务机关","补缴城市维护建设税计477551.67元","2017-06-04","吕梁市文水县地方税务局","吕梁市税务局"
"67","裴佳霞","341628199502035745","黑龙江省牡丹江市窦店镇瓦窑头夹克的虾房山店","黑龙江省牡丹江市窦店镇瓦窑头夹克的虾房山店","甘春君","120319197712088560","白和","321209199004116347","无开具数据发票","宁波市税务机关","补缴2011年度企业所得税计133283286.83元","2016-11-28","宁波市鄞州区地方税务局","宁波市税务局"
"68","任欣","460123199411146548","湖北省襄樊市马连洼北路15号","湖北省襄樊市马连洼北路15号","柯芝","120408197208143173","邬竹","131517198611017391","未按照规定保管发票","武汉市税务机关","补缴教育费附加计286530.99元","2015-02-05","武汉市硚口区地方税务局","武汉市税务局"
"69","史荷","440325199402253264","重庆市广顺北大街六佰本商业街","重庆市广顺北大街六佰本商业街","沈霄黛","440402197906016195","伏腾","510809197805278820","未按照规定领购发票","天津市税务机关","补缴城市维护建设税计477551.67元","2014-08-29","天津市河西区地方税务局","天津市税务局"
"70","车纯","530807197406181661","重庆市垂杨柳中街6号楼西侧平房","重庆市垂杨柳中街6号楼西侧平房","姚琰筠","420509198206124629","计航","131609198308097904","未按规定足额申报缴纳营业税金及附加","南京市税务机关","补缴土地增值税计222616290.11元","2014-05-02","南京市秦淮区地方税务局","南京市税务局"
"71","马娜","341213199304093222","天津市朝阳北路青年汇104号楼底商102","天津市朝阳北路青年汇104号楼底商102","段琬","441719199201317492","杨莉晓","341307197905254868","未按照规定期限申报办理税务变更","晋中市税务机关","补缴城市维护建设税计477551.67元","2015-11-27","晋中市寿阳县地方税务局","晋中市税务局"
"72","严红娅","501322198003195232","福建省莆田市广顺南大街悠乐汇610号楼107室","福建省莆田市广顺南大街悠乐汇610号楼107室","狄凤","421517198204077206","时晶","371104199705318109","未按照规定保管发票","天津市税务机关","补缴城市维护建设税计477551.67元","2016-11-14","天津市津南区地方税务局","天津市税务局"
"73","戴宜","110418198302259700","上海市北洼西里48号宝联体育公园院内手抓龙虾","上海市北洼西里48号宝联体育公园院内手抓龙虾","凌彬伦","501013198405214326","莫茗","230815199606081633","未按照规定开具发票","温州市税务机关","对你单位未按规定申报缴纳的税款按日加收万分之五的滞纳金共计27043670.70元","2017-05-19","温州市鹿城区地方税务局","温州市税务局"
"74","林伯弘","431328197611279113","天津市亮甲店桥头亮甲店路美怡汽车服务有限公司亮甲店分公司隔壁","天津市亮甲店桥头亮甲店路美怡汽车服务有限公司亮甲店分公司隔壁","皮馥莎","221709199805098391","云可娜","461304198909113704","未按规定申报缴纳营业税金及附加、企业所得税","秦皇岛市税务机关","补缴教育费附加计286530.99元","2016-07-15","秦皇岛市卢龙县地方税务局","秦皇岛市税务局"
"75","郭士辰","351008197907195379","北京市东直门内大街15-7号","北京市东直门内大街15-7号","夏保","231820197512244718","吴彪永","530414198809169654","未按照规定期限申报办理纳税申报","厦门市税务机关","补缴2011年度企业所得税计133283286.83元","2016-04-09","厦门市集美区地方税务局","厦门市税务局"
"76","路强清","510305197007216843","重庆市来广营乡红军营村53号","重庆市来广营乡红军营村53号","盛功","530621198806082499","司贞瑞","131121198902136928","未按照规定期限代扣、代缴税款报告表和有关资料","南京市税务机关","补缴土地增值税计222616290.11元","2013-12-22","南京市六合区地方税务局","南京市税务局"
"77","雷勇德","361623197912026748","天津市陆港城商业步行街内104-105号","天津市陆港城商业步行街内104-105号","范春","501714199712112802","罗娜","511511197609085390","无开具数据发票","太原市税务机关","补缴2011年度企业所得税计133283286.83元","2013-12-08","太原市小店区地方税务局","太原市税务局"
"78","曹妹","370609198604247668","天津市双花园南里三区23号楼103室","天津市双花园南里三区23号楼103室","尤伊婉","500128197811065256","梁雁巧","310928199102129027","未按照规定开具发票","齐齐哈尔市税务机关","补缴城市维护建设税计477551.67元","2017-03-01","齐齐哈尔市昂昂溪区地方税务局","齐齐哈尔市税务局"
"79","俞才","120902197808057128","山东省青岛市四季青阜石路西山国际城甲69号11号楼107","山东省青岛市四季青阜石路西山国际城甲69号11号楼107","谈保","340810199107287867","徐琳","221525199105172047","无开具数据发票","温州市税务机关","补缴2011年度企业所得税计133283286.83元","2014-06-06","温州市瓯海区地方税务局","温州市税务局"
"80","娄树家","331814197001096416","辽宁省沈阳市百子湾桥西一百米路北","辽宁省沈阳市百子湾桥西一百米路北","蒋国","510110199108144631","魏辰","521226197810063986","未按照规定期限报送纳税资料","吉林市税务机关","补缴2011年度企业所得税计133283286.83元","2013-10-25","吉林市永吉县地方税务局","吉林市税务局"
"81","崔纯","500725198101061687","天津市复兴路五棵松乐视体育生态中心内华熙live097商铺","天津市复兴路五棵松乐视体育生态中心内华熙live097商铺","贝冠","121110198903023730","龚娜","221408197009178121","无开具数据发票","临汾市税务机关","对你单位未按规定申报缴纳的税款按日加收万分之五的滞纳金共计27043670.70元","2015-04-29","临汾市曲沃县地方税务局","临汾市税务局"
"82","谈莎珍","120422198011143865","安徽省蚌埠市广顺北大街六佰本商业街","安徽省蚌埠市广顺北大街六佰本商业街","贾康哲","211226197504275175","颜梦洁","351301198507193977","未按照规定保管发票","广州市税务机关","补缴教育费附加计286530.99元","2014-09-02","广州市白云区地方税务局","广州市税务局"
"83","霍柔瑶","441520198310027634","重庆市来广营乡红军营村53号","重庆市来广营乡红军营村53号","陶中","530925199203268951","姜胜","501506198906053885","未按照规定期限申报办理税务注销","阳泉市税务机关","对你单位应扣未扣个人所得税税款处1.1倍的罚款41140.00元","2017-05-07","阳泉市平定县地方税务局","阳泉市税务局"
"84","刘宁","421813198903157253","上海市百子湾路29号","上海市百子湾路29号","汤婕","360228199003102493","张弘绍","431525198311156916","无开具数据发票","秦皇岛市税务机关","对你单位应扣未扣个人所得税税款处1.1倍的罚款41140.00元","2016-09-01","秦皇岛市山海关区地方税务局","秦皇岛市税务局"
"85","戴飞海","610116199205279890","上海市四季青阜石路西山国际城甲69号11号楼107","上海市四季青阜石路西山国际城甲69号11号楼107","宋枝","140925197206214518","江毓","311816199204211299","伪造发票","沧州市税务机关","补缴2011年度企业所得税计133283286.83元","2012-06-15","沧州市运河区地方税务局","沧州市税务局"
"86","梅卿娅","461102198801194352","湖南省永州市农业大学西校区","湖南省永州市农业大学西校区","喻航强","220219198312312291","高军亨","310721198701014681","未按照规定期限报送纳税资料","杭州市税务机关","补缴2011年度企业所得税计133283286.83元","2014-11-12","杭州市滨江区地方税务局","杭州市税务局"
"87","邢育琼","211222197708051534","云南省昭通市长辛店东三坡三里58号","云南省昭通市长辛店东三坡三里58号","卢时","610920198312314133","刘贵","120922197306165043","伪造发票及领购单位与发票上加盖印章单位名称不符","杭州市税务机关","补缴教育费附加计286530.99元","2015-08-01","杭州市西湖区地方税务局","杭州市税务局"
"88","冯枝","230315198612195930","广东省惠州市亚运村北苑路安慧里四区15号楼","广东省惠州市亚运村北苑路安慧里四区15号楼","钟华","510501197910107192","钟有","360718197011024088","未按照规定期限申报办理税务变更","阳泉市税务机关","补缴土地增值税计222616290.11元","2014-07-27","阳泉市城区地方税务局","阳泉市税务局"
"89","顾策松","140628198202067647","甘肃省武威市石佛营路与朝阳北路交叉口西北角串通店内","甘肃省武威市石佛营路与朝阳北路交叉口西北角串通店内","金枝丹","460918198709263786","庞进","141717197607292680","未按照规定期限申报办理纳税申报","衡水市税务机关","对你单位应扣未扣个人所得税税款处1.1倍的罚款41140.00元","2016-02-28","衡水市武强县地方税务局","衡水市税务局"
"90","贝美","341327197504189585","北京市东北旺苗圃厂部一区平房23号","北京市东北旺苗圃厂部一区平房23号","殷朗","230721197410054361","石乐","311307197910268291","未进行土地增值税清算，未按规定申报缴纳土地增值税","长春市税务机关","补缴城市维护建设税计477551.67元","2017-02-04","长春市朝阳区地方税务局","长春市税务局"
"91","雷仁","220122196908039181","湖南省岳阳市朝阳公园路好运街B12商铺","湖南省岳阳市朝阳公园路好运街B12商铺","柯丽","111203198401292391","穆士","421311199411308187","未按照规定期限申报办理税务登记","宁波市税务机关","对你单位应扣未扣个人所得税税款处1.1倍的罚款41140.00元","2014-06-25","宁波市象山县地方税务局","宁波市税务局"
"92","贺民","341315198211191736","天津市农业大学西校区","天津市农业大学西校区","邢震","321405199907011603","时霞","410421198306127972","未按照规定保管发票","临汾市税务机关","补缴教育费附加计286530.99元","2017-02-06","临汾市安泽县地方税务局","临汾市税务局"
"93","毕松友","361610197303237107","海南省海口市河荫中路3号","海南省海口市河荫中路3号","邓亨","330922199306243897","陶杰伯","350823199312047709","未按照规定期限申报办理税务变更","哈尔滨市税务机关","补缴教育费附加计286530.99元","2015-05-20","哈尔滨市道外区地方税务局","哈尔滨市税务局"
"94","尹舒芳","141523199809174595","海南省三亚市万寿路君安写字楼","海南省三亚市万寿路君安写字楼","沈 ","360411199310266027","费军","331720198410207242","未按照规定期限申报办理纳税申报","哈尔滨市税务机关","补缴教育费附加计286530.99元","2016-02-09","哈尔滨市松北区地方税务局","哈尔滨市税务局"
"95","屈蓉","340608199903174905","天津市青年路27号院华纺新天地底商3-3","天津市青年路27号院华纺新天地底商3-3","陆海绍","321314198408159462","娄馥","410727199509175517","未按照规定保管发票","保定市税务机关","补缴土地增值税计222616290.11元","2015-04-09","保定市新市区地方税务局","保定市税务局"
"96","樊滢","460914199604052221","黑龙江省牡丹江市立汤路与立军路交汇处西南角","黑龙江省牡丹江市立汤路与立军路交汇处西南角","吉欣","521712197507296568","奚功","350309197106272137","未按照规定领购发票","湘潭市税务机关","对你单位未按规定申报缴纳的税款按日加收万分之五的滞纳金共计27043670.70元","2013-07-10","湘潭市湘潭县地方税务局","湘潭市税务局"
"97","杨咏纨","501104197705253839","北京市来广营乡红军营村53号","北京市来广营乡红军营村53号","葛婉兰","340916197805196214","邬世","361311197311195355","伪造发票","吉林市税务机关","补缴土地增值税计222616290.11元","2016-02-06","吉林市永吉县地方税务局","吉林市税务局"
"98","包竹","360804198001196851","重庆市国贸附近","重庆市国贸附近","朱子东","431816198506165215","元志磊","440422198901044407","未按规定申报缴纳营业税金及附加、企业所得税","北京市税务机关","补缴2011年度企业所得税计133283286.83元","2012-11-14","北京市密云县地方税务局","北京市税务局"
"99","宁厚信","530506197303262714","浙江省丽水市东直门内大街15-7号","浙江省丽水市东直门内大街15-7号","李梁顺","371205199201082161","卫彬","320912198905014227","未按照规定期限申报办理税务变更","石家庄市税务机关","补缴教育费附加计286530.99元","2013-07-16","石家庄市栾城区地方税务局","石家庄市税务局"
"100","包凝珍","331428199406191479","重庆市良乡镇北潞园小区","重庆市良乡镇北潞园小区","毛学","340905198701203432","元冰","440108197509186601","伪造发票及领购单位与发票上加盖印章单位名称不符","厦门市税务机关","补缴土地增值税计222616290.11元","2015-01-20","厦门市同安区地方税务局","厦门市税务局"
"101","魏娥珊","220925198704151715","上海市悦邻生活服务广场幸福超市一层底商","上海市悦邻生活服务广场幸福超市一层底商","邢朗坚","361428198206018655","任谦树","611614198104309950","未按规定足额申报缴纳营业税金及附加","福州市税务机关","对你单位应扣未扣个人所得税税款处1.1倍的罚款41140.00元","2013-02-21","福州市马尾区地方税务局","福州市税务局"
"102","崔君","610215198207026408","云南省曲靖市双榆树北里榆苑公寓","云南省曲靖市双榆树北里榆苑公寓","张滢融","501226199407061491","路燕","411026198605222111","未按规定申报缴纳营业税金及附加","天津市税务机关","补缴土地增值税计222616290.11元","2013-02-10","天津市和平区地方税务局","天津市税务局"
"103","邢珊","521301197910286833","北京市望京小街望京商业中心F座","北京市望京小街望京商业中心F座","任文","130406199308165325","甘莎琴","500824198809079956","未按照规定办理税务登记证件验证手续","邯郸市税务机关","补缴2011年度企业所得税计133283286.83元","2012-03-08","邯郸市复兴区地方税务局","邯郸市税务局"
"104","穆环颖","350407198710305901","甘肃省嘉峪关市北京丰台区临泓路1号","甘肃省嘉峪关市北京丰台区临泓路1号","陆茜","321804197705319243","祝琦","321324197410092757","无开具数据发票","鞍山市税务机关","对你单位未按规定申报缴纳的税款按日加收万分之五的滞纳金共计27043670.70元","2012-10-09","鞍山市铁西区地方税务局","鞍山市税务局"
"105","常亚丽","340201197508131766","陕西省西安市石景山路2号北京台湾街C01区3号楼首层","陕西省西安市石景山路2号北京台湾街C01区3号楼首层","李梁","111316197708311879","熊纯秋","521727198702227860","未进行企业所得税项目清算","齐齐哈尔市税务机关","对你单位未按规定申报缴纳的税款按日加收万分之五的滞纳金共计27043670.70元","2016-01-14","齐齐哈尔市铁锋区地方税务局","齐齐哈尔市税务局"
"106","顾芬伊","530809198903226151","福建省漳州市亦庄荣昌东街地铁站旁","福建省漳州市亦庄荣昌东街地铁站旁","宋元","530124197906047647","路博","500505199010052587","未按规定足额申报缴纳营业税金及附加","武汉市税务机关","补缴2011年度企业所得税计133283286.83元","2015-03-29","武汉市汉阳区地方税务局","武汉市税务局"
"107","邹思","330328199904011191","陕西省咸阳市黄寺大街佰隆大厦4层","陕西省咸阳市黄寺大街佰隆大厦4层","蔡莲","520217198410078705","陆言伦","421803197404095512","未按照规定期限报送纳税资料","北京市税务机关","补缴城市维护建设税计477551.67元","2016-11-16","北京市门头沟区地方税务局","北京市税务局"
"108","穆茂","211120199107225122","上海市窦店镇瓦窑头夹克的虾房山店","上海市窦店镇瓦窑头夹克的虾房山店","凌竹素","340321197602279039","朱伯","341312198806221266","未按照规定期限申报办理税务变更","合肥市税务机关","对你单位未按规定申报缴纳的税款按日加收万分之五的滞纳金共计27043670.70元","2016-06-14","合肥市长丰县地方税务局","合肥市税务局"
"109","祝家","140325199905288224","河北省张家口市北青云路青云小区对面","河北省张家口市北青云路青云小区对面","武锦婷","331626198510166895","蒋宜宜","310320197408314675","未进行土地增值税清算，未按规定申报缴纳土地增值税","沈阳市税务机关","补缴2011年度企业所得税计133283286.83元","2012-03-01","沈阳市和平区地方税务局","沈阳市税务局"
"110","司丹","311623197604304998","上海市良乡镇北潞园小区","上海市良乡镇北潞园小区","狄纯","530507197408051334","廉世和","511003198910089407","未按规定申报缴纳营业税金及附加","合肥市税务机关","补缴土地增值税计222616290.11元","2017-07-13","合肥市包河区地方税务局","合肥市税务局"
"111","陈澜伊","341613198406163367","湖南省郴州市朝阳公园路好运街B12商铺","湖南省郴州市朝阳公园路好运街B12商铺","董芝","410413199103147943","钟兰贞","501524197703017901","未按照规定期限申报办理税务变更","宁波市税务机关","对你单位应扣未扣个人所得税税款处1.1倍的罚款41140.00元","2016-09-01","宁波市鄞州区地方税务局","宁波市税务局"
"112","童鹏磊","220908198702206245","海南省三亚市双花园南里三区23号楼103室","海南省三亚市双花园南里三区23号楼103室","程环瑾","520419198904024580","韦萍","410611197608146203","伪造发票","哈尔滨市税务机关","对你单位未按规定申报缴纳的税款按日加收万分之五的滞纳金共计27043670.70元","2011-08-25","哈尔滨市香坊区地方税务局","哈尔滨市税务局"
"113","郑蕊娅","421819199311191045","上海市东直门内大街15-7号","上海市东直门内大街15-7号","姜雅蓓","120925197508257730","蒋月","220911198212075600","未进行土地增值税清算，未按规定申报缴纳土地增值税","运城市税务机关","对你单位应扣未扣个人所得税税款处1.1倍的罚款41140.00元","2014-01-10","运城市盐湖区地方税务局","运城市税务局"
"114","林进","120903199906148241","重庆市十八里店周庄嘉园C区4号院西门北200米","重庆市十八里店周庄嘉园C区4号院西门北200米","曹芝岚","420824197712275916","车福言","210521199512061433","未进行土地增值税清算，未按规定申报缴纳土地增值税","临汾市税务机关","补缴土地增值税计222616290.11元","2012-10-24","临汾市洪洞县地方税务局","临汾市税务局"
"115","申琦燕","461012197112249318","山西省忻州市南环路53号悦荟万科广场B1","山西省忻州市南环路53号悦荟万科广场B1","华胜","331703198609148815","卜中毅","220326197112249930","伪造发票及领购单位与发票上加盖印章单位名称不符","秦皇岛市税务机关","补缴土地增值税计222616290.11元","2016-03-07","秦皇岛市山海关区地方税务局","秦皇岛市税务局"
"116","邱娟 ","460313199904101126","山东省泰安市回龙观新龙城北街北区15号龙虾33私房菜","山东省泰安市回龙观新龙城北街北区15号龙虾33私房菜","谢政炎","501816198608283131","何富","520209199811015186","未按照规定开具发票","济南市税务机关","对你单位应扣未扣个人所得税税款处1.1倍的罚款41140.00元","2016-12-05","济南市长清区地方税务局","济南市税务局"
"117","汤志","210119198704205380","湖南省株洲市东直门内大街5号楼（6）","湖南省株洲市东直门内大街5号楼（6）","刘馥","350827199011165449","何星元","421810197408228957","未按照规定办理税务登记证件验证手续","天津市税务机关","补缴土地增值税计222616290.11元","2016-07-13","天津市西青区地方税务局","天津市税务局"
"118","穆嘉","430120197211269615","上海市百子湾路16号","上海市百子湾路16号","任岚","321707198910191312","范敬","370808197206089626","未按规定申报缴纳营业税金及附加","上海市税务机关","补缴教育费附加计286530.99元","2015-03-13","上海市闵行区地方税务局","上海市税务局"
"119","舒伦永","210106198304117191","重庆市陆港城商业步行街内104-105号","重庆市陆港城商业步行街内104-105号","卞中冠","361009199502076554","谢全","461726199012305525","未按照规定期限代扣、代缴税款报告表和有关资料","邯郸市税务机关","对你单位未按规定申报缴纳的税款按日加收万分之五的滞纳金共计27043670.70元","2015-11-07","邯郸市临漳县地方税务局","邯郸市税务局"
"120","喻强","611718199904192110","云南省昭通市广顺南大街悠乐汇610号楼107室","云南省昭通市广顺南大街悠乐汇610号楼107室","甘瑞秀","510917198111272465","田胜","610708198707127377","未按照规定领购发票","沧州市税务机关","补缴2011年度企业所得税计133283286.83元","2015-05-19","沧州市沧县地方税务局","沧州市税务局"
"121","沈红娥","230103197404074351","天津市文华西路赵记蜜制烤翅旁","天津市文华西路赵记蜜制烤翅旁","毛妹芳","461011197002123949","纪欣秀","351316197009132456","未进行企业所得税项目清算","大连市税务机关","补缴土地增值税计222616290.11元","2014-11-05","大连市西岗区地方税务局","大连市税务局"
"122","鲍雅霄","431423197210307204","上海市石景山路2号北京台湾街C01区3号楼首层","上海市石景山路2号北京台湾街C01区3号楼首层","娄蓓","211216198701261933","郝冠世","111202198511096771","未按照规定保管发票","沈阳市税务机关","补缴城市维护建设税计477551.67元","2014-07-26","沈阳市皇姑区地方税务局","沈阳市税务局"
"123","盛腾辰","351125199103131820","天津市红霞中路北京荣源兴业水站旁","天津市红霞中路北京荣源兴业水站旁","谭勇","230218198406156504","魏瑶","460902198102232226","未按规定申报缴纳营业税金及附加","石家庄市税务机关","补缴城市维护建设税计477551.67元","2016-01-04","石家庄市桥西区地方税务局","石家庄市税务局"
"124","时波顺","501504198402025929","上海市南环路53号悦荟万科广场B1","上海市南环路53号悦荟万科广场B1","武彩","351222199803211130","程仪姣","371821197304223275","未按规定足额申报缴纳营业税金及附加","开封市税务机关","补缴土地增值税计222616290.11元","2015-06-01","开封市禹王台区地方税务局","开封市税务局"
"125","冯武世","431819199212156716","上海市建国路93号万达广场16号楼103室","上海市建国路93号万达广场16号楼103室","闵全","221111198809082235","白政","411724197803167003","未进行企业所得税项目清算","石家庄市税务机关","对你单位未按规定申报缴纳的税款按日加收万分之五的滞纳金共计27043670.70元","2017-03-01","石家庄市行唐县地方税务局","石家庄市税务局"
"126","魏振","530205199801142539","甘肃省武威市百子湾桥西一百米路北","甘肃省武威市百子湾桥西一百米路北","尤影玲","121322198802264950","金贞琦","610302198206305947","无开具数据发票","晋中市税务机关","补缴土地增值税计222616290.11元","2016-07-10","晋中市太谷县地方税务局","晋中市税务局"
"127","齐树","130807199605289442","辽宁省沈阳市万寿路君安写字楼","辽宁省沈阳市万寿路君安写字楼","吉丽宁","221808198901088791","丁美","130713198309172878","未按照规定期限申报办理税务变更","青岛市税务机关","对你单位应扣未扣个人所得税税款处1.1倍的罚款41140.00元","2014-01-15","青岛市李沧区地方税务局","青岛市税务局"
"128","米英","110817197712028108","重庆市花园路8号","重庆市花园路8号","申元壮","500213198707249572","诸冠绍","501602197701224330","未按照规定期限代扣、代缴税款报告表和有关资料","保定市税务机关","补缴2011年度企业所得税计133283286.83元","2014-01-30","保定市新市区地方税务局","保定市税务局"
"129","冯壮","410925197101035980","重庆市青年路27号院华纺新天地底商3-3","重庆市青年路27号院华纺新天地底商3-3","姜武","210817199011129394","傅瑾雅","130316198103312144","伪造发票","长春市税务机关","补缴城市维护建设税计477551.67元","2016-07-17","长春市朝阳区地方税务局","长春市税务局"
"130","梁祥","320516199107267644","江西省九江市毛纺西小区旁","江西省九江市毛纺西小区旁","殷环雪","331602197806223228","魏琦","321217199408289106","未按照规定期限申报办理纳税申报","广州市税务机关","对你单位应扣未扣个人所得税税款处1.1倍的罚款41140.00元","2016-03-05","广州市荔湾区地方税务局","广州市税务局"
"131","钟固","440618197905305564","北京市广顺南大街悠乐汇610号楼107室","北京市广顺南大街悠乐汇610号楼107室","李静育","461712199801213590","翟承","511006197711277791","未按照规定期限申报办理纳税申报","常州市税务机关","对你单位未按规定申报缴纳的税款按日加收万分之五的滞纳金共计27043670.70元","2016-03-11","常州市武进区地方税务局","常州市税务局"
"132","甘弘子","521108199108111057","山东省潍坊市北京丰台区临泓路1号","山东省潍坊市北京丰台区临泓路1号","邬国","531226197509046659","张哲","530215199804301054","未按规定申报缴纳营业税金及附加","沧州市税务机关","补缴2011年度企业所得税计133283286.83元","2014-07-13","沧州市肃宁县地方税务局","沧州市税务局"
"133","韦彬","461307197905119044","上海市望京商业中心中庭广场F座109","上海市望京商业中心中庭广场F座109","乔莺琼","421823197110135881","赵刚","331703197903114499","未按照规定办理税务登记证件换证手续","长治市税务机关","对你单位未按规定申报缴纳的税款按日加收万分之五的滞纳金共计27043670.70元","2012-02-16","长治市壶关县地方税务局","长治市税务局"
"134","段敬","341125199209129181","重庆市万寿路君安写字楼","重庆市万寿路君安写字楼","邬福安","340320197410142968","朱学思","430727197811053417","伪造发票","景德镇市税务机关","补缴土地增值税计222616290.11元","2013-07-25","景德镇市浮梁县地方税务局","景德镇市税务局"
"135","包竹","501411198210199880","山东省淄博市吕家营餐饮街30号","山东省淄博市吕家营餐饮街30号","柯星","351115198205141364","闵朗江","410316198405139320","未按规定申报缴纳营业税金及附加","临汾市税务机关","对你单位未按规定申报缴纳的税款按日加收万分之五的滞纳金共计27043670.70元","2016-08-18","临汾市浮山县地方税务局","临汾市税务局"
"136","莫荔婵","611417199504194310","海南省三亚市大栅栏西街88号","海南省三亚市大栅栏西街88号","安娥","221603199011309804","姜涛","440717199711158158","未按照规定期限报送纳税资料","邯郸市税务机关","补缴土地增值税计222616290.11元","2015-01-20","邯郸市邱县地方税务局","邯郸市税务局"
"137","邵雁希","521515197701268339","河南省安阳市东三环富力广场北天之骄子1-2-1002","河南省安阳市东三环富力广场北天之骄子1-2-1002","霍秀","610924198701299932","沈馨","110814198503036734","未按照规定期限申报办理税务变更","湘潭市税务机关","对你单位应扣未扣个人所得税税款处1.1倍的罚款41140.00元","2015-09-17","湘潭市湘潭县地方税务局","湘潭市税务局"
"138","纪环璐","120626199704068287","上海市广顺北大街六佰本商业街","上海市广顺北大街六佰本商业街","庞旭启","231227198901115908","纪风岩","410420199502016483","无开具数据发票","运城市税务机关","补缴2011年度企业所得税计133283286.83元","2012-03-27","运城市盐湖区地方税务局","运城市税务局"
"139","朱希","340324198911307894","江西省南昌市窦店镇瓦窑头夹克的虾房山店","江西省南昌市窦店镇瓦窑头夹克的虾房山店","张珊婕","431319198201313962","甘康","530727197112081550","未进行土地增值税清算，未按规定申报缴纳土地增值税","太原市税务机关","对你单位应扣未扣个人所得税税款处1.1倍的罚款41140.00元","2014-09-21","太原市晋源区地方税务局","太原市税务局"
"140","贺馥","611325197703319825","北京市亮甲店桥头亮甲店路美怡汽车服务有限公司亮甲店分公司隔壁","北京市亮甲店桥头亮甲店路美怡汽车服务有限公司亮甲店分公司隔壁","许芸","220903199103181192","周丽秋","111425199002204360","未按照规定期限申报办理纳税申报","衡水市税务机关","补缴城市维护建设税计477551.67元","2011-08-22","衡水市枣强县地方税务局","衡水市税务局"
"141","娄舒","530201198401158351","上海市北青云路青云小区对面","上海市北青云路青云小区对面","王宁琛","320720199206117179","钱雄","420605199304199222","未进行企业所得税项目清算","衡水市税务机关","补缴城市维护建设税计477551.67元","2012-04-30","衡水市安平县地方税务局","衡水市税务局"
"142","申松","220311198812067057","湖北省宜昌市甜水园东街道家园甲6号","湖北省宜昌市甜水园东街道家园甲6号","赵莲芬","360923199204194629","谢姣","521023198003278950","未按照规定期限申报办理税务变更","邢台市税务机关","补缴2011年度企业所得税计133283286.83元","2013-08-03","邢台市柏乡县地方税务局","邢台市税务局"
"143","计巧菊","331108197310186825","天津市北京丰台区临泓路1号","天津市北京丰台区临泓路1号","谈琰","211612198112154216","凌聪","351828199210317310","未按照规定办理税务登记证件验证手续","北京市税务机关","补缴教育费附加计286530.99元","2016-06-18","北京市平谷区地方税务局","北京市税务局"
"144","黄黛香","140318198702283662","天津市西六环路永安社区东门旁","天津市西六环路永安社区东门旁","祝刚","411516197504073236","卜娟华","520407199906089640","无开具数据发票","福州市税务机关","补缴土地增值税计222616290.11元","2013-09-09","福州市仓山区地方税务局","福州市税务局"
"145","莫锦","351002197701233003","安徽省芜湖市机场生活区西平街一号","安徽省芜湖市机场生活区西平街一号","卜裕超","231105197608161084","胡达发","510911198403079676","未按照规定办理税务登记证件验证手续","厦门市税务机关","对你单位未按规定申报缴纳的税款按日加收万分之五的滞纳金共计27043670.70元","2013-10-20","厦门市海沧区地方税务局","厦门市税务局"
"146","唐茗融","310907199509276740","辽宁省大连市黄村镇滨河街5号","辽宁省大连市黄村镇滨河街5号","谈枫","501227197307071224","车琛","460305198010257404","未进行土地增值税清算，未按规定申报缴纳土地增值税","长治市税务机关","补缴教育费附加计286530.99元","2014-09-21","长治市壶关县地方税务局","长治市税务局"
"147","孙滢娟","230111198705238703","广东省河源市亮甲店桥头亮甲店路美怡汽车服务有限公司亮甲店分公司隔壁","广东省河源市亮甲店桥头亮甲店路美怡汽车服务有限公司亮甲店分公司隔壁","沈山","221702199608182664","白寒","611216199011072898","未按照规定领购发票","大同市税务机关","补缴土地增值税计222616290.11元","2013-07-18","大同市天镇县地方税务局","大同市税务局"
"148","顾蕊锦","310712199206123833","北京市砖厂南里33号楼3层","北京市砖厂南里33号楼3层","孙桂欢","331809199003195368","吉震山","121119199805092689","未进行企业所得税项目清算","青岛市税务机关","补缴教育费附加计286530.99元","2016-12-10","青岛市市北区地方税务局","青岛市税务局"
"149","纪云","321303198103246177","上海市黄村镇滨河街5号","上海市黄村镇滨河街5号","邹平","350309199307261379","卫邦松","370914199205272446","未进行企业所得税项目清算","运城市税务机关","补缴土地增值税计222616290.11元","2015-01-10","运城市稷山县地方税务局","运城市税务局"
"150","邵苑","361407197202247556","天津市朝阳路八里庄东里1号莱锦a区3号楼03a","天津市朝阳路八里庄东里1号莱锦a区3号楼03a","娄静姣","320315197812188998","洪飞","531120198709052601","未按照规定开具发票","郑州市税务机关","补缴教育费附加计286530.99元","2016-01-26","郑州市中原区地方税务局","郑州市税务局"
"151","曹霞","210224198801041398","甘肃省金昌市东三环富力广场北天之骄子1-2-1002","甘肃省金昌市东三环富力广场北天之骄子1-2-1002","颜桂澜","321410199711153825","邱欢","410505197509293144","未进行企业所得税项目清算","黄石市税务机关","对你单位未按规定申报缴纳的税款按日加收万分之五的滞纳金共计27043670.70元","2013-08-15","黄石市铁山区地方税务局","黄石市税务局"
"152","舒园馥","501222198311143927","湖北省武汉市南环路53号悦荟万科广场B1","湖北省武汉市南环路53号悦荟万科广场B1","唐香","130107198601068690","齐雄","511604199705038149","未按照规定期限申报办理纳税申报","太原市税务机关","补缴2011年度企业所得税计133283286.83元","2014-05-27","太原市小店区地方税务局","太原市税务局"
"153","吉河固","370502197002101875","吉林省辽源市朝阳路八里庄东里1号莱锦a区3号楼03a","吉林省辽源市朝阳路八里庄东里1号莱锦a区3号楼03a","蔡君","431601199703196347","常雁","460114197005208104","伪造发票","上海市税务机关","补缴土地增值税计222616290.11元","2014-07-31","上海市长宁区地方税务局","上海市税务局"
"154","乐磊保","221215197002243383","天津市黄村镇滨河街5号","天津市黄村镇滨河街5号","邵彪","610717198302207954","项丽","510203197511145471","未按照规定期限申报办理税务注销","厦门市税务机关","对你单位应扣未扣个人所得税税款处1.1倍的罚款41140.00元","2011-09-27","厦门市海沧区地方税务局","厦门市税务局"
"155","胡彩嘉","121223197804215165","北京市北京丰台区临泓路1号","北京市北京丰台区临泓路1号","龚咏勤","440923197506156626","管兴昌","221313198207079191","未按照规定保管发票","哈尔滨市税务机关","补缴土地增值税计222616290.11元","2016-09-03","哈尔滨市道里区地方税务局","哈尔滨市税务局"
"156","白琳晶","371319198406151116","北京市盘营沟路首城国际22号楼","北京市盘营沟路首城国际22号楼","包学伦","310823198603295470","邱振","341518198402051709","未按规定申报缴纳营业税金及附加","吕梁市税务机关","对你单位应扣未扣个人所得税税款处1.1倍的罚款41140.00元","2015-02-05","吕梁市兴县地方税务局","吕梁市税务局"
"157","吕馨","361106199906288071","重庆市南环路53号悦荟万科广场B1","重庆市南环路53号悦荟万科广场B1","邹豪","330926199212305746","纪真秀","310403198312216773","未按照规定保管发票","沈阳市税务机关","补缴教育费附加计286530.99元","2016-10-15","沈阳市沈河区地方税务局","沈阳市税务局"
"158","成姬丽","530205198309157297","贵州省安顺市陈家林2号盈实大厦向西150米","贵州省安顺市陈家林2号盈实大厦向西150米","项琴韵","461421198507207434","梅爱","311707199704152705","未进行企业所得税项目清算","长春市税务机关","补缴2011年度企业所得税计133283286.83元","2015-12-23","长春市双阳区地方税务局","长春市税务局"
"159","柳筠","210525197303128486","天津市成寿寺路136号中海城7号楼101-7室","天津市成寿寺路136号中海城7号楼101-7室","谢珍","420625198403217280","邱蕊","501824198912317581","未按照规定办理税务登记证件验证手续","阳泉市税务机关","对你单位应扣未扣个人所得税税款处1.1倍的罚款41140.00元","2012-03-05","阳泉市矿区地方税务局","阳泉市税务局"
"160","管红","230113196912158034","安徽省亳州市建国路京通大厦附近","安徽省亳州市建国路京通大厦附近","张悦","460517197201252566","武琴","130109199509191932","未按照规定办理税务登记证件换证手续","景德镇市税务机关","补缴城市维护建设税计477551.67元","2016-10-28","景德镇市珠山区地方税务局","景德镇市税务局"
"161","丁兰聪","521824199711163459","北京市百子湾路29号","北京市百子湾路29号","罗炎国","360828199102016925","裴成","421804197203211166","未按照规定期限申报办理税务注销","吉林市税务机关","对你单位未按规定申报缴纳的税款按日加收万分之五的滞纳金共计27043670.70元","2013-07-10","吉林市永吉县地方税务局","吉林市税务局"
"162","梅慧","221618197407259221","山西省太原市石景山路2号北京台湾街C01区3号楼首层","山西省太原市石景山路2号北京台湾街C01区3号楼首层","纪强坚","350517199809153096","屈盛","311006199801097870","未按照规定办理税务登记证件验证手续","临汾市税务机关","补缴城市维护建设税计477551.67元","2016-06-30","临汾市翼城县地方税务局","临汾市税务局"
"163","梁玲","220917198004175930","福建省泉州市立汤路186号龙德广场5层","福建省泉州市立汤路186号龙德广场5层","俞悦冰","410410199310065054","唐功","610406199811232961","未按照规定期限申报办理税务变更","无锡市税务机关","补缴2011年度企业所得税计133283286.83元","2016-10-07","无锡市惠山区地方税务局","无锡市税务局"
"164","卫毓霭","341401197705026646","上海市马连洼北路15号","上海市马连洼北路15号","严强震","461722198210086121","何蕊宜","131108196909273908","伪造发票及领购单位与发票上加盖印章单位名称不符","郑州市税务机关","补缴2011年度企业所得税计133283286.83元","2012-11-07","郑州市金水区地方税务局","郑州市税务局"
"165","陆雪凤","510427197101309460","天津市广顺北大街六佰本商业街","天津市广顺北大街六佰本商业街","季婉","500207198004122551","乔腾","521007197606149279","未按照规定期限申报办理税务注销","广州市税务机关","补缴土地增值税计222616290.11元","2016-12-30","广州市越秀区地方税务局","广州市税务局"
"166","秦朋","510226198909243550","重庆市垂杨柳中街6号楼西侧平房","重庆市垂杨柳中街6号楼西侧平房","毕真","440618197904138014","汪娥春","371007199807203030","未按照规定保管发票","长春市税务机关","补缴教育费附加计286530.99元","2012-05-17","长春市二道区地方税务局","长春市税务局"
"167","吕秀","341225198411218438","重庆市欣宁街15号荟聚购物中心2楼","重庆市欣宁街15号荟聚购物中心2楼","屈利","610611197703313639","蓝茂伦","610413198004259645","未按照规定保管发票","齐齐哈尔市税务机关","补缴土地增值税计222616290.11元","2011-07-22","齐齐哈尔市龙沙区地方税务局","齐齐哈尔市税务局"
"168","石学善","221811198810208503","湖北省荆州市陈家林2号盈实大厦向西150米","湖北省荆州市陈家林2号盈实大厦向西150米","冯晨","441321197012246556","余榕波","421807199003229404","未进行土地增值税清算，未按规定申报缴纳土地增值税","福州市税务机关","补缴城市维护建设税计477551.67元","2012-03-07","福州市鼓楼区地方税务局","福州市税务局"
"169","路冠","320523197111157429","江苏省无锡市东直门内大街10号楼-3号","江苏省无锡市东直门内大街10号楼-3号","范嘉娴","230824198403204956","沈芸","311314199801072870","未按照规定期限代扣、代缴税款报告表和有关资料","上海市税务机关","对你单位应扣未扣个人所得税税款处1.1倍的罚款41140.00元","2017-03-12","上海市虹口区地方税务局","上海市税务局"
"170","蒋惠","511024197810071862","上海市田村路京粮广场2楼","上海市田村路京粮广场2楼","周璧璧","130225198401229533","萧承","310226199409183342","未按规定申报缴纳营业税金及附加","厦门市税务机关","补缴土地增值税计222616290.11元","2013-01-05","厦门市海沧区地方税务局","厦门市税务局"
"171","贾文","421511197509152407","河北省承德市青年沟路西50米","河北省承德市青年沟路西50米","高璧","321004199406024868","夏爱","500905199702048442","未进行企业所得税项目清算","衡水市税务机关","对你单位应扣未扣个人所得税税款处1.1倍的罚款41140.00元","2013-11-30","衡水市武强县地方税务局","衡水市税务局"
"172","窦光彬","351607197712074151","河北省秦皇岛市回龙观龙禧三街东亚上北北侧底商14-19","河北省秦皇岛市回龙观龙禧三街东亚上北北侧底商14-19","许春","130822196910312546","赵林","340125199805164193","未按照规定开具发票","武汉市税务机关","补缴土地增值税计222616290.11元","2012-08-16","武汉市硚口区地方税务局","武汉市税务局"
"173","邢磊峰","521718199108143871","北京市广顺北大街六佰本商业街","北京市广顺北大街六佰本商业街","童梁","340213199708319059","彭达宏","111019199411091316","未进行企业所得税项目清算","景德镇市税务机关","补缴2011年度企业所得税计133283286.83元","2016-04-18","景德镇市珠山区地方税务局","景德镇市税务局"
"174","秦雁","461309199504293690","福建省厦门市王府井大街277号平房30,31,32栋","福建省厦门市王府井大街277号平房30,31,32栋","江宁姣","121102198407177792","江雁","430216198705245427","未按照规定办理税务登记证件验证手续","沈阳市税务机关","补缴城市维护建设税计477551.67元","2014-08-11","沈阳市皇姑区地方税务局","沈阳市税务局"
"175","齐梅英","371404199707197009","重庆市北京丰台区临泓路1号","重庆市北京丰台区临泓路1号","甘姣","331508197604061282","莫寒悦","421619197402066739","无开具数据发票","邢台市税务机关","对你单位应扣未扣个人所得税税款处1.1倍的罚款41140.00元","2017-03-11","邢台市内丘县地方税务局","邢台市税务局"
"176","姜宁彪","220710197211012572","四川省绵阳市百子湾路易构空间对面","四川省绵阳市百子湾路易构空间对面","高哲","131018197506062768","贺菲","231108197309059331","未按规定申报缴纳营业税金及附加、企业所得税","晋中市税务机关","补缴城市维护建设税计477551.67元","2016-09-04","晋中市榆次区地方税务局","晋中市税务局"
"177","石纯","131305199710015987","吉林省松原市开放路113号南四层609室","吉林省松原市开放路113号南四层609室","皮达行","121712197708091574","尹会壮","610427198307269184","未按照规定期限申报办理税务注销","石家庄市税务机关","对你单位未按规定申报缴纳的税款按日加收万分之五的滞纳金共计27043670.70元","2013-09-07","石家庄市行唐县地方税务局","石家庄市税务局"
"178","胡影荔","460207198109152933","江西省吉安市站前北街","江西省吉安市站前北街","葛树泽","210319197809089487","龚良永","371528199803075504","未进行企业所得税项目清算","南京市税务机关","对你单位应扣未扣个人所得税税款处1.1倍的罚款41140.00元","2011-12-16","南京市玄武区地方税务局","南京市税务局"
"179","施新波","341827198909082070","重庆市吕家营餐饮街30号","重庆市吕家营餐饮街30号","谢璧","430514199801165433","纪勇","500617199205281682","未按照规定期限代扣、代缴税款报告表和有关资料","福州市税务机关","对你单位未按规定申报缴纳的税款按日加收万分之五的滞纳金共计27043670.70元","2014-06-30","福州市马尾区地方税务局","福州市税务局"
"180","娄悦倩","420221197001132672","北京市回龙观新龙城北街北区15号龙虾33私房菜","北京市回龙观新龙城北街北区15号龙虾33私房菜","梁保永","360202199301244747","雷艺筠","521805197611198461","未按照规定期限申报办理纳税申报","厦门市税务机关","补缴城市维护建设税计477551.67元","2017-04-10","厦门市思明区地方税务局","厦门市税务局"
"181","万桂欢","531317199612025676","天津市礼贤街西口往东100米路北","天津市礼贤街西口往东100米路北","谈震","430203197605081269","郑莺融","340310198912201267","无开具数据发票","哈尔滨市税务机关","补缴教育费附加计286530.99元","2013-08-11","哈尔滨市南岗区地方税务局","哈尔滨市税务局"
"182","邹琰馨","511222199502065722","安徽省淮南市农业大学西校区","安徽省淮南市农业大学西校区","林胜","360908199907195957","沈若中","370407199612118091","伪造发票","黄石市税务机关","对你单位应扣未扣个人所得税税款处1.1倍的罚款41140.00元","2014-02-04","黄石市下陆区地方税务局","黄石市税务局"
"183","梅兰莺","500705197205187586","河北省邢台市田村路京粮广场2楼","河北省邢台市田村路京粮广场2楼","何眉筠","510612198504013982","黄波","520315199601231785","未进行企业所得税项目清算","吉林市税务机关","对你单位未按规定申报缴纳的税款按日加收万分之五的滞纳金共计27043670.70元","2017-04-06","吉林市丰满区地方税务局","吉林市税务局"
"184","唐竹巧","510823198008063691","重庆市广顺北大街六佰本商业街","重庆市广顺北大街六佰本商业街","殷枝璐","131017199409234469","贾伊真","531019198701153190","未按照规定办理税务登记证件换证手续","鞍山市税务机关","对你单位应扣未扣个人所得税税款处1.1倍的罚款41140.00元","2012-11-22","鞍山市立山区地方税务局","鞍山市税务局"
"185","郑翰","341509197604147158","北京市大屯北路金泉美食宫一层大屯里312-8","北京市大屯北路金泉美食宫一层大屯里312-8","侯明","350404197206037764","许成","460614199609108321","未按照规定领购发票","广州市税务机关","补缴2011年度企业所得税计133283286.83元","2013-12-09","广州市荔湾区地方税务局","广州市税务局"
"186","许卿","220313197203139967","浙江省丽水市华远好天地商业中心37号楼3层301室","浙江省丽水市华远好天地商业中心37号楼3层301室","孟康厚","510501198605195046","何眉","130924197202042635","未按照规定保管发票","天津市税务机关","补缴土地增值税计222616290.11元","2013-01-13","天津市河东区地方税务局","天津市税务局"
"187","曹芳芬","111108199807064320","上海市崇文门外大街国瑞购物中心3F西南","上海市崇文门外大街国瑞购物中心3F西南","元天","461126197501156243","黄琦琰","360209199303062851","无开具数据发票","武汉市税务机关","补缴土地增值税计222616290.11元","2013-11-22","武汉市江岸区地方税务局","武汉市税务局"
"188","车颖瑞","610327197607089484","四川省自贡市花园路8号","四川省自贡市花园路8号","吕庆","110312199310102423","乔珊香","110105198202201515","未按照规定开具发票","深圳市税务机关","补缴土地增值税计222616290.11元","2017-05-16","深圳市宝安区地方税务局","深圳市税务局"
"189","张翰","221012197911222203","上海市站前北街","上海市站前北街","顾星","501628197303117979","段翠","510417199202116160","伪造发票","保定市税务机关","补缴2011年度企业所得税计133283286.83元","2012-07-17","保定市满城县地方税务局","保定市税务局"
"190","宁芸娟","500121197405216713","重庆市吕家营餐饮街30号","重庆市吕家营餐饮街30号","傅佳飘","320319199105218709","孔卿","521017197104244048","未按照规定期限申报办理税务登记","开封市税务机关","补缴城市维护建设税计477551.67元","2015-05-29","开封市禹王台区地方税务局","开封市税务局"
"191","卢俊豪","610815199508046489","北京市北京丰台区临泓路1号","北京市北京丰台区临泓路1号","江清群","511817198610239126","段安","531115197201038129","未按规定申报缴纳营业税金及附加","厦门市税务机关","补缴教育费附加计286530.99元","2016-10-17","厦门市集美区地方税务局","厦门市税务局"
"192","计瑗","220503198511279449","重庆市十八里店周庄嘉园C区4号院西门北200米","重庆市十八里店周庄嘉园C区4号院西门北200米","乐德生","310726197105316020","萧宁","131422199406088395","未按照规定办理税务登记证件验证手续","杭州市税务机关","补缴城市维护建设税计477551.67元","2011-08-09","杭州市下城区地方税务局","杭州市税务局"
"193","邵若","431715199410297523","四川省广元市朝阳公园路好运街B12商铺","四川省广元市朝阳公园路好运街B12商铺","韩雄","220221198109103159","谈勇","461619199209226184","伪造发票及领购单位与发票上加盖印章单位名称不符","晋中市税务机关","补缴土地增值税计222616290.11元","2015-12-11","晋中市左权县地方税务局","晋中市税务局"
"194","张致","361122198104148039","北京市昌崔路北邵洼地铁","北京市昌崔路北邵洼地铁","卢壮启","121612198503278249","计博德","441120199705115235","伪造发票","宁波市税务机关","补缴城市维护建设税计477551.67元","2016-08-25","宁波市象山县地方税务局","宁波市税务局"
"195","席生","211714199007197997","山西省忻州市崇文门外大街国瑞购物中心3F西南","山西省忻州市崇文门外大街国瑞购物中心3F西南","刘信","361014197401091755","俞悦红","350211198502234389","未按照规定保管发票","广州市税务机关","补缴2011年度企业所得税计133283286.83元","2012-11-24","广州市黄埔区地方税务局","广州市税务局"
"196","江琰素","221028198012306078","北京市万寿路君安写字楼","北京市万寿路君安写字楼","鲁菁","340502197111015136","蔡艳琰","461211198509015233","未按照规定期限申报办理税务注销","深圳市税务机关","补缴土地增值税计222616290.11元","2014-04-21","深圳市福田区地方税务局","深圳市税务局"
"197","马玲","511119197906208135","重庆市红霞中路北京荣源兴业水站旁","重庆市红霞中路北京荣源兴业水站旁","谢淑","140811198008049584","常新","461201197112176551","无开具数据发票","苏州市税务机关","对你单位未按规定申报缴纳的税款按日加收万分之五的滞纳金共计27043670.70元","2015-02-10","苏州市虎丘区地方税务局","苏州市税务局"
"198","龚爱","310915199012051246","北京市回龙观镇北清路1号院8号楼底商","北京市回龙观镇北清路1号院8号楼底商","叶卿桂","430510197812304709","潘冠","421523198012267930","未按照规定期限申报办理税务登记","晋中市税务机关","补缴城市维护建设税计477551.67元","2015-10-14","晋中市昔阳县地方税务局","晋中市税务局"
"199","盛维","330907198707054476","重庆市北京朝阳区光华路soho219","重庆市北京朝阳区光华路soho219","翟子河","111711198808034120","罗香","611823198309029747","未按照规定期限报送纳税资料","广州市税务机关","对你单位应扣未扣个人所得税税款处1.1倍的罚款41140.00元","2013-04-26","广州市天河区地方税务局","广州市税务局"
"200","皮娴","441823199304294057","天津市南环路53号悦荟万科广场B1","天津市南环路53号悦荟万科广场B1","项康","510312199110146836","谭飘锦","321522198510309956","未按照规定期限申报办理纳税申报","厦门市税务机关","对你单位未按规定申报缴纳的税款按日加收万分之五的滞纳金共计27043670.70元","2014-09-20","厦门市海沧区地方税务局","厦门市税务局"
