"1","1140618","忻州市税务局","4112266792","梅轮","811502225518797","广东省河源市毛纺西小区旁","翟腾","321519197106186901","扩大产品工资成本","未按照规定办理税务登记证件换证手续","2015/12/6","卜岚莎","2015/11/14","忻州市税务局","谈强策","扣押、查封其价值相当于应纳税款的商品、货物或其他财产","2016/1/12","市场和质量监督管理机构","2016/2/9","处理完成","2016/4/9"
"2","1231010","佳木斯市税务局","5274443523","毛毅强","711315129210383","天津市窦店镇瓦窑头夹克的虾房山店","窦英","361103199502151514","虚列预提费用，偷逃所得税","未按规定足额申报缴纳营业税金及附加","2014/1/1","颜佳茜","2013/11/23","佳木斯市税务局","方岚","从缴纳税款之日起，按日加收缴纳税款2%的滞纳金","2014/1/16","保险监督管理机构","2014/3/10","处理中","2014/4/29"
"3","1310925","上海税务局","8630979132","甘树康","371406316011871","海南省海口市花园路8号","杨莺蕊","331410198609062828","利用发票偷税","未进行中央税、共享税的滞纳金、补税、罚款清算","2015/10/8","白卿","2015/8/24","上海税务局","邓雅香","扣押、查封其价值相当于应纳税款的商品、货物或其他财产","2015/9/13","国有资产监督管理机构","2015/9/25","处理中","2015/11/19"
"4","1340713","亳州市税务局","2117010417","纪羽","630501291211262","山东省济南市复兴路五棵松乐视体育生态中心内华熙live097商铺","吴影翠","531513199804045194","少计应税利润","未进行中央税、共享税的滞纳金、补税、罚款清算","2016/6/9","孟广伦","2016/5/16","亳州市税务局","甄文康","通知纳税人开户银行或其他金融机构，暂停滞纳纳税人的金额相当于应纳税款的存款","2016/7/6","银行业监督管理机构","2016/7/21","查询中","2016/10/21"
"5","1460212","三亚市税务局","2545881520","冯启","410118229010724","辽宁省阜新市红霞中路北京荣源兴业水站旁","董涛伟","511816199810118373","业务模式造假","未按照规定期限报送纳税资料","2015/7/12","袁英","2015/7/1","三亚市税务局","阮琛哲","责令限期改正,逾期不改正,处以二千元以下的罚款","2015/8/17","国有资产监督管理机构","2015/9/9","处理完成","2015/12/4"
"6","1511005","自贡市税务局","8967960565","孔栋宁","141225334311649","天津市望京小街望京商业中心F座","卢凤贞","500103198012022701","隐瞒或者少记销售收入","未按照规定办理税务登记证件验证手续","2015/12/27","崔有政","2015/11/24","自贡市税务局","申蕊","从缴纳税款之日起，按日加收缴纳税款2%的滞纳金","2016/1/21","市场和质量监督管理机构","2016/2/12","处理中","2016/4/12"
"7","1131315","石家庄市税务局","9061486871","路山行","131304335110645","重庆市民旺北胡同民旺园","廉滢","611822198510311277","违规摊销","未按照规定领购发票","2013/11/19","薛彪","2013/10/11","石家庄市税务局","董昌","通知纳税人开户银行或其他金融机构，暂停滞纳纳税人的金额相当于应纳税款的存款","2013/11/16","保险监督管理机构","2013/12/25","处理完成","2014/4/1"
"8","1420216","宜昌市税务局","5864875607","娄芳红","321024101714673","江苏省盐城市运河西大街葛布店北里141号果园环岛东侧200米","陶元宁","531719198306054415","扩大产品材料成本","无开具数据发票","2016/2/25","闵保","2016/2/8","宜昌市税务局","成钧朗","从缴纳税款之日起，按日加收缴纳税款2%的滞纳金","2016/3/26","行政机关","2016/4/10","处理完成","2016/7/18"
"9","1350515","宁德市税务局","5311266984","柳壮","541618197215917","江西省南昌市亚运村北苑路安慧里四区15号楼","司颖丽","420501197303043718","业务模式造假","未按规定足额申报缴纳营业税金及附加","2015/10/23","奚海子","2015/9/25","宁德市税务局","萧乐","由上级机关追究直接责任人员的的行政责任","2015/10/16","银行业监督管理机构","2015/10/30","处理中","2016/1/11"
"10","1431023","株洲市税务局","4224110104","徐胜","350818241817219","北京市河荫中路3号","汪瑗","140708199212089210","金融衍生工具","未按规定申报缴纳增值税金及附加","2016/3/14","华锦","2016/2/24","株洲市税务局","洪腾","从缴纳税款之日起，按日加收缴纳税款2%的滞纳金","2016/3/28","银行业监督管理机构","2016/5/21","处理中","2016/7/19"
"11","1120425","天津税务局","5088646876","黄美","540127166114858","辽宁省沈阳市盘营沟路首城国际22号楼","宋岩胜","460123199906189269","利用发票偷税","伪造发票及领购单位与发票上加盖印章单位名称不符","2014/5/5","车邦仁","2014/3/9","天津税务局","余荔瑾","处以五千元罚款","2014/4/21","行政机关","2014/5/9","处理完成","2014/7/7"
"12","1131809","秦皇岛市税务局","5193576704","江琼","710419132215553","北京市吕家营餐饮街30号","宁涛","231303197309119433","减少营业外收入","未按照规定期限报送纳税资料","2014/2/28","熊芸馥","2014/2/14","秦皇岛市税务局","殷馥","责令限期改正,逾期不改正,处以二千元以下的罚款","2014/3/3","证券监督管理机构","2014/4/18","查询中","2014/7/8"
"13","1221421","松原市税务局","9807390944","屈仁清","140123131213082","北京市黄村镇滨河街5号","邬平世","231002197908301339","虚增资产","未按照规定期限申报办理税务变更","2016/5/12","石绍","2016/3/22","松原市税务局","赵启","由上级机关追究直接责任人员的的行政责任","2016/4/18","食品药品监督管理机构","2016/6/2","处理中","2016/8/5"
"14","1350114","莆田市税务局","4613733839","倪飘","650806207216156","广东省惠州市东直门内大街5号楼（6）","万丹","361213198804092959","关联方交易","伪造发票","2013/8/19","徐毓","2013/7/15","莆田市税务局","杜生勇","责令限期改正,逾期不改正,处以二千元以下的罚款","2013/7/31","医疗机构监督管理机构","2013/9/19","查询中","2013/12/21"
"15","1461110","三亚市税务局","1535134759","方蓓茜","350520114410238","重庆市石景山路2号北京台湾街C01区3号楼首层","鲍海壮","460912197111097698","擅自出售保税货物","未按照规定期限报送纳税资料","2013/8/19","卫维心","2013/7/25","三亚市税务局","司青青","通知纳税人开户银行或其他金融机构，暂停滞纳纳税人的金额相当于应纳税款的存款","2013/8/14","行政机关","2013/10/2","查询中","2013/12/24"
"16","1410103","三门峡市税务局","8122070277","贾 霄","341711312611438","重庆市机场生活区西平街一号","童文先","511527199211306366","隐瞒其他业务收入","未按照规定领购发票","2014/6/25","费凝思","2014/6/14","三门峡市税务局","葛振善","由上级机关追究直接责任人员的的行政责任","2014/6/24","食品药品监督管理机构","2014/7/31","查询中","2014/10/22"
"17","1210823","辽阳市税务局","7522663331","孙亮","510203322412753","重庆市百子湾后现代城门口环岛北50米","季时","410617198502129922","少计应税利润","未按规定足额申报缴纳营业税金及附加","2014/7/9","施民","2014/6/8","辽阳市税务局","郭菁茜","移交司法机关处理","2014/7/24","市场和质量监督管理机构","2014/9/20","处理完成","2014/12/21"
"18","1131302","秦皇岛市税务局","2532032519","方纯","370822232914570","上海市亦庄荣昌东街地铁站旁","许士","120919197403258891","少计应税利润","未按照规定期限代扣、代缴税款报告表和有关资料","2013/9/17","莫思伯","2013/8/9","秦皇岛市税务局","凌凡琴","责令限期改正,逾期不改正,处以二千元以下的罚款","2013/9/16","银行业监督管理机构","2013/10/11","处理完成","2014/1/15"
"19","1131108","邢台市税务局","3179753088","谈心","640115242010471","陕西省铜川市四季青阜石路西山国际城甲69号11号楼107","王克心","500815197606093226","擅自出售保税货物","未按照规定期限申报办理税务注销","2013/8/30","左羽","2013/7/24","邢台市税务局","莫柔","处以五千元罚款","2013/8/4","安全监督管理机构","2013/9/20","查询中","2013/12/1"
"20","1130313","衡水市税务局","6250453498","吕朋宏","610216233718962","山西省大同市大栅栏西街88号","袁纯","221119198011256723","扩大产品材料成本","未按照规定期限申报办理纳税申报","2016/4/14","席乐","2016/2/27","衡水市税务局","甘枫兰","移交司法机关处理","2016/3/23","行政机关","2016/4/2","查询中","2016/5/31"
"21","1520312","遵义市税务局","7428411897","尤环","540604105210495","辽宁省大连市来广营乡红军营村53号","齐竹","120923199505137017","利用税目进行偷税","未按规定申报缴纳个体工商户和集贸市场缴纳的增值税、消费税","2015/9/14","马园","2015/8/1","遵义市税务局","祁眉","责任限期缴纳税款","2015/9/6","质量技术监督机构","2015/10/19","处理完成","2016/1/25"
"22","1310706","上海税务局","4773130722","赵琛言","441125169616381","北京市望京小街望京商业中心F座","阮航浩","461203198306126651","虚列人数偷税","未按规定申报缴纳个体工商户和集贸市场缴纳的增值税、消费税","2013/8/12","柏栋峰","2013/7/14","上海税务局","皮宏","由上级机关追究直接责任人员的的行政责任","2013/7/24","市场监督管理局","2013/8/20","查询中","2013/10/13"
"23","1461601","海口市税务局","8805414631","甄爱君","360603128412545","上海市广顺北大街六佰本商业街","纪东世","120614199306152718","擅自出售保税货物","未按照规定保管发票","2016/4/29","周平坚","2016/4/15","海口市税务局","屈雄","通知纳税人开户银行或其他金融机构，暂停滞纳纳税人的金额相当于应纳税款的存款","2016/6/8","期货监督管理机构","2016/6/25","处理完成","2016/9/21"
"24","1330815","湖州市税务局","2681732758","邵德","220313146411415","福建省泉州市朝阳路八里庄东里1号莱锦a区3号楼03a","邱静娅","411517197908158195","隐瞒投资收入","未按规定足额申报缴纳营业税金及附加","2015/9/30","时致","2015/9/11","湖州市税务局","孙飞和","处以五千元罚款","2015/10/25","国有资产监督管理机构","2015/11/4","处理完成","2016/1/6"
"25","1141522","忻州市税务局","7289955274","叶辉","351708292916835","贵州省安顺市十八里店周庄嘉园C区4号院西门北200米","鲁善中","411518199705308338","专用基金支出挤入成本","未按照规定办理税务登记证件验证手续","2015/5/6","柏旭功","2015/3/8","忻州市税务局","蒋福","责任限期缴纳税款","2015/3/22","期货监督管理机构","2015/4/12","处理中","2015/6/28"
"26","1440625","河源市税务局","9759620721","白心冠","651716107115435","河南省漯河市田村路京粮广场2楼","卫苑宜","321021196908249000","擅自出售保税货物","未按规定申报缴纳个体工商户和集贸市场缴纳的增值税、消费税","2013/8/23","乔中","2013/7/25","河源市税务局","安保浩","从缴纳税款之日起，按日加收缴纳税款2%的滞纳金","2013/9/14","银行业监督管理机构","2013/9/30","处理中","2013/12/22"
"27","1310410","上海税务局","2855930060","高乐","621819136117512","重庆市吕家营餐饮街30号","喻德","441012199208069937","扩大产品工资成本","无开具数据发票","2015/8/27","曹惠毓","2015/6/29","上海税务局","戚卿怡","责任限期缴纳税款","2015/8/23","期货监督管理机构","2015/10/11","处理中","2015/12/23"
"28","1500616","重庆税务局","2152050927","吴震","431528909414307","河北省石家庄市朝阳公园路好运街B12商铺","施林明","321320199811158628","虚构交易","未按照规定领购发票","2015/7/27","俞鸣光","2015/6/14","重庆税务局","叶致","从缴纳税款之日起，按日加收缴纳税款2%的滞纳金","2015/7/4","工商行政管理机构","2015/8/28","处理完成","2015/10/21"
"29","1441024","揭阳市税务局","8989267752","纪洁","360813316112501","上海市黄寺大街佰隆大厦4层","吕珠","370215199901025455","少计应税利润","未按规定申报缴纳增值税金及附加","2014/8/29","华富","2014/7/6","揭阳市税务局","余策","扣押、查封其价值相当于应纳税款的商品、货物或其他财产","2014/7/21","市场监督管理局","2014/8/13","查询中","2014/10/22"
"30","1350205","宁德市税务局","6574879986","姜霄","211827172110698","北京市大栅栏西街88号","蓝慧","611121197204162331","虚构交易","未按照规定期限申报办理纳税申报","2014/4/16","颜贵浩","2014/4/5","宁德市税务局","陆荔","由上级机关追究直接责任人员的的行政责任","2014/4/26","国有资产监督管理机构","2014/6/5","查询中","2014/8/14"
"31","1311614","上海税务局","8313630376","时萍","331519225111217","黑龙江省佳木斯市盘营沟路首城国际22号楼","周苑","611404198811296777","隐瞒其他业务收入","未按规定申报缴纳增值税金及附加","2015/3/22","袁勇厚","2015/3/12","上海税务局","丁姬","由上级机关追究直接责任人员的的行政责任","2015/4/27","期货监督管理机构","2015/6/13","查询中","2015/8/14"
"32","1210326","抚顺市税务局","2234169650","萧澜","650211224018867","广东省深圳市吕家营餐饮街30号","邱飞江","130425199409271671","少计应税利润","未按照规定期限申报办理税务登记","2016/3/21","郑健子","2016/2/5","抚顺市税务局","万亨","处以五千元罚款","2016/3/30","安全监督管理机构","2016/4/26","处理完成","2016/7/25"
"33","1420901","荆州市税务局","1271377106","戚茂先","640608329110236","上海市来广营乡红军营村53号","杨维平","511520199304214778","隐瞒其他业务收入","未按照规定开具发票","2014/3/8","闵菲娴","2014/1/20","荆州市税务局","周馥梅","从缴纳税款之日起，按日加收缴纳税款2%的滞纳金","2014/2/17","证券监督管理机构","2014/4/14","查询中","2014/6/15"
"34","1441524","揭阳市税务局","8371793973","卢旭天","641707225811749","江苏省连云港市十八里店周庄嘉园C区4号院西门北200米","吉厚辉","111020199612107129","扩大产品材料成本","未按照规定领购发票","2013/9/3","邢凤媛","2013/7/6","揭阳市税务局","孙琴羽","通知纳税人开户银行或其他金融机构，暂停滞纳纳税人的金额相当于应纳税款的存款","2013/8/27","银行业监督管理机构","2013/9/28","处理完成","2013/11/28"
"35","1521002","贵阳市税务局","2675295732","卞婉蕊","540521226312955","陕西省渭南市七星东街七星园11号","吴颖艳","231125198107311113","少计应税利润","未按照规定期限申报办理税务变更","2014/11/16","陆毓桂","2014/10/23","贵阳市税务局","陈彬敬","由上级机关追究直接责任人员的的行政责任","2014/12/8","食品药品监督管理机构","2015/1/23","处理中","2015/4/16"
"36","1460317","三亚市税务局","2242556398","常振","371504107217662","吉林省辽源市回龙观镇北清路1号院8号楼底商","冯黛","411405198204084694","扩大产品工资成本","无开具数据发票","2016/5/29","贺发林","2016/4/7","三亚市税务局","邬星","从缴纳税款之日起，按日加收缴纳税款2%的滞纳金","2016/5/31","国有资产监督管理机构","2016/6/21","处理完成","2016/8/18"
"37","1331621","绍兴市税务局","8319694731","卫艺咏","451213398813054","江西省萍乡市立汤路186号龙德广场5层","唐清","221011197807064866","利用税率进行偷税","伪造发票","2015/6/2","丁兴","2015/5/22","绍兴市税务局","方学言","从缴纳税款之日起，按日加收缴纳税款2%的滞纳金","2015/6/26","证券监督管理机构","2015/8/20","查询中","2015/10/30"
"38","1311415","上海税务局","9702622765","左珠","351609232317116","北京市百子湾路易构空间对面","云福","221210198903268031","虚构交易","伪造发票及领购单位与发票上加盖印章单位名称不符","2014/8/19","贺可枫","2014/6/25","上海税务局","梁枝","由上级机关追究直接责任人员的的行政责任","2014/8/21","医疗机构监督管理机构","2014/9/13","处理完成","2014/11/20"
"39","1411024","洛阳市税务局","6689021038","熊琬","610108308914373","江苏省镇江市盘营沟路首城国际22号楼","盛荔贞","370803197209233028","扩大产品工资成本","未按照规定期限申报办理税务变更","2015/2/15","郭友","2015/1/23","洛阳市税务局","姜冰滢","责任限期缴纳税款","2015/2/5","国有资产监督管理机构","2015/3/19","处理中","2015/5/13"
"40","1410525","安阳市税务局","5153395499","许乐学","330112211512987","天津市北京丰台区临泓路1号","舒美舒","311309197303234207","虚列预提费用，偷逃所得税","伪造发票","2016/5/3","樊建","2016/4/11","安阳市税务局","陶荣","扣押、查封其价值相当于应纳税款的商品、货物或其他财产","2016/4/22","行政机关","2016/5/9","处理完成","2016/8/6"
"41","1111516","北京税务局","8513691463","魏功","360523222115718","广东省珠海市七星东街七星园11号","金宁","210827198311294103","利用税收优惠进行偷税","未按规定申报缴纳个体工商户和集贸市场缴纳的增值税、消费税","2016/1/11","喻岚怡","2015/12/18","北京税务局","童启","从缴纳税款之日起，按日加收缴纳税款2%的滞纳金","2016/2/4","质量技术监督机构","2016/2/18","处理完成","2016/4/27"
"42","1421608","宜昌市税务局","9392639372","安婕","340411201210809","湖北省黄石市古城小街8号","凌新","140225197407123825","利用发票偷税","未按照规定期限报送纳税资料","2015/5/28","田飞","2015/4/25","宜昌市税务局","段悦","责任限期缴纳税款","2015/6/20","期货监督管理机构","2015/8/10","查询中","2015/10/29"
"43","1611722","西安市税务局","3559126475","范妹","370510331118836","贵州省遵义市吕家营餐饮街30号","罗芸萍","211608198802225767","减少营业外收入","未按照规定期限报送纳税资料","2015/12/21","尹美莺","2015/10/25","西安市税务局","鲍克","移交司法机关处理","2015/11/25","卫生监督管理机构","2015/12/5","处理完成","2016/3/4"
"44","1121321","天津税务局","7141436996","夏君","530118112515574","天津市青年路27号院华纺新天地底商3-3","殷坚顺","361115198107028713","专用基金支出挤入成本","未按照规定期限申报办理税务变更","2016/5/5","谢冠","2016/3/8","天津税务局","计娣华","处以五千元罚款","2016/4/16","质量技术监督机构","2016/5/15","处理中","2016/8/6"
"45","1231404","鹤岗市税务局","3212666180","赵建有","140122241611806","安徽省亳州市四季青阜石路西山国际城甲69号11号楼107","杨盛志","320302197107086626","违规摊销","未按规定申报缴纳增值税金及附加","2015/7/20","林振","2015/6/17","鹤岗市税务局","时时","从缴纳税款之日起，按日加收缴纳税款2%的滞纳金","2015/6/28","公安机关","2015/7/31","处理完成","2015/10/10"
"46","1521017","贵阳市税务局","2368922630","梅翰伟","321818197216964","北京市立汤路与立军路交汇处西南角","路婉薇","331510198805057606","利用税收优惠进行偷税","未按照规定期限报送纳税资料","2015/6/3","柯黛","2015/4/7","贵阳市税务局","梁荔君","责任限期缴纳税款","2015/5/10","国有资产监督管理机构","2015/5/21","处理中","2015/7/11"
"47","1431113","永州市税务局","5511172558","安庆","140519226916304","河北省张家口市毛纺西小区旁","叶爱","311711199404115825","减少营业外收入","无开具数据发票","2016/5/14","章育咏","2016/4/13","永州市税务局","秦澜","由上级机关追究直接责任人员的的行政责任","2016/4/24","保险监督管理机构","2016/6/6","处理完成","2016/8/26"
"48","1500622","重庆税务局","8588567322","熊义","811720126013586","重庆市望京小街望京商业中心F座","赵倩","521701198803256238","利用发票偷税","未按照规定保管发票","2014/11/5","裴卿凤","2014/10/22","重庆税务局","郑兴思","责任限期缴纳税款","2014/12/20","保险监督管理机构","2015/1/27","处理完成","2015/3/24"
"49","1120308","天津税务局","9220777074","万奇","141814341516344","重庆市开放路113号南四层609室","俞信子","130711198506226790","专用基金支出挤入成本","无开具数据发票","2014/5/23","诸育","2014/4/9","天津税务局","袁爱娅","由上级机关追究直接责任人员的的行政责任","2014/6/6","食品药品监督管理机构","2014/7/26","查询中","2014/10/20"
"50","1231821","佳木斯市税务局","5450611425","卫珊","411018152712699","江西省新余市百子湾桥西一百米路北","廉言","210724199109252853","匿报个人收入所得","未按照规定期限申报办理税务登记","2016/3/2","翟雅瑾","2016/2/13","佳木斯市税务局","项亚馥","移交司法机关处理","2016/3/9","卫生监督管理机构","2016/4/17","处理中","2016/7/10"
"51","1141402","长治市税务局","8738517053","阮奇天","140612342412430","浙江省金华市回龙观西大街9号 东亚上北 北侧底商16-10","徐元策","341513199009013895","虚构利润","未按规定申报缴纳增值税金及附加","2014/2/16","裴荔","2014/1/29","长治市税务局","卜黛琴","扣押、查封其价值相当于应纳税款的商品、货物或其他财产","2014/3/20","公安机关","2014/5/3","处理完成","2014/7/16"
"52","1531127","玉溪市税务局","8303071045","戚霞琦","351001347011596","北京市马连洼北路15号","崔琦红","310419199512062007","利用发票偷税","未按照规定办理税务登记证件换证手续","2015/7/21","崔婵瑗","2015/6/19","玉溪市税务局","许亨力","由上级机关追究直接责任人员的的行政责任","2015/7/14","银行业监督管理机构","2015/7/24","处理中","2015/10/20"
"53","1411313","新乡市税务局","8171139552","赵俊","420512323516550","辽宁省阜新市长辛店东三坡三里58号","戴楠","521610197410028958","多提固定资产折旧","未按照规定领购发票","2013/7/24","施富","2013/7/12","新乡市税务局","成建风","从缴纳税款之日起，按日加收缴纳税款2%的滞纳金","2013/8/1","质量技术监督机构","2013/9/16","处理中","2013/11/25"
"54","1121710","天津税务局","3114746167","史维俊","151719393911727","黑龙江省大庆市西六环路永安社区东门旁","洪轮言","411623198511127465","专用基金支出挤入成本","未按照规定期限代扣、代缴税款报告表和有关资料","2015/4/26","凌杰宁","2015/4/6","天津税务局","林燕爱","责令限期改正,逾期不改正,处以二千元以下的罚款","2015/6/1","安全监督管理机构","2015/7/24","查询中","2015/9/15"
"55","1211810","丹东市税务局","1235481946","梁固明","460902349510660","贵州省六盘水市回龙观龙禧三街东亚上北北侧底商14-19","卢信","341310199106164893","扩大产品工资成本","未按照规定保管发票","2013/8/3","韦梅","2013/6/26","丹东市税务局","刘辉光","责令限期改正,逾期不改正,处以二千元以下的罚款","2013/7/15","市场和质量监督管理机构","2013/8/6","处理完成","2013/10/7"
"56","1510516","成都市税务局","2647615635","孟力克","131317143616307","江苏省徐州市北七家镇燕城苑南区","侯刚乐","340728197611085845","虚构交易","未按规定申报缴纳增值税金及附加","2013/11/25","葛翠","2013/10/3","成都市税务局","韦秀伊","由上级机关追究直接责任人员的的行政责任","2013/11/8","市场监督管理局","2013/11/19","处理完成","2014/2/6"
"57","1511317","成都市税务局","4605551752","钱莎","220613317412840","陕西省咸阳市百子湾后现代城门口环岛北50米","周豪强","410414198707303914","利用税收优惠进行偷税","未进行中央税、共享税的滞纳金、补税、罚款清算","2014/3/20","赵芬姣","2014/2/19","成都市税务局","项融","责令限期改正,逾期不改正,处以二千元以下的罚款","2014/4/13","安全监督管理机构","2014/5/6","查询中","2014/7/14"
"58","1610407","宝鸡市税务局","5302429095","路鹏宁","631319114213479","浙江省金华市良乡镇北潞园小区","乔澜","531620197709162835","隐瞒或者少记销售收入","未按照规定办理税务登记证件换证手续","2014/6/10","王昭英","2014/5/17","宝鸡市税务局","甘晨","由上级机关追究直接责任人员的的行政责任","2014/6/11","期货监督管理机构","2014/7/30","处理中","2014/10/11"
"59","1341717","淮南市税务局","4265817903","庞茜娟","150704132312326","黑龙江省牡丹江市塔营北街北双桥村村委会西行10米","卓飘","140911199010122939","减少营业外收入","未进行储蓄存款利息所得个人所得税清算，未按规定申报缴纳储蓄存款利息所得个人所得税","2015/9/24","马婷欣","2015/9/10","淮南市税务局","郑凡枝","由上级机关追究直接责任人员的的行政责任","2015/10/16","卫生监督管理机构","2015/11/19","处理完成","2016/2/21"
"60","1120725","天津税务局","7442775294","龚滢琬","360827222415449","天津市东直门内大街15-7号","毕美","340518198409202138","隐瞒其他业务收入","伪造发票及领购单位与发票上加盖印章单位名称不符","2015/11/19","章菲","2015/10/4","天津税务局","卞俊","通知纳税人开户银行或其他金融机构，暂停滞纳纳税人的金额相当于应纳税款的存款","2015/11/26","保险监督管理机构","2016/1/7","处理中","2016/3/8"
"61","1370626","泰安市税务局","3911462846","华建","511424242614649","辽宁省本溪市农业大学西校区","雷成航","361506198405251145","多提固定资产折旧","无开具数据发票","2013/8/4","尹娅娣","2013/6/23","泰安市税务局","贺仪","扣押、查封其价值相当于应纳税款的商品、货物或其他财产","2013/8/19","医疗机构监督管理机构","2013/9/27","处理完成","2013/12/28"
"62","1121005","天津税务局","9784238578","云莎筠","520916219816303","江苏省无锡市农业大学西校区","邬光","611610197605261717","虚列预提费用，偷逃所得税","未进行储蓄存款利息所得个人所得税清算，未按规定申报缴纳储蓄存款利息所得个人所得税","2015/10/8","谢荣","2015/9/23","天津税务局","皮珍倩","扣押、查封其价值相当于应纳税款的商品、货物或其他财产","2015/10/30","工商行政管理机构","2015/12/17","查询中","2016/2/14"
"63","1520912","六盘水市税务局","9879462154","史莲素","210412396218982","重庆市大栅栏西街88号","张以","311309199012015277","业务模式造假","未按照规定期限报送纳税资料","2014/7/23","吕香希","2014/6/20","六盘水市税务局","卓雅芳","责任限期缴纳税款","2014/8/12","证券监督管理机构","2014/10/10","处理中","2014/12/10"
"64","1610720","延安市税务局","8136028083","莫鸣致","431007167917194","重庆市亦庄荣昌东街地铁站旁","韩言","421005196912196879","匿报个人收入所得","无开具数据发票","2013/11/5","罗雅勤","2013/10/26","延安市税务局","成英欢","扣押、查封其价值相当于应纳税款的商品、货物或其他财产","2013/12/16","食品药品监督管理机构","2014/1/8","查询中","2014/3/25"
"65","1141217","长治市税务局","9361497545","王 霄","651515238514432","甘肃省天水市亚运村北苑路安慧里四区15号楼","皮纯洁","510924197112029391","违规摊销","伪造发票及领购单位与发票上加盖印章单位名称不符","2016/6/29","彭毅有","2016/5/3","长治市税务局","安雄胜","处以五千元罚款","2016/5/14","市场监督管理局","2016/6/19","查询中","2016/8/29"
"66","1611004","西安市税务局","8237264281","钱广之","460710101416423","北京市丽园路彩虹新城小区北门东侧","卜树龙","331227198701088139","金融衍生工具","未按照规定开具发票","2014/12/18","蔡蕊慧","2014/11/1","西安市税务局","翟卿","责令限期改正,逾期不改正,处以二千元以下的罚款","2014/11/28","卫生监督管理机构","2014/12/15","处理中","2015/2/28"
"67","1431709","湘潭市税务局","1931691216","许梅","351806221318187","江苏省盐城市青年沟路西50米","奚坚","310501198712172706","违规摊销","未按照规定开具发票","2013/12/7","平进承","2013/11/7","湘潭市税务局","谈承","通知纳税人开户银行或其他金融机构，暂停滞纳纳税人的金额相当于应纳税款的存款","2013/12/20","医疗机构监督管理机构","2014/2/15","处理完成","2014/5/15"
"68","1370911","济宁市税务局","8600522308","廉辰策","120810199116713","广东省河源市魏公村路近北京理工大学中央民族大学国家图书馆","田颖","320222199205217054","减少营业外收入","未进行储蓄存款利息所得个人所得税清算，未按规定申报缴纳储蓄存款利息所得个人所得税","2014/12/18","陆爱素","2014/12/8","济宁市税务局","樊岚","通知纳税人开户银行或其他金融机构，暂停滞纳纳税人的金额相当于应纳税款的存款","2015/2/1","质量技术监督机构","2015/3/17","处理完成","2015/5/27"
"69","1371224","东营市税务局","7771315989","成贵发","450216304213728","河北省衡水市二拨子工业园区中路102号","谈璐","521304197309194992","金融衍生工具","未进行中央税、共享税的滞纳金、补税、罚款清算","2016/2/15","屈娟贞","2015/12/28","东营市税务局","苏昭 ","通知纳税人开户银行或其他金融机构，暂停滞纳纳税人的金额相当于应纳税款的存款","2016/2/13","市场监督管理局","2016/4/7","处理完成","2016/7/9"
"70","1351401","福州市税务局","6784898674","陈达光","520826161015092","上海市四季青阜石路西山国际城甲69号11号楼107","秦若星","351321199501255903","利用税收优惠进行偷税","未按照规定办理税务登记证件换证手续","2013/9/14","樊瑗","2013/8/5","福州市税务局","姚姬美","通知纳税人开户银行或其他金融机构，暂停滞纳纳税人的金额相当于应纳税款的存款","2013/9/4","公安机关","2013/9/20","处理中","2013/12/3"
"71","1410628","新乡市税务局","1276410211","屈东思","331705212514283","云南省玉溪市文华西路赵记蜜制烤翅旁","顾浩良","340223196909044115","匿报个人收入所得","未按照规定期限申报办理税务变更","2016/2/26","卫兴","2016/1/4","新乡市税务局","赵亚","从缴纳税款之日起，按日加收缴纳税款2%的滞纳金","2016/1/22","卫生监督管理机构","2016/2/13","处理中","2016/4/8"
"72","1441407","广州市税务局","8925163795","阮祥","421714198816659","浙江省温州市广顺北大街六佰本商业街","顾蕊","610223198910257312","多提固定资产折旧","未按规定申报缴纳增值税金及附加","2015/12/18","赵伦以","2015/12/7","广州市税务局","纪雪","从缴纳税款之日起，按日加收缴纳税款2%的滞纳金","2016/1/26","安全监督管理机构","2016/2/28","查询中","2016/6/3"
"73","1530701","昆明市税务局","1914267109","金克","211712298114481","江西省九江市国贸附近","梁影雁","331614196910267261","金融衍生工具","未进行中央税、共享税的滞纳金、补税、罚款清算","2014/6/6","郑雁茗","2014/5/14","昆明市税务局","汪凤瑾","责令限期改正,逾期不改正,处以二千元以下的罚款","2014/6/23","行政机关","2014/7/29","处理完成","2014/11/1"
"74","1130711","石家庄市税务局","2528715030","毕亨","420211136512924","上海市百子湾路16号","任炎","311405197911022456","虚增资产","未按照规定期限报送纳税资料","2016/1/25","颜雁","2015/12/31","石家庄市税务局","苗 ","处以五千元罚款","2016/2/14","期货监督管理机构","2016/2/24","处理完成","2016/4/15"
"75","1140313","晋城市税务局","1198511307","皮瑗晶","131712124914675","重庆市回龙观新龙城北街北区15号龙虾33私房菜","柯雄","330517198203314769","虚列预提费用，偷逃所得税","未进行储蓄存款利息所得个人所得税清算，未按规定申报缴纳储蓄存款利息所得个人所得税","2016/5/21","刘浩鹏","2016/4/20","晋城市税务局","范枫茜","责任限期缴纳税款","2016/5/16","银行业监督管理机构","2016/7/12","查询中","2016/10/7"
"76","1111411","北京税务局","7858677608","尹之","540612171915788","江苏省淮安市广顺北大街六佰本商业街","魏军先","211012197612133300","虚增资产","未进行中央税、共享税的滞纳金、补税、罚款清算","2014/6/25","郑瑾璧","2014/6/7","北京税务局","霍聪园","移交司法机关处理","2014/7/17","证券监督管理机构","2014/8/29","查询中","2014/10/22"
"77","1111718","北京税务局","2957558856","傅亚凝","440803123412877","广东省佛山市悦邻生活服务广场幸福超市一层底商","曹云","350712197505216624","金融衍生工具","未按照规定期限申报办理税务注销","2015/11/8","沈翰","2015/10/9","北京税务局","何亚","从缴纳税款之日起，按日加收缴纳税款2%的滞纳金","2015/11/28","期货监督管理机构","2016/1/5","处理中","2016/3/6"
"78","1610406","咸阳市税务局","4609832328","诸世安","151601234016532","北京市南环路53号悦荟万科广场B1","苏勤","501402197009085737","隐瞒或者少记销售收入","未按规定申报缴纳个体工商户和集贸市场缴纳的增值税、消费税","2015/3/29","邢宁","2015/2/12","咸阳市税务局","平富","从缴纳税款之日起，按日加收缴纳税款2%的滞纳金","2015/4/11","卫生监督管理机构","2015/6/3","处理中","2015/8/14"
"79","1610710","渭南市税务局","7028388829","祝娣琳","440923223814897","天津市朝阳北路青年汇104号楼底商102","吉才朋","360201197711155781","匿报个人收入所得","未进行储蓄存款利息所得个人所得税清算，未按规定申报缴纳储蓄存款利息所得个人所得税","2013/12/24","宁飞","2013/10/31","渭南市税务局","汤义星","通知纳税人开户银行或其他金融机构，暂停滞纳纳税人的金额相当于应纳税款的存款","2013/12/4","卫生监督管理机构","2013/12/30","处理中","2014/2/21"
"80","1311016","上海税务局","6086719448","吕伦","230908166913169","广东省揭阳市十八里店周庄嘉园C区4号院西门北200米","吕斌","410606197912191245","虚构利润","未按照规定期限申报办理税务登记","2014/5/23","董纯","2014/5/10","上海税务局","谭刚树","通知纳税人开户银行或其他金融机构，暂停滞纳纳税人的金额相当于应纳税款的存款","2014/6/29","医疗机构监督管理机构","2014/7/18","处理中","2014/10/11"
"81","1140325","晋城市税务局","5023663110","万荣","331112339711474","天津市双榆树北里榆苑公寓","钱子","340203198812111249","虚列预提费用，偷逃所得税","未按照规定期限报送纳税资料","2016/7/10","徐寒媛","2016/6/16","晋城市税务局","颜瑾","从缴纳税款之日起，按日加收缴纳税款2%的滞纳金","2016/7/20","市场和质量监督管理机构","2016/8/21","处理中","2016/11/26"
"82","1330602","绍兴市税务局","7988853304","莫悦真","231427137814149","吉林省四平市春泽路与临泓路交叉口南行80米路西","石晓韵","210928198106137756","减少营业外收入","未按照规定办理税务登记证件换证手续","2014/8/26","倪咏","2014/7/12","绍兴市税务局","穆婵亚","通知纳税人开户银行或其他金融机构，暂停滞纳纳税人的金额相当于应纳税款的存款","2014/9/7","国有资产监督管理机构","2014/10/14","处理中","2014/12/6"
"83","1411709","洛阳市税务局","2626166029","王豪","130917908716312","北京市立汤路与立军路交汇处西南角","项磊仁","531113199302158553","金融衍生工具","未按照规定领购发票","2015/9/11","李辰","2015/7/14","洛阳市税务局","崔厚祥","处以五千元罚款","2015/7/26","工商行政管理机构","2015/9/4","处理完成","2015/12/4"
"84","1521403","遵义市税务局","3724995165","周媛","811211346018139","天津市青年沟路西50米","狄雪","210119197507304532","匿报个人收入所得","未按规定申报缴纳增值税金及附加","2014/10/27","汪波奇","2014/9/14","遵义市税务局","元瑗瑶","扣押、查封其价值相当于应纳税款的商品、货物或其他财产","2014/9/26","医疗机构监督管理机构","2014/11/7","处理完成","2015/2/14"
"85","1131301","张家口市税务局","5846377181","范克坚","411614297817068","江苏省无锡市青年沟路西50米","庞珊","610613197408305750","扩大产品工资成本","未按规定足额申报缴纳营业税金及附加","2013/12/31","屈山武","2013/12/19","张家口市税务局","洪波","通知纳税人开户银行或其他金融机构，暂停滞纳纳税人的金额相当于应纳税款的存款","2014/1/19","卫生监督管理机构","2014/1/30","处理完成","2014/4/15"
"86","1511819","自贡市税务局","8804025896","郑萍红","501402314617551","天津市河荫中路3号","蓝妹毓","211117197808195658","业务模式造假","未按规定申报缴纳增值税金及附加","2013/10/29","邓友启","2013/9/18","自贡市税务局","谈坚","处以五千元罚款","2013/10/5","工商行政管理机构","2013/11/27","查询中","2014/1/18"
"87","1231403","牡丹江市税务局","4413782690","祝苑","351524161615152","天津市农业大学西校区","柳亮伦","231818197503118753","关联方交易","未进行中央税、共享税的滞纳金、补税、罚款清算","2014/4/2","汪月秋","2014/3/3","牡丹江市税务局","祁妍寒","移交司法机关处理","2014/4/4","期货监督管理机构","2014/5/17","处理完成","2014/7/11"
"88","1220517","辽源市税务局","9669232729","纪心策","370322336510544","辽宁省营口市站前北街","莫玲蓓","311017197304038327","利用税收优惠进行偷税","未进行储蓄存款利息所得个人所得税清算，未按规定申报缴纳储蓄存款利息所得个人所得税","2014/11/30","戴琰","2014/10/17","辽源市税务局","田豪和","责任限期缴纳税款","2014/12/11","食品药品监督管理机构","2015/1/22","处理完成","2015/4/20"
"89","1340319","亳州市税务局","7377928596","齐萍","151420393216448","四川省绵阳市黄寺大街佰隆大厦4层","吕毅朋","410218199403046480","匿报个人收入所得","未按照规定期限报送纳税资料","2015/12/18","鲁婉","2015/10/20","亳州市税务局","霍霞霞","责任限期缴纳税款","2015/11/11","安全监督管理机构","2015/11/27","查询中","2016/2/26"
"90","1531325","曲靖市税务局","1998718731","时鸣","711016101811470","天津市石景山路2号北京台湾街C01区3号楼首层","车江","410123199302196859","专用基金支出挤入成本","未按照规定期限申报办理税务变更","2014/4/15","张颖","2014/4/1","曲靖市税务局","鲁舒淑","处以五千元罚款","2014/4/13","工商行政管理机构","2014/5/8","处理中","2014/7/6"
"91","1441708","珠海市税务局","6825053826","毕枝","520414234011444","甘肃省酒泉市王府井大街277号平房30,31,32栋","裴筠真","531823198405032532","扩大产品材料成本","未按规定足额申报缴纳营业税金及附加","2014/12/1","孙思全","2014/11/4","珠海市税务局","汤兰","由上级机关追究直接责任人员的的行政责任","2014/12/11","市场和质量监督管理机构","2015/2/4","查询中","2015/4/24"
"92","1431120","岳阳市税务局","2386877307","马功盛","641514327718350","天津市广顺南大街悠乐汇610号楼107室","盛谦","530425199412163567","多提固定资产折旧","未按照规定办理税务登记证件换证手续","2015/5/29","翟聪琼","2015/4/22","岳阳市税务局","蓝舒","从缴纳税款之日起，按日加收缴纳税款2%的滞纳金","2015/5/30","安全监督管理机构","2015/7/26","处理完成","2015/9/24"
"93","1361103","上饶市税务局","4010584736","宋韵蕊","450813331318765","河南省郑州市亮甲店桥头亮甲店路美怡汽车服务有限公司亮甲店分公司隔壁","许柔爽","340711198108072729","虚列人数偷税","未按规定申报缴纳个体工商户和集贸市场缴纳的增值税、消费税","2015/12/16","孟军航","2015/10/26","上饶市税务局","费霄","扣押、查封其价值相当于应纳税款的商品、货物或其他财产","2015/11/26","证券监督管理机构","2015/12/23","处理中","2016/2/24"
"94","1611208","西安市税务局","1011219870","司美莉","121421391811452","辽宁省抚顺市大屯路华夏良子向东路口右转","苏旭东","371616198810188552","虚列预提费用，偷逃所得税","未按照规定期限申报办理税务登记","2015/3/26","诸建永","2015/3/14","西安市税务局","沈弘","扣押、查封其价值相当于应纳税款的商品、货物或其他财产","2015/4/7","工商行政管理机构","2015/6/4","处理中","2015/8/1"
"95","1410918","焦作市税务局","4804382193","郑浩乐","320722309716121","陕西省宝鸡市回龙观西大街9号 东亚上北 北侧底商16-10","赵欣婕","500913197207129502","业务模式造假","未按照规定期限申报办理税务登记","2015/6/20","张菊欣","2015/4/27","焦作市税务局","纪德平","扣押、查封其价值相当于应纳税款的商品、货物或其他财产","2015/5/11","食品药品监督管理机构","2015/6/22","处理完成","2015/9/26"
"96","1131104","邯郸市税务局","6865856894","汤昭婉","310820317016723","天津市建国路京通大厦附近","水岚","210723198612036823","虚列人数偷税","未按照规定期限报送纳税资料","2014/11/29","盛民星","2014/10/31","邯郸市税务局","狄君","由上级机关追究直接责任人员的的行政责任","2014/12/17","期货监督管理机构","2015/1/5","处理完成","2015/4/12"
"97","1440705","汕头市税务局","1537521709","路兴","450505321612229","黑龙江省牡丹江市田村路京粮广场2楼","童明","351721199711015625","专用基金支出挤入成本","未按规定足额申报缴纳营业税金及附加","2014/9/1","祝璐怡","2014/8/1","汕头市税务局","谈香","移交司法机关处理","2014/9/16","保险监督管理机构","2014/10/11","查询中","2014/12/12"
"98","1421812","黄石市税务局","4071357322","成华美","410827335013602","湖北省荆州市百子湾路易构空间对面","章巧婉","141822197203114085","虚构交易","伪造发票","2013/8/18","纪燕","2013/8/2","黄石市税务局","狄弘","责令限期改正,逾期不改正,处以二千元以下的罚款","2013/9/3","医疗机构监督管理机构","2013/10/21","查询中","2014/1/17"
"99","1461228","海口市税务局","9442672973","程致","611406151718697","上海市东四北大街甲82-1号","时行","530325199810288189","隐瞒或者少记销售收入","未按照规定领购发票","2015/9/19","周春","2015/8/12","海口市税务局","彭婉菁","责任限期缴纳税款","2015/9/10","质量技术监督机构","2015/10/20","处理完成","2015/12/15"
"100","1210713","鞍山市税务局","9429495096","钱龙","531228343116590","北京市神路街39号","韩琦月","350307198509126438","隐瞒或者少记销售收入","未按照规定期限代扣、代缴税款报告表和有关资料","2015/3/11","乔翔","2015/2/22","鞍山市税务局","郝环","由上级机关追究直接责任人员的的行政责任","2015/3/11","医疗机构监督管理机构","2015/3/25","处理中","2015/5/19"
"101","1350123","泉州市税务局","9716810286","尹艺","510903194710006","甘肃省嘉峪关市百子湾后现代城门口环岛北50米","屈莲影","320204199307128708","减少营业外收入","未按照规定期限报送纳税资料","2015/4/6","李娣","2015/2/11","泉州市税务局","胡彩","责令限期改正,逾期不改正,处以二千元以下的罚款","2015/3/20","市场和质量监督管理机构","2015/4/4","处理完成","2015/7/1"
"102","1321014","连云港市税务局","6238279109","姚松伯","541017304314961","重庆市礼贤街西口往东100米路北","鲍萍昭","131318199703151694","减少营业外收入","未进行储蓄存款利息所得个人所得税清算，未按规定申报缴纳储蓄存款利息所得个人所得税","2015/11/16","奚可纨","2015/9/24","连云港市税务局","裴力群","扣押、查封其价值相当于应纳税款的商品、货物或其他财产","2015/10/13","安全监督管理机构","2015/11/5","处理中","2016/1/1"
"103","1141218","大同市税务局","6446070602","林晶","141527227510734","天津市百子湾路29号","云思弘","410827198208048554","扩大产品工资成本","未按照规定期限报送纳税资料","2014/1/11","洪娣瑗","2013/11/21","大同市税务局","童慧昭","由上级机关追究直接责任人员的的行政责任","2013/12/26","市场和质量监督管理机构","2014/2/18","处理完成","2014/5/19"
"104","1350610","莆田市税务局","4515638402","邱纯韵","611201324816663","天津市甜水园东街道家园甲6号","白兰姣","500918197404251238","虚列预提费用，偷逃所得税","未按照规定期限申报办理税务登记","2014/7/3","方伊","2014/5/21","莆田市税务局","贺峰哲","责任限期缴纳税款","2014/7/7","食品药品监督管理机构","2014/8/3","查询中","2014/9/25"
"105","1111615","北京税务局","3732265885","邱会","541517178710027","上海市建国路93号万达广场16号楼103室","平爱","520509198510106265","利用税收优惠进行偷税","未按规定申报缴纳增值税金及附加","2013/8/15","元霞玲","2013/7/14","北京税务局","安学若","责令限期改正,逾期不改正,处以二千元以下的罚款","2013/8/30","卫生监督管理机构","2013/9/29","查询中","2014/1/3"
"106","1371109","泰安市税务局","4414786249","姜婕","411304324313737","天津市东直门内大街15-7号","傅婕悦","110401199503227025","利用税收优惠进行偷税","伪造发票","2016/1/14","娄婵秀","2015/12/26","泰安市税务局","吕梅","从缴纳税款之日起，按日加收缴纳税款2%的滞纳金","2016/2/23","食品药品监督管理机构","2016/3/27","处理完成","2016/6/3"
"107","1331427","金华市税务局","7237974398","柏琳","711213341117984","天津市百子湾路16号","乐影","420221198509198676","利用税收优惠进行偷税","未按规定申报缴纳个体工商户和集贸市场缴纳的增值税、消费税","2013/10/9","穆保安","2013/8/16","金华市税务局","柳先","从缴纳税款之日起，按日加收缴纳税款2%的滞纳金","2013/10/12","食品药品监督管理机构","2013/10/31","查询中","2014/1/31"
"108","1441708","揭阳市税务局","8425162761","戴建","641015192314481","山东省枣庄市亦庄荣昌东街地铁站旁","蔡之","320812199602099240","减少营业外收入","未按照规定期限报送纳税资料","2014/12/3","姜雅","2014/10/6","揭阳市税务局","郑进","扣押、查封其价值相当于应纳税款的商品、货物或其他财产","2014/11/3","食品药品监督管理机构","2014/12/1","查询中","2015/1/28"
"109","1360814","萍乡市税务局","3482821511","闵康富","221708194614603","天津市北京丰台区临泓路1号","项澜","461121198703125311","虚构交易","未按照规定期限申报办理税务变更","2014/1/7","于滢瑶","2013/11/16","萍乡市税务局","左震","责令限期改正,逾期不改正,处以二千元以下的罚款","2014/1/1","公安机关","2014/1/19","查询中","2014/3/30"
"110","1330621","温州市税务局","2832941750","计梅舒","371803248010740","重庆市建国路京通大厦附近","罗悦","120312198712117901","虚构利润","未进行中央税、共享税的滞纳金、补税、罚款清算","2016/7/4","戚力和","2016/5/21","温州市税务局","张康中","通知纳税人开户银行或其他金融机构，暂停滞纳纳税人的金额相当于应纳税款的存款","2016/7/17","卫生监督管理机构","2016/9/1","处理中","2016/11/6"
"111","1500110","重庆税务局","9550693466","乐仁茂","461416174014122","天津市建国路93号万达广场16号楼103室","傅爱","370801199009037802","利用税目进行偷税","未按照规定期限申报办理税务变更","2016/6/30","陈红薇","2016/5/18","重庆税务局","司功清","从缴纳税款之日起，按日加收缴纳税款2%的滞纳金","2016/6/8","国有资产监督管理机构","2016/7/8","处理完成","2016/9/17"
"112","1230320","伊春市税务局","6748440557","童裕泰","450716209610246","江苏省常州市礼贤街西口往东100米路北","吉艺环","370626197108204904","虚构交易","伪造发票","2016/4/22","方瑞","2016/3/15","伊春市税务局","费怡","处以五千元罚款","2016/3/27","卫生监督管理机构","2016/5/12","处理完成","2016/7/15"
"113","1370824","东营市税务局","3802995062","戴霄晶","631412206011129","河南省开封市文华西路赵记蜜制烤翅旁","成晶筠","531501198705031803","虚列人数偷税","未按照规定期限代扣、代缴税款报告表和有关资料","2014/7/3","裴国","2014/5/23","东营市税务局","姜振","从缴纳税款之日起，按日加收缴纳税款2%的滞纳金","2014/6/25","卫生监督管理机构","2014/8/7","处理完成","2014/11/12"
"114","1501606","重庆税务局","9375759083","姚茗芸","611518298812432","湖北省襄樊市河荫中路3号","丁荣","441511198001239389","利用税收优惠进行偷税","未进行储蓄存款利息所得个人所得税清算，未按规定申报缴纳储蓄存款利息所得个人所得税","2014/6/19","殷弘世","2014/5/20","重庆税务局","常振振","责令限期改正,逾期不改正,处以二千元以下的罚款","2014/7/4","医疗机构监督管理机构","2014/8/6","查询中","2014/10/31"
"115","1411414","漯河市税务局","1380052419","屈园","370515108612061","山西省阳泉市北京丰台区临泓路1号","洪淑","360207199212295160","匿报个人收入所得","未进行中央税、共享税的滞纳金、补税、罚款清算","2015/3/2","丁纨苑","2015/2/11","漯河市税务局","申苑卿","移交司法机关处理","2015/3/26","市场监督管理局","2015/5/16","处理中","2015/8/11"
"116","1420625","荆州市税务局","8363771704","娄月可","510922238111100","重庆市南环路53号悦荟万科广场B1","姜怡香","500327199708213725","关联方交易","未按规定足额申报缴纳营业税金及附加","2016/3/23","丁君","2016/2/3","荆州市税务局","卞才翔","责令限期改正,逾期不改正,处以二千元以下的罚款","2016/2/27","公安机关","2016/3/25","查询中","2016/6/17"
"117","1460811","三亚市税务局","1408822130","顾秋","131425179315182","陕西省宝鸡市垂杨柳中街6号楼西侧平房","马娴岚","411009199110261837","虚构交易","未按照规定期限申报办理纳税申报","2015/8/7","俞茗倩","2015/7/17","三亚市税务局","戴飞成","从缴纳税款之日起，按日加收缴纳税款2%的滞纳金","2015/8/17","期货监督管理机构","2015/10/14","处理完成","2015/12/13"
"118","1341601","合肥市税务局","4609423009","严伯","410719394514732","山西省大同市田村路京粮广场2楼","童有","411221199305128865","利用税目进行偷税","未按照规定办理税务登记证件验证手续","2015/4/17","倪毓茜","2015/3/31","合肥市税务局","孙凤","移交司法机关处理","2015/4/27","银行业监督管理机构","2015/5/13","查询中","2015/7/27"
"119","1331125","宁波市税务局","7816042061","贾琦凝","461124343416657","黑龙江省大庆市红霞中路北京荣源兴业水站旁","屈海泽","121424197810078214","虚增资产","未按照规定期限代扣、代缴税款报告表和有关资料","2014/4/29","贝达信","2014/3/20","宁波市税务局","喻莺","扣押、查封其价值相当于应纳税款的商品、货物或其他财产","2014/5/17","公安机关","2014/7/7","查询中","2014/9/21"
"120","1220927","辽源市税务局","7631310547","谭梅悦","311104128113326","辽宁省大连市国贸附近","裴风","410116198106213527","虚列人数偷税","未按规定足额申报缴纳营业税金及附加","2013/8/4","伏云倩","2013/7/6","辽源市税务局","戴发先","责令限期改正,逾期不改正,处以二千元以下的罚款","2013/8/4","保险监督管理机构","2013/9/24","处理中","2013/11/28"
"121","1221126","白城市税务局","6943335837","廉固平","150112154211914","天津市百子湾路16号","白娣","351208197206224625","隐瞒其他业务收入","未按照规定期限报送纳税资料","2014/11/14","吕贵言","2014/10/7","白城市税务局","戴荔","移交司法机关处理","2014/11/25","食品药品监督管理机构","2014/12/18","查询中","2015/3/9"
"122","1110915","北京税务局","3445486997","姜勇刚","641705906614156","北京市成寿寺路136号中海城7号楼101-7室","成世","141012199303176757","减少营业外收入","无开具数据发票","2015/3/26","蔡卿艳","2015/2/12","北京税务局","黄荔","扣押、查封其价值相当于应纳税款的商品、货物或其他财产","2015/3/19","医疗机构监督管理机构","2015/4/9","处理中","2015/7/16"
"123","1121408","天津税务局","4847532156","祝和","111206395511336","北京市红霞中路北京荣源兴业水站旁","霍翔","121306199202249813","利用发票偷税","未按照规定保管发票","2015/4/24","柯梁","2015/3/20","天津税务局","杨洁凡","责任限期缴纳税款","2015/4/7","银行业监督管理机构","2015/4/17","处理完成","2015/6/15"
"124","1530520","昆明市税务局","6657075238","陈宏","410220249217628","云南省昭通市百子湾路易构空间对面","潘晓","420226198910187282","业务模式造假","未按照规定期限报送纳税资料","2015/10/8","丁致友","2015/9/10","昆明市税务局","祁炎维","通知纳税人开户银行或其他金融机构，暂停滞纳纳税人的金额相当于应纳税款的存款","2015/11/6","市场和质量监督管理机构","2015/12/20","处理完成","2016/3/11"
"125","1130809","秦皇岛市税务局","9433499962","席福","140612214712991","甘肃省兰州市站前街8号院","凌若","310928198410106010","虚增资产","未按照规定期限申报办理纳税申报","2014/12/17","葛梦可","2014/12/3","秦皇岛市税务局","郑滢","扣押、查封其价值相当于应纳税款的商品、货物或其他财产","2015/1/28","证券监督管理机构","2015/2/17","查询中","2015/4/24"
"126","1341112","阜阳市税务局","9716195180","林柔寒","340916905517356","浙江省绍兴市朝阳北路青年汇104号楼底商102","罗楠胜","321720197711176724","扩大产品材料成本","未按照规定期限申报办理税务变更","2015/10/19","程珍姣","2015/9/20","阜阳市税务局","卓仪真","移交司法机关处理","2015/10/26","公安机关","2015/12/19","处理中","2016/2/7"
"127","1411117","安阳市税务局","7228182964","齐朋","651807342110899","上海市垂杨柳中街6号楼西侧平房","伏岚","320618198112038484","隐瞒或者少记销售收入","未按照规定领购发票","2015/10/14","范强承","2015/9/30","安阳市税务局","倪艺","通知纳税人开户银行或其他金融机构，暂停滞纳纳税人的金额相当于应纳税款的存款","2015/11/8","卫生监督管理机构","2015/11/19","处理中","2016/2/8"
"128","1111709","北京税务局","6287832784","熊梅","811322328010383","江西省九江市红霞中路北京荣源兴业水站旁","顾克","510207198506139119","利用税率进行偷税","未按规定足额申报缴纳营业税金及附加","2014/11/8","阮爽","2014/10/28","北京税务局","柯枝珊","责任限期缴纳税款","2014/12/23","行政机关","2015/1/16","处理完成","2015/4/4"
"129","1210727","锦州市税务局","4302686938","白士善","711425325017011","吉林省四平市百子湾路16号","纪炎","440105198210121118","擅自出售保税货物","未按照规定办理税务登记证件换证手续","2015/8/11","胡筠","2015/7/17","锦州市税务局","武鸣仁","通知纳税人开户银行或其他金融机构，暂停滞纳纳税人的金额相当于应纳税款的存款","2015/9/1","工商行政管理机构","2015/9/14","处理完成","2015/12/14"
"130","1331204","温州市税务局","7465382904","萧琦","810206392918260","北京市北京丰台区临泓路1号","张腾","351328198202238847","利用发票偷税","未按照规定期限报送纳税资料","2013/12/27","贺康","2013/11/26","温州市税务局","安武","通知纳税人开户银行或其他金融机构，暂停滞纳纳税人的金额相当于应纳税款的存款","2014/1/19","市场和质量监督管理机构","2014/2/22","处理中","2014/4/20"
"131","1410528","漯河市税务局","1836085693","贺岩雄","711720249616721","河南省开封市民旺北胡同民旺园","卫安","210413199104304239","违规摊销","未按照规定期限报送纳税资料","2014/4/5","卞昌世","2014/2/12","漯河市税务局","戚松浩","责令限期改正,逾期不改正,处以二千元以下的罚款","2014/3/29","安全监督管理机构","2014/5/20","处理中","2014/8/8"
"132","1121109","天津税务局","3151631822","金裕光","340515308611299","吉林省白城市回龙观新龙城北街北区15号龙虾33私房菜","皮鸣","531617197201097310","虚增资产","未进行中央税、共享税的滞纳金、补税、罚款清算","2016/1/22","韦浩","2015/12/21","天津税务局","冯维","扣押、查封其价值相当于应纳税款的商品、货物或其他财产","2016/2/9","国有资产监督管理机构","2016/3/30","查询中","2016/6/13"
"133","1331328","温州市税务局","3273589110","莫滢梅","151102208614850","重庆市丽园路彩虹新城小区北门东侧","冯琛健","141219197905245554","利用税目进行偷税","未按照规定领购发票","2015/12/8","甄澜晓","2015/11/14","温州市税务局","祁兰","处以五千元罚款","2016/1/2","银行业监督管理机构","2016/1/13","查询中","2016/4/8"
"134","1441215","惠州市税务局","1624390080","裴榕民","420912399412128","北京市东直门内大街10号楼-3号","祁婵雪","530305197910105959","虚构交易","未按规定足额申报缴纳营业税金及附加","2015/10/22","范思","2015/9/24","惠州市税务局","姜春","责任限期缴纳税款","2015/11/20","食品药品监督管理机构","2015/12/1","处理完成","2016/3/8"
"135","1361718","赣州市税务局","6613134689","冯伊","411002348813833","天津市亦庄荣昌东街地铁站旁","林致","211623199808042977","虚增资产","未按规定足额申报缴纳营业税金及附加","2015/12/16","魏之力","2015/10/23","赣州市税务局","程悦瑾","责令限期改正,逾期不改正,处以二千元以下的罚款","2015/11/29","行政机关","2015/12/9","查询中","2016/2/10"
"136","1340928","芜湖市税务局","4321733761","阮彪风","440326326216434","广东省广州市朝阳公园路好运街B12商铺","柳清友","141425197112194036","虚构交易","未按规定申报缴纳增值税金及附加","2015/9/5","刘咏滢","2015/7/31","芜湖市税务局","秦悦","责任限期缴纳税款","2015/8/27","银行业监督管理机构","2015/10/22","处理完成","2016/1/8"
"137","1210312","辽阳市税务局","6091232911","谈广","371823111910133","北京市魏公村路近北京理工大学中央民族大学国家图书馆","戴秀","340809198412119477","匿报个人收入所得","伪造发票","2013/10/24","平黛倩","2013/9/27","辽阳市税务局","乔友安","从缴纳税款之日起，按日加收缴纳税款2%的滞纳金","2013/11/7","国有资产监督管理机构","2013/12/21","处理中","2014/2/15"
"138","1411504","安阳市税务局","8394392397","熊泰山","431823346913621","浙江省温州市亮甲店桥头亮甲店路美怡汽车服务有限公司亮甲店分公司隔壁","尹婷","610215197111079573","少计应税利润","未按照规定开具发票","2014/3/31","米真","2014/3/11","安阳市税务局","白寒","责令限期改正,逾期不改正,处以二千元以下的罚款","2014/4/15","安全监督管理机构","2014/5/1","处理完成","2014/7/15"
"139","1330210","嘉兴市税务局","4382281409","毛栋","410917159611053","天津市良乡镇北潞园小区","毛影春","220615198301207496","隐瞒其他业务收入","未按照规定期限代扣、代缴税款报告表和有关资料","2014/6/2","翟翠","2014/4/8","嘉兴市税务局","谭薇","移交司法机关处理","2014/4/18","行政机关","2014/6/7","处理中","2014/9/12"
"140","1431416","岳阳市税务局","7848388720","车彪飞","210110317816187","重庆市望京小街望京商业中心F座","万芝","351315197012225986","利用税目进行偷税","未进行储蓄存款利息所得个人所得税清算，未按规定申报缴纳储蓄存款利息所得个人所得税","2014/5/7","屈纯桂","2014/4/23","岳阳市税务局","周茂策","责令限期改正,逾期不改正,处以二千元以下的罚款","2014/5/4","医疗机构监督管理机构","2014/5/19","处理中","2014/7/31"
"141","1371527","济宁市税务局","4699698106","乔朋","620827331810819","河南省开封市良乡镇北潞园小区","穆贵","411109198711203684","多提固定资产折旧","未按规定申报缴纳增值税金及附加","2014/12/24","樊炎之","2014/12/2","济宁市税务局","穆群","处以五千元罚款","2015/1/13","安全监督管理机构","2015/2/26","查询中","2015/5/12"
"142","1411026","安阳市税务局","7275622642","童飞","450402126416555","福建省厦门市良乡镇北潞园小区","左安","321728197502087310","虚构交易","未按照规定期限申报办理税务注销","2015/3/29","柏媛素","2015/2/3","安阳市税务局","史晨贵","移交司法机关处理","2015/3/27","卫生监督管理机构","2015/4/7","处理中","2015/6/20"
"143","1520518","贵阳市税务局","3018173164","平星涛","120707174512373","黑龙江省大庆市昌崔路北邵洼地铁","魏羽玉","321019199606099927","扩大产品材料成本","无开具数据发票","2014/4/30","吕翰","2014/3/18","贵阳市税务局","俞芸","责令限期改正,逾期不改正,处以二千元以下的罚款","2014/3/29","市场监督管理局","2014/4/19","处理完成","2014/6/9"
"144","1440202","河源市税务局","1519450297","喻彬学","430104336914029","江西省九江市立汤路186号龙德广场5层","颜天光","110801197703051348","隐瞒投资收入","未进行中央税、共享税的滞纳金、补税、罚款清算","2016/6/7","谭谦德","2016/5/7","河源市税务局","水燕瑶","从缴纳税款之日起，按日加收缴纳税款2%的滞纳金","2016/5/23","市场监督管理局","2016/6/4","查询中","2016/8/28"
"145","1610216","咸阳市税务局","5537482501","蔡文","340503298312916","天津市百子湾路16号","俞雁露","610405197808029976","多提固定资产折旧","未按照规定期限申报办理税务登记","2016/2/20","孔舒","2016/2/8","咸阳市税务局","马军","移交司法机关处理","2016/3/2","食品药品监督管理机构","2016/3/30","查询中","2016/6/6"
"146","1330701","杭州市税务局","4544625312","熊翔","370624197912040","安徽省阜阳市春泽路与临泓路交叉口南行80米路西","霍伯全","221724198803149604","隐瞒其他业务收入","未按照规定期限申报办理税务注销","2014/10/4","傅山","2014/8/27","杭州市税务局","石会善","责任限期缴纳税款","2014/10/13","工商行政管理机构","2014/11/24","查询中","2015/2/7"
"147","1211801","阜新市税务局","7576698071","郝广豪","351718399512991","江苏省连云港市古城小街8号","朱欣","420117197806242371","多提固定资产折旧","伪造发票","2015/9/16","石先武","2015/8/9","阜新市税务局","丁姬","由上级机关追究直接责任人员的的行政责任","2015/10/3","医疗机构监督管理机构","2015/11/15","处理中","2016/1/26"
"148","1361706","萍乡市税务局","1519550308","闵坚承","350417197315569","广东省惠州市长辛店东三坡三里58号","任楠鹏","141219199507102281","专用基金支出挤入成本","未进行中央税、共享税的滞纳金、补税、罚款清算","2014/10/21","时家","2014/9/14","萍乡市税务局","席维峰","移交司法机关处理","2014/10/4","期货监督管理机构","2014/11/14","处理中","2015/1/25"
"149","1321320","镇江市税务局","2389731973","梁毅","430410348912171","重庆市万寿路君安写字楼","孙晶红","310308198509292615","利用税率进行偷税","未按规定申报缴纳个体工商户和集贸市场缴纳的增值税、消费税","2015/4/20","费行强","2015/2/20","镇江市税务局","裴园","处以五千元罚款","2015/4/9","证券监督管理机构","2015/5/30","处理完成","2015/9/2"
"150","1350114","泉州市税务局","4306354360","诸霭娟","610306243618609","重庆市文慧园西路内100米","孟珊薇","430125197706037862","虚构利润","未按照规定期限申报办理纳税申报","2015/11/23","郑媛","2015/10/20","泉州市税务局","阮青","由上级机关追究直接责任人员的的行政责任","2015/12/12","食品药品监督管理机构","2016/1/7","处理中","2016/4/7"
"151","1340413","蚌埠市税务局","9785238125","魏娜","210724232110065","天津市大栅栏西街88号","任凡兰","130110198007213564","虚增资产","未按照规定办理税务登记证件验证手续","2015/6/5","林娜黛","2015/4/12","蚌埠市税务局","祝楠之","责令限期改正,逾期不改正,处以二千元以下的罚款","2015/5/19","期货监督管理机构","2015/7/10","处理完成","2015/9/9"
"152","1500708","重庆税务局","9447589474","甘乐群","650406127716198","上海市青年路27号院华纺新天地底商3-3","苗启","120409197706281549","隐瞒其他业务收入","未按照规定期限代扣、代缴税款报告表和有关资料","2015/12/19","季昭馨","2015/10/25","重庆税务局","纪倩","从缴纳税款之日起，按日加收缴纳税款2%的滞纳金","2015/11/25","期货监督管理机构","2016/1/1","处理中","2016/2/20"
"153","1231423","齐齐哈尔市税务局","9867967116","杨策武","370720174117072","河北省唐山市文华西路赵记蜜制烤翅旁","姜顺翔","310904199708083471","少计应税利润","未按照规定期限代扣、代缴税款报告表和有关资料","2015/1/30","颜榕","2014/12/7","齐齐哈尔市税务局","宋成","从缴纳税款之日起，按日加收缴纳税款2%的滞纳金","2014/12/25","市场监督管理局","2015/2/22","处理中","2015/4/15"
"154","1360201","上饶市税务局","6262872072","云琛","451010137118513","云南省保山市农业大学西校区","柯良元","421122197509248131","扩大产品材料成本","伪造发票","2014/1/30","车兰蓉","2013/12/21","上饶市税务局","娄平","责令限期改正,逾期不改正,处以二千元以下的罚款","2014/2/17","行政机关","2014/3/7","处理中","2014/5/13"
"155","1310928","上海税务局","2674128204","韦叶华","530228345017257","甘肃省张掖市悦邻生活服务广场幸福超市一层底商","洪毓","461306197511239250","金融衍生工具","未按照规定领购发票","2013/11/17","董辉","2013/10/1","上海税务局","尹娥","责任限期缴纳税款","2013/11/5","安全监督管理机构","2013/11/28","处理完成","2014/2/13"
"156","1141128","长治市税务局","1444950937","董行翰","341109298115873","黑龙江省双鸭山市崇文门外大街国瑞购物中心3F西南","闵弘","501226199010111972","擅自出售保税货物","伪造发票","2016/4/15","吴维以","2016/2/18","长治市税务局","翟庆磊","通知纳税人开户银行或其他金融机构，暂停滞纳纳税人的金额相当于应纳税款的存款","2016/3/5","安全监督管理机构","2016/4/17","查询中","2016/6/16"
"157","1141613","长治市税务局","9185773557","王英璐","531022136010061","重庆市砖厂南里33号楼3层","云静","211413198107205180","专用基金支出挤入成本","未进行储蓄存款利息所得个人所得税清算，未按规定申报缴纳储蓄存款利息所得个人所得税","2016/1/25","颜弘","2015/12/26","长治市税务局","郭青","通知纳税人开户银行或其他金融机构，暂停滞纳纳税人的金额相当于应纳税款的存款","2016/1/11","安全监督管理机构","2016/2/12","处理完成","2016/4/26"
"158","1510911","德阳市税务局","5193729368","赵寒","440125162717142","北京市大屯北路金泉美食宫一层大屯里312-8","申韵","330220197603188946","虚构利润","伪造发票","2015/6/2","孔民琛","2015/4/13","德阳市税务局","程发刚","扣押、查封其价值相当于应纳税款的商品、货物或其他财产","2015/5/12","安全监督管理机构","2015/7/7","查询中","2015/9/6"
"159","1311825","上海税务局","8804618539","贺泽","370502319418472","海南省三亚市欣宁街15号荟聚购物中心2楼","夏杰","230114197607194205","匿报个人收入所得","未进行中央税、共享税的滞纳金、补税、罚款清算","2014/5/13","洪聪","2014/4/4","上海税务局","龚薇蓉","移交司法机关处理","2014/6/1","医疗机构监督管理机构","2014/6/25","处理中","2014/8/17"
"160","1410121","三门峡市税务局","7080776503","梁毓珍","530708225713021","甘肃省白银市塔营北街北双桥村村委会西行10米","倪兴","331118197104136469","利用税率进行偷税","未按照规定期限报送纳税资料","2015/12/24","席希姬","2015/12/14","三门峡市税务局","柏俊有","通知纳税人开户银行或其他金融机构，暂停滞纳纳税人的金额相当于应纳税款的存款","2016/1/22","工商行政管理机构","2016/2/13","处理完成","2016/5/15"
"161","1410908","新乡市税务局","6605057342","阮惠","711718326312705","天津市王府井大街277号平房30,31,32栋","常芝","611112197007309572","虚列人数偷税","未按规定申报缴纳增值税金及附加","2014/6/27","潘桂巧","2014/6/4","新乡市税务局","苗刚","从缴纳税款之日起，按日加收缴纳税款2%的滞纳金","2014/6/25","市场和质量监督管理机构","2014/8/10","处理中","2014/11/16"
"162","1330414","绍兴市税务局","6384272900","曹桂柔","311415221411885","湖北省宜昌市西六环路永安社区东门旁","严澜璐","361528197501093149","擅自出售保税货物","伪造发票","2014/6/18","曹素","2014/5/2","绍兴市税务局","汪娥婵","责任限期缴纳税款","2014/6/6","行政机关","2014/7/28","处理中","2014/9/23"
"163","1521804","遵义市税务局","7079524872","谭超峰","811811209314008","天津市毛纺西小区旁","戚邦江","411804198101108011","虚列人数偷税","未按照规定办理税务登记证件换证手续","2015/6/9","孙锦桂","2015/4/14","遵义市税务局","蒋蓓雅","扣押、查封其价值相当于应纳税款的商品、货物或其他财产","2015/5/21","证券监督管理机构","2015/6/3","处理中","2015/9/10"
"164","1610818","铜川市税务局","2538340369","乔舒青","351320338818935","江苏省徐州市永旺国际商城","雷凡","111409199005245728","关联方交易","未按照规定保管发票","2014/2/27","鲁玉娅","2014/1/1","铜川市税务局","戚美羽","通知纳税人开户银行或其他金融机构，暂停滞纳纳税人的金额相当于应纳税款的存款","2014/1/29","医疗机构监督管理机构","2014/3/10","查询中","2014/5/21"
"165","1211418","大连市税务局","9548380934","伏彩","231006312215562","辽宁省沈阳市石景山路2号北京台湾街C01区3号楼首层","叶思","350102198709089493","虚列预提费用，偷逃所得税","未按照规定期限报送纳税资料","2015/6/16","喻清","2015/5/18","大连市税务局","鲁君萍","由上级机关追究直接责任人员的的行政责任","2015/7/12","证券监督管理机构","2015/8/9","处理完成","2015/10/21"
"166","1511314","攀枝花市税务局","6382457169","费以","120919221616466","河南省焦作市盘营沟路首城国际22号楼","柯兴明","211321198602079637","业务模式造假","未按规定申报缴纳增值税金及附加","2016/5/14","宋勤","2016/4/10","攀枝花市税务局","吉希芬","责任限期缴纳税款","2016/4/23","医疗机构监督管理机构","2016/6/3","处理完成","2016/8/16"
"167","1321613","连云港市税务局","8370741700","庞晨","331415349518877","天津市华远好天地商业中心37号楼3层301室","何博新","310416196909158404","虚构利润","未进行中央税、共享税的滞纳金、补税、罚款清算","2014/11/20","郑涛思","2014/10/31","连云港市税务局","戚亚凡","处以五千元罚款","2014/11/16","保险监督管理机构","2015/1/5","处理中","2015/4/1"
"168","1130601","邯郸市税务局","1958620873","赵菊慧","320216244011396","山西省大同市西六环路永安社区东门旁","凌康祥","321521197310133118","违规摊销","未按照规定办理税务登记证件换证手续","2016/1/28","袁翰承","2016/1/3","邯郸市税务局","蒋园馥","责任限期缴纳税款","2016/2/13","公安机关","2016/2/29","处理中","2016/5/8"
"169","1530705","昭通市税务局","9081526940","洪茜春","341412342216380","江西省南昌市永旺国际商城","苗希露","500606198807244312","隐瞒投资收入","未按规定申报缴纳个体工商户和集贸市场缴纳的增值税、消费税","2016/5/20","毛妍萍","2016/4/9","昭通市税务局","陶成","从缴纳税款之日起，按日加收缴纳税款2%的滞纳金","2016/5/3","公安机关","2016/5/13","处理中","2016/8/12"
"170","1520324","遵义市税务局","3068156189","乐娟","211315327017196","吉林省白山市农业大学西校区","胡可君","531728197304119084","违规摊销","未进行储蓄存款利息所得个人所得税清算，未按规定申报缴纳储蓄存款利息所得个人所得税","2015/9/6","金琬贞","2015/7/10","遵义市税务局","高伦利","责任限期缴纳税款","2015/7/28","医疗机构监督管理机构","2015/9/8","处理完成","2015/11/27"
"171","1121216","天津税务局","9603772817","柯竹薇","120925346618567","云南省玉溪市望京小街望京商业中心F座","甘榕","130421196910122288","金融衍生工具","未按照规定期限报送纳税资料","2014/5/3","穆霭","2014/3/13","天津税务局","林融菲","扣押、查封其价值相当于应纳税款的商品、货物或其他财产","2014/4/20","行政机关","2014/5/16","处理中","2014/7/28"
"172","1420312","襄樊市税务局","6159041679","甘榕","811321148210115","四川省广元市成寿寺路136号中海城7号楼101-7室","鲁俊哲","221005198409068466","关联方交易","未按照规定期限申报办理税务登记","2014/4/25","姚琴","2014/3/23","襄樊市税务局","翟友","由上级机关追究直接责任人员的的行政责任","2014/4/6","市场和质量监督管理机构","2014/5/20","处理中","2014/7/26"
"173","1361521","景德镇市税务局","8331398376","卜文祥","331604169617963","江苏省淮安市石佛营路与朝阳北路交叉口西北角串通店内","夏姬素","610107197308314140","关联方交易","未按照规定期限申报办理税务登记","2013/8/14","秦航刚","2013/7/31","景德镇市税务局","水伊","通知纳税人开户银行或其他金融机构，暂停滞纳纳税人的金额相当于应纳税款的存款","2013/9/17","市场监督管理局","2013/9/28","处理完成","2013/12/25"
"174","1410727","三门峡市税务局","5411520835","盛永庆","461604218313494","河北省邯郸市来广营乡红军营村53号","莫朗","350923197405176458","利用税率进行偷税","未按照规定办理税务登记证件换证手续","2015/9/10","成岚丽","2015/8/11","三门峡市税务局","方雪巧","责任限期缴纳税款","2015/9/2","市场监督管理局","2015/9/12","处理中","2015/12/2"
"175","1230709","双鸭山市税务局","5095369907","韦苑","710521225514799","上海市永旺国际商城","邬贵峰","221503199705126647","虚构利润","未按照规定期限申报办理税务变更","2015/1/23","郑和彪","2014/12/22","双鸭山市税务局","萧琦","责任限期缴纳税款","2015/1/4","公安机关","2015/2/5","处理完成","2015/4/21"
"176","1520326","遵义市税务局","8644018763","董力","321401321314294","四川省绵阳市回龙观镇北清路1号院8号楼底商","黄梁","501421198805016439","隐瞒投资收入","未按规定足额申报缴纳营业税金及附加","2016/1/22","潘国飞","2015/12/15","遵义市税务局","狄楠波","由上级机关追究直接责任人员的的行政责任","2016/1/30","工商行政管理机构","2016/2/16","查询中","2016/5/8"
"177","1531003","曲靖市税务局","5782191160","范中平","641305227616665","北京市陆港城商业步行街内104-105号","刘娜梅","141714198310109189","利用税目进行偷税","未按照规定开具发票","2014/6/8","邬莉","2014/5/3","曲靖市税务局","穆娴","责任限期缴纳税款","2014/6/8","医疗机构监督管理机构","2014/7/5","查询中","2014/9/5"
"178","1370413","枣庄市税务局","3166085417","郝强亨","631807164718515","辽宁省本溪市二拨子工业园区中路102号","杨雅青","460106199302064830","虚构利润","未按照规定期限申报办理纳税申报","2014/7/29","阮宁秀","2014/6/24","枣庄市税务局","邢枫莉","责令限期改正,逾期不改正,处以二千元以下的罚款","2014/7/17","市场和质量监督管理机构","2014/9/5","处理完成","2014/12/4"
"179","1460421","三亚市税务局","7848762537","葛涛宁","440805393016809","吉林省长春市毛纺西小区旁","谭眉荣","350915197311155149","减少营业外收入","未进行中央税、共享税的滞纳金、补税、罚款清算","2013/9/24","张胜旭","2013/8/2","三亚市税务局","魏蕊素","由上级机关追究直接责任人员的的行政责任","2013/9/13","证券监督管理机构","2013/9/28","处理完成","2013/11/22"
"180","1230322","大庆市税务局","8961588728","乐娣倩","331813201518022","辽宁省辽阳市北七家镇燕城苑南区","邹行民","141022199109238437","利用税率进行偷税","未按规定申报缴纳增值税金及附加","2015/12/8","曹舒芳","2015/10/24","大庆市税务局","卞羽聪","通知纳税人开户银行或其他金融机构，暂停滞纳纳税人的金额相当于应纳税款的存款","2015/12/22","市场和质量监督管理机构","2016/1/28","处理完成","2016/3/18"
"181","1140628","晋城市税务局","5192510809","杨飞","410119149312485","黑龙江省佳木斯市北七家镇燕城苑南区","贾秀","420222197510213587","隐瞒或者少记销售收入","未进行中央税、共享税的滞纳金、补税、罚款清算","2015/3/6","谢彩","2015/2/18","晋城市税务局","方元","责令限期改正,逾期不改正,处以二千元以下的罚款","2015/3/6","公安机关","2015/4/20","查询中","2015/7/27"
"182","1420207","鄂州市税务局","3717011291","谈胜","221508238811883","福建省宁德市石景山路2号北京台湾街C01区3号楼首层","葛娥","230417199605277809","虚构利润","未进行储蓄存款利息所得个人所得税清算，未按规定申报缴纳储蓄存款利息所得个人所得税","2015/10/11","谢健策","2015/9/14","鄂州市税务局","庞冰","扣押、查封其价值相当于应纳税款的商品、货物或其他财产","2015/10/22","国有资产监督管理机构","2015/11/17","处理完成","2016/2/1"
"183","1310625","上海税务局","9074268438","苏天弘","340605165811318","北京市立汤路186号龙德广场5层","萧珊","370424197802049707","利用发票偷税","未按照规定办理税务登记证件换证手续","2016/2/3","廉时林","2015/12/12","上海税务局","毕世富","责任限期缴纳税款","2016/1/8","公安机关","2016/3/7","查询中","2016/5/17"
"184","1140417","太原市税务局","7871127958","薛竹兰","610303147513405","北京市青年沟路西50米","柯裕若","420617197606277006","业务模式造假","未按照规定期限代扣、代缴税款报告表和有关资料","2013/8/5","侯涛刚","2013/7/18","太原市税务局","万娅薇","责令限期改正,逾期不改正,处以二千元以下的罚款","2013/8/23","银行业监督管理机构","2013/9/16","查询中","2013/11/6"
"185","1110127","北京税务局","2848311131","熊卿","460623132116431","海南省三亚市横七条龙隆昌大厦底商","武惠","531201197312107365","减少营业外收入","未按照规定保管发票","2015/6/28","司黛","2015/6/12","北京税务局","申琛","责任限期缴纳税款","2015/7/9","安全监督管理机构","2015/8/27","处理完成","2015/12/2"
"186","1350813","福州市税务局","7519449341","苗琰梦","640224323816268","重庆市西六环路永安社区东门旁","江 雁","360110198306205103","利用税目进行偷税","未按照规定期限报送纳税资料","2015/4/7","莫光坚","2015/2/23","福州市税务局","马悦","责任限期缴纳税款","2015/4/11","医疗机构监督管理机构","2015/5/19","处理中","2015/8/19"
"187","1230127","哈尔滨市税务局","8442524483","余元才","510626236111206","山东省烟台市北青云路青云小区对面","钟惠园","211118198011265955","虚构交易","未按照规定期限申报办理税务变更","2014/11/3","甄兴德","2014/10/10","哈尔滨市税务局","许茗锦","责任限期缴纳税款","2014/11/25","银行业监督管理机构","2014/12/20","处理中","2015/3/15"
"188","1111114","北京税务局","2189798045","宁保","500103133915858","海南省海口市二拨子工业园区中路102号","史良","441703199009112062","专用基金支出挤入成本","未进行中央税、共享税的滞纳金、补税、罚款清算","2015/6/15","魏刚","2015/4/25","北京税务局","顾娜","移交司法机关处理","2015/5/13","质量技术监督机构","2015/5/23","处理完成","2015/8/19"
"189","1500325","重庆税务局","6209833561","朱武","631528223113771","天津市东直门内大街15-7号","舒朗广","130723197803207486","虚构交易","未按照规定期限申报办理税务登记","2013/8/4","诸庆雄","2013/7/1","重庆税务局","庞荷","责令限期改正,逾期不改正,处以二千元以下的罚款","2013/8/13","安全监督管理机构","2013/9/22","处理完成","2013/12/16"
"190","1341106","蚌埠市税务局","4045225820","蓝腾","371528153418607","重庆市黄寺大街佰隆大厦4层","唐腾","361007198507254643","金融衍生工具","未按照规定期限申报办理税务变更","2014/4/26","左宁","2014/4/6","蚌埠市税务局","汤雁妹","通知纳税人开户银行或其他金融机构，暂停滞纳纳税人的金额相当于应纳税款的存款","2014/5/28","卫生监督管理机构","2014/6/27","查询中","2014/9/22"
"191","1310310","上海税务局","2307462531","宋震","611503328910550","黑龙江省双鸭山市魏公村路近北京理工大学中央民族大学国家图书馆","毕哲栋","531614198410122165","金融衍生工具","伪造发票","2016/7/5","庞仪","2016/6/3","上海税务局","元珍红","扣押、查封其价值相当于应纳税款的商品、货物或其他财产","2016/6/13","医疗机构监督管理机构","2016/7/3","处理中","2016/10/8"
"192","1211115","辽阳市税务局","8244013891","安娴","810907161311094","上海市古城小街8号","凌芬","140522198109259878","关联方交易","伪造发票","2014/2/1","潘珊凤","2014/1/16","辽阳市税务局","狄行时","处以五千元罚款","2014/2/19","卫生监督管理机构","2014/3/10","处理完成","2014/5/5"
"193","1350705","宁德市税务局","7335437989","翟昭爱","330913155912439","湖南省郴州市黄寺大街佰隆大厦4层","袁翔","431403197904099153","虚列人数偷税","未按照规定办理税务登记证件验证手续","2016/1/19","祁伦","2015/12/23","宁德市税务局","宁婷韵","责任限期缴纳税款","2016/1/18","安全监督管理机构","2016/2/6","查询中","2016/5/9"
"194","1351322","厦门市税务局","2502786445","陶咏晶","511128248010678","湖南省长沙市广顺南大街悠乐汇610号楼107室","万晓","431320197111304993","多提固定资产折旧","未按规定申报缴纳个体工商户和集贸市场缴纳的增值税、消费税","2015/10/20","谈壮","2015/9/9","厦门市税务局","计竹莎","责任限期缴纳税款","2015/10/17","证券监督管理机构","2015/11/6","处理中","2016/1/6"
"195","1520503","遵义市税务局","6172844350","熊清","361320104210708","天津市王府井大街277号平房30,31,32栋","蓝霄叶","440822199111127327","隐瞒投资收入","伪造发票及领购单位与发票上加盖印章单位名称不符","2015/7/22","韩春芬","2015/6/21","遵义市税务局","尹瑾岚","责令限期改正,逾期不改正,处以二千元以下的罚款","2015/7/29","工商行政管理机构","2015/9/21","查询中","2015/12/13"
"196","1460807","海口市税务局","3024038637","屈明","461626178213696","上海市七星东街七星园11号","丁娅","320121198907171954","业务模式造假","未按照规定保管发票","2015/2/19","郝纯秋","2015/1/9","海口市税务局","贝浩民","责任限期缴纳税款","2015/2/24","国有资产监督管理机构","2015/4/14","查询中","2015/6/26"
"197","1130322","保定市税务局","8934467815","邵姣卿","361409167517445","北京市百子湾桥西一百米路北","张柔艳","310919197904285341","匿报个人收入所得","未按照规定期限申报办理税务登记","2014/5/13","季民","2014/3/23","保定市税务局","乔生梁","责任限期缴纳税款","2014/5/11","医疗机构监督管理机构","2014/7/2","处理完成","2014/9/12"
"198","1321709","南京市税务局","8695174732","丁飘","461313233212289","上海市盘营沟路首城国际22号楼","程珍","121507199411251250","扩大产品材料成本","未按照规定办理税务登记证件换证手续","2013/12/11","戴富","2013/10/14","南京市税务局","叶俊绍","责令限期改正,逾期不改正,处以二千元以下的罚款","2013/11/13","安全监督管理机构","2013/12/14","查询中","2014/2/19"
"199","1221614","通化市税务局","9425874955","蓝素","111814119317043","山西省大同市朝阳北路青年汇104号楼底商102","卜岚环","461826198908274408","利用发票偷税","无开具数据发票","2015/1/27","崔岩","2014/12/21","通化市税务局","潘欣菲","处以五千元罚款","2015/1/11","证券监督管理机构","2015/3/11","处理中","2015/6/12"
"200","1330125","杭州市税务局","6452415730","司广峰","500816198515178","甘肃省平凉市昌崔路北邵洼地铁","汪璐","521226197508204294","专用基金支出挤入成本","未按照规定期限申报办理纳税申报","2015/11/21","崔风超","2015/11/5","杭州市税务局","凌光","移交司法机关处理","2015/12/22","公安机关","2016/1/24","处理完成","2016/4/13"
