"18440","杭州亿超电子商务有限公司江干分公司","崔各庄乡京旺家园二区南侧古建街3号","1454","崔各庄乡京旺家园二区南侧古建街3号","非个体的团队管理模式","医疗行业","254931917","股份制","第III类医疗器械：6822软性角膜接触镜及护理用液的零售","李昌利","13874159530","持有","C","三级","二级","金增敏","13588172312","是","有效","2015-07-20","少量","2015-07-20","路桥区","杭州亿超电子商务有限公司江干分公司","浙江省安全委员会","良好","2606","轻微","整改完毕"
"20236","杭州宝岛浦沿眼镜加盟店","果园新里南区1号楼商铺楼1号","1401","果园新里南区1号楼商铺楼1号","非个体的团队管理模式","医疗行业","692147149","股份制","第三类角膜接触镜及护理用液的零售","余贤星","13477271034","持有","A","三级","二级","张蕙英","13537379584","是","有效","2011-07-29","少量","2011-07-29","普陀区","杭州宝岛浦沿眼镜加盟店","浙江省安全委员会","良好","19228","严重","整改完毕"
"21082","海宁市海洲华夏医疗器械经营部","回龙观东大街腾讯创客广场B座2层16号","1244","回龙观东大街腾讯创客广场B座2层16号","非个体的团队管理模式","医疗行业","219364957","股份制","第Ⅲ类：6825医用高频仪器设备，6830医用X射线设备，6840临床检验分析仪器，6854输液辅助装置，6864医用卫生材料及敷料，6865医用缝合材料及粘合剂（除骨水泥）","李勇","13471336972","持有","B","一级","一级","曾鸿茂","13635651546","是","有效","2013-12-19","少量","2013-12-19","义乌市","海宁市海洲华夏医疗器械经营部","浙江省安全委员会","良好","78549","轻微","整改完毕"
"22549","宁波市鸿健医疗器材有限公司","芍药居11号楼底商","437","芍药居11号楼底商","非个体的团队管理模式","医疗行业","250010769","股份制","第Ⅲ类：6815注射穿刺器械，6866医用高分子材料及制品","任大毛","13788329141","持有","B","二级","一级","池海榛（投资人）","13847953719","是","有效","2012-04-07","少量","2012-04-07","余姚市","宁波市鸿健医疗器材有限公司","浙江省安全委员会","良好","8915","轻微","整改完毕"
"22770","金华梵森医疗科技有限公司","阜石路当代商城二层西侧蜀味源旁","286","阜石路当代商城二层西侧蜀味源旁","非个体的团队管理模式","医疗行业","881526876","股份制","6815注射穿刺器械，6821医用电子仪器设备，6822医用光学器具，仪器及内窥镜设备，6823医用超声仪器及有关设备，6824医用激光仪器设备，6825医用高频仪器设备，6845体外循环及血液处理设备，6846植入材料和人工器官，6854手术室，急救室，诊疗室设备及器具，6864医用卫生材料及敷料，6865医用缝合材料及粘合剂，6866医用高分子材料及制品，6877介入器材","李邦晶","13872480860","持有","B","三级","二级","王紫晶","13857878021","是","有效","2013-05-14","少量","2013-05-14","江北区","金华梵森医疗科技有限公司","浙江省安全委员会","良好","16864","轻微","整改完毕"
"23533","杭州天祐健康管理有限公司","春秀路5号楼102室","1145","春秀路5号楼102室","非个体的团队管理模式","医疗行业","919844916","股份制","6815注射穿刺器械，6821医用电子仪器设备，6822医用光学器具，仪器及内窥镜设备，6823医用超声仪器及有关设备，6826物理治疗及康复设备，6830医用X射线设备，6864医用卫生材料及敷料，6865医用缝合材料及粘合剂，6866医用高分子材料及制品","骆勤伟","13374447190","持有","B","三级","二级","黎锋","13750781085","是","有效","2013-11-26","少量","2013-11-26","温岭市","杭州天祐健康管理有限公司","浙江省安全委员会","良好","80563","严重","整改完毕"
"25240","宁波市鄞州天露医疗器械有限公司","苹果园南路王婆大虾旁","1224","苹果园南路王婆大虾旁","非个体的团队管理模式","医疗行业","347076018","股份制","第Ⅲ类：6810矫形外科(骨科)手术器械，6815注射穿刺器械，6846植入材料和人工器官（除助听器），6854手术室、急救室、诊疗室设备及器具，6564医用卫生材料及敷料，6865医用缝合材料及粘合剂，6866医用高分子材料及制品，6877介入器材","毛文祥","13828580092","持有","B","三级","二级","王士平","13661810664","是","有效","2013-05-08","少量","2013-05-08","慈溪市","宁波市鄞州天露医疗器械有限公司","浙江省安全委员会","良好","17782","轻微","整改完毕"
"27877","杭州首创医疗器械有限公司","龙和路南苑北里二区11号","621","龙和路南苑北里二区11号","非个体的团队管理模式","医疗行业","718303459","股份制","6801基础外科手术器械，6810矫形外科(骨科)手术器械，6815注射穿刺器械，6821医用电子仪器设备，6822医用光学器具，仪器及内窥镜设备，6823医用超声仪器及有关设备，6824医用激光仪器设备，6825医用高频仪器设备，6826物理治疗及康复设备，6830医用X射线设备，6840临床检验分析仪器，6845体外循环及血液处理设备，6846植入材料和人工器官，6854手术室，急救室，诊疗室设备及器具，6863口腔科材料，6864医用卫生材料及敷料，6865医用缝合材料及粘合剂，6866医用高分子材料及制品，6870软件，6877介入器材","叶罗娟","13411264226","持有","B","一级","一级","徐凯","13721549739","是","有效","2013-12-25","少量","2013-12-25","浦江县","杭州首创医疗器械有限公司","浙江省安全委员会","良好","99618","严重","整改完毕"
"28317","永嘉县瓯北新视眼镜有限公司","西三旗桥北新龙大厦2楼","670","西三旗桥北新龙大厦2楼","非个体的团队管理模式","医疗行业","779023907","股份制","第Ⅲ类医疗器械产品(零售)：6822软性角膜接触镜及护理用液","戚忠信","13448978591","持有","A","三级","二级","黎锋","13619310160","是","有效","2013-12-27","少量","2013-12-27","临海市","永嘉县瓯北新视眼镜有限公司","浙江省安全委员会","良好","70169","轻微","整改完毕"
"28580","宁波市健达医用器材有限公司","天坛东路21号5号楼甲1号","1154","天坛东路21号5号楼甲1号","非个体的团队管理模式","医疗行业","398803826","股份制","第三类:6815注射穿刺器械，6825医用高频仪器设备，6864医用卫生材料及敷料，6865医用缝合材料及粘合剂，6866医用高分子材料及制品","陈国荣","13233498208","持有","B","三级","二级","赵益范","13130030902","是","有效","2014-01-03","少量","2014-01-03","温岭市","宁波市健达医用器材有限公司","浙江省安全委员会","良好","33007","严重","整改完毕"
"29225","遂昌光明眼镜店","东小口镇天通苑东苑三区56号楼14门101号","1782","东小口镇天通苑东苑三区56号楼14门101号","非个体的团队管理模式","医疗行业","876930989","股份制","6822医用光学器具，仪器及内窥镜设备（限软性角膜接触镜及护理用液的零售）","陈诚","13171774423","持有","B","三级","二级","周美兰","13511359361","是","有效","2014-01-15","少量","2014-01-15","义乌市","遂昌光明眼镜店","浙江省安全委员会","良好","14870","严重","整改完毕"
"32893","宁波海曙安丰医疗器械有限公司","小关街甲25号","1729","小关街甲25号","非个体的团队管理模式","医疗行业","870118593","股份制","第Ⅲ类：6804眼科手术器械，6815注射穿刺器械，6821医用电子仪器设备，6822医用光学器具、仪器及内窥镜设备（除植入体内或长期接触体内的眼科光学器具），6823医用超声仪器及有关设备，6825医用高频仪器设备，6830医用X射线设备，6845体外循环及血液处理设备，6846植入材料和人工器官，6854手术室，急救室，诊疗室设备及器具，6863口腔科材料，6864医用卫生材料及敷料，6865医用缝合材料及粘合剂，6866医用高分子材料及制品，6877介入器材","蔡伟杰","13609024926","持有","B","三级","一级","余小建","13555524184","是","有效","2013-12-11","少量","2013-12-11","海宁市","宁波海曙安丰医疗器械有限公司","浙江省安全委员会","良好","100357","轻微","整改完毕"
"33058","浙江指南针医疗科技有限公司","西大望路与光华路交叉口往北20米红庙路口南","1705","西大望路与光华路交叉口往北20米红庙路口南","非个体的团队管理模式","医疗行业","692311872","股份制","第III类医疗器械:6815注射穿刺器械、6821医用电子仪器设备、6823医用超声仪器及有关设备、6824医用激光仪器设备、6825医用高频仪器设备、6826物理治疗及康复设备、6830医用X射线设备、6854手术室、急救室、诊疗室设备及器具","曾立辉","13783671431","持有","A","三级","一级","毛永表","13136448013","是","有效","2014-08-14","少量","2014-08-14","海宁市","浙江指南针医疗科技有限公司","浙江省安全委员会","良好","100762","严重","整改完毕"
"33801","浙江长红大药房连锁有限公司雅山东路店","建新东街13号","1898","建新东街13号","非个体的团队管理模式","医疗行业","876135727","股份制","6815注射穿刺器械，6864医用卫生材料及敷料，6866医用高分子材料及制品","孙凌波","13678043824","持有","C","三级","二级","俞生军","13905761206","是","有效","2014-08-27","少量","2014-08-27","庆元县","浙江长红大药房连锁有限公司雅山东路店","浙江省安全委员会","良好","81960","严重","整改完毕"
"34759","杭州微曼科技有限公司","甘露园南里一区30号","969","甘露园南里一区30号","非个体的团队管理模式","医疗行业","163797685","股份制","第Ⅱ类：医用光学器具、仪器及内窥镜设备(除植入体内或长期接触体内的眼科光学器具）","聂睿","13696360890","持有","B","三级","二级","朱乜花","13837090167","是","有效","2014-09-16","少量","2014-09-16","龙湾区","杭州微曼科技有限公司","浙江省安全委员会","良好","84803","严重","整改完毕"
"34981","杭州赵氏眼镜有限公司","劲松七区701-1","475","劲松七区701-1","非个体的团队管理模式","医疗行业","677255178","股份制","第III类医疗器械:软性角膜接触镜及护理用液的零售；","丁佳萍","13702909180","持有","C","二级","一级","陈义响","13410025882","是","有效","2014-05-31","少量","2014-05-31","平阳县","杭州赵氏眼镜有限公司","浙江省安全委员会","良好","18331","轻微","整改完毕"
"35105","长兴利明眼镜店","复兴门外大街丁23号","756","复兴门外大街丁23号","非个体的团队管理模式","医疗行业","702107465","股份制","第Ⅲ类医疗器械：软性角膜接触镜及护理用液","许小利","13163046718","持有","A","三级","二级","潘海雷","13270059727","是","有效","2014-09-17","少量","2014-09-17","文成县","长兴利明眼镜店","浙江省安全委员会","良好","30367","严重","整改完毕"
"36010","慈溪乐明眼镜有限公司","安定门外小营路11号巨擘达大厦底商","866","安定门外小营路11号巨擘达大厦底商","非个体的团队管理模式","医疗行业","247580081","股份制","6822软性角膜接触镜及护理用液","张理慧","13499342848","持有","A","三级","二级","严华军","13898767922","是","有效","2014-09-26","少量","2014-09-26","开发区","慈溪乐明眼镜有限公司","浙江省安全委员会","良好","33876","轻微","整改完毕"
"36651","金华市恒天医疗器械有限公司","知春路36号","1020","知春路36号","非个体的团队管理模式","医疗行业","975821952","股份制","第III类医疗器械:6815注射穿刺器械、6821医用电子仪器设备、6822医用光学器具、仪器及内窥镜设备、6823医用超声仪器及有关设备、6825医用高频仪器设备、6828医用磁共振设备、6830医用X射线设备、6846植入材料和人工器官、6854手术室、急救室、诊疗室设备及器具、6858医用冷疗、低温、冷藏设备及器具、6864医用卫生材料及敷料、6865医用缝合材料及粘合剂、6877介入器材","余翠仙","13143957764","持有","B","三级","二级","包维娉","13260572040","是","有效","2015-12-13","少量","2015-12-13","长兴县","金华市恒天医疗器械有限公司","浙江省安全委员会","良好","13313","严重","整改完毕"
"37205","温州洞头珊美医疗器械有限公司","右安门外开阳里二街五区6号","1666","右安门外开阳里二街五区6号","非个体的团队管理模式","医疗行业","644022922","股份制","第Ⅲ类：6826物理治疗及康复设备","朱和平","13653092449","持有","B","三级","二级","于小梅","13767553705","是","有效","2015-12-13","少量","2015-12-13","长兴县","温州洞头珊美医疗器械有限公司","浙江省安全委员会","良好","93950","轻微","整改完毕"
"46205","杭州新世纪眼镜有限公司","广顺北大街16号望京华彩商业中心望京华彩智选假日酒店4层","1617","广顺北大街16号望京华彩商业中心望京华彩智选假日酒店4层","非个体的团队管理模式","医疗行业","306110715","股份制","第三类医疗器械：6822软性角膜接触镜及护理用液的零售","黎锋","13126248122","持有","C","一级","一级","张荣圆","13415902965","是","有效","2014-07-14","少量","2014-07-14","平阳县","杭州新世纪眼镜有限公司","浙江省安全委员会","良好","70965","严重","整改完毕"
"48267","温州宣博眼镜有限公司","留学路73号","476","留学路73号","非个体的团队管理模式","医疗行业","335098956","股份制","6822医用光学器具，仪器及内窥镜设备（仅限软性角膜接触镜及护理用液零售）","黄旭豪","13115105534","持有","B","一级","一级","张茜","13688172815","是","有效","2015-12-21","少量","2015-12-21","临海市","温州宣博眼镜有限公司","浙江省安全委员会","良好","66989","轻微","整改完毕"
"49809","东阳市锦瑞健康管理有限公司","工体南路5号","154","工体南路5号","非个体的团队管理模式","医疗行业","997096083","股份制","6826物理治疗及康复设备","贾作朋","13541131013","持有","B","三级","二级","程雪峰","13578848161","是","有效","2015-01-21","少量","2015-01-21","兰溪市","东阳市锦瑞健康管理有限公司","浙江省安全委员会","良好","34952","严重","整改完毕"
"49981","杭州奥齿康医疗器械有限公司","中关村南大街5号北京理工大学北侧","979","中关村南大街5号北京理工大学北侧","非个体的团队管理模式","医疗行业","196163578","股份制","第Ⅲ类：6815注射穿刺器械，6823医用超声仪器及有关设备，6830医用X射线设备，6846植入材料和人工器官（限骨修复材料），6863口腔科材料，6864医用卫生材料及敷料","代艳莉","13924733541","持有","A","三级","二级","黎锋","13540082212","是","有效","2015-02-10","少量","2015-02-10","鹿城区","杭州奥齿康医疗器械有限公司","浙江省安全委员会","良好","77810","严重","整改完毕"
"50874","浙江金合博成生物医药有限公司","草桥东路22号","1030","草桥东路22号","非个体的团队管理模式","医疗行业","351324211","股份制","6810矫形外科(骨科)手术器械，6815注射穿刺器械，6821医用电子仪器设备，6822医用光学器具，仪器及内窥镜设备（除角膜接触镜及护理用液），6823医用超声仪器及有关设备，6824医用激光仪器设备，6825医用高频仪器设备，6826物理治疗及康复设备，6828医用磁共振设备，6830医用X射线设备，6831医用X射线附属设备及部件，6832医用高能射线设备，6840临床检验分析仪器，6840体外诊断试剂，6841医用化验和基础设备器具，6845体外循环及血液处理设备，6846植入材料和人工器官（除助听器），6863口腔科材料，6864医用卫生材料及敷料，6865医用缝合材料及粘合剂，6866医用高分子材料及制品，6877介入器材","黄少杰","13534500334","持有","B","三级","一级","应妙燕","13925854950","是","有效","2015-12-25","少量","2015-12-25","嵊州市","浙江金合博成生物医药有限公司","浙江省安全委员会","良好","64530","轻微","整改完毕"
"51473","海盐县西塘桥街道宝岛眼镜店","金蝉西路金蝉欢乐园2号院甲1号楼维吉奥广场1层","755","金蝉西路金蝉欢乐园2号院甲1号楼维吉奥广场1层","非个体的团队管理模式","医疗行业","108363716","股份制","6822医用光学器具，仪器及内窥镜设备","沈明明","13325976668","持有","B","三级","二级","裘星","13659006003","是","有效","2015-11-25","少量","2015-11-25","黄岩区","海盐县西塘桥街道宝岛眼镜店","浙江省安全委员会","良好","104759","严重","整改完毕"
"52639","杭州江申医疗器械有限公司","厂坡村16号七天连锁酒店院内","1591","厂坡村16号七天连锁酒店院内","非个体的团队管理模式","医疗行业","265131224","股份制","6801基础外科手术器械，6815注射穿刺器械，6821医用电子仪器设备，6822医用光学器具，仪器及内窥镜设备，6823医用超声仪器及有关设备，6824医用激光仪器设备，6825医用高频仪器设备，6826物理治疗及康复设备，6830医用X射线设备，6840临床检验分析仪器，6845体外循环及血液处理设备，6846植入材料和人工器官，6854手术室，急救室，诊疗室设备及器具，6864医用卫生材料及敷料，6865医用缝合材料及粘合剂，6866医用高分子材料及制品，6877介入器材","申屠琴芬","13953202780","持有","B","三级","一级","马龙斌","13278050704","是","有效","2015-12-29","少量","2015-12-29","东阳市","杭州江申医疗器械有限公司","浙江省安全委员会","良好","40542","轻微","整改完毕"
"55089","安吉中联医药有限公司仁益店","王府井金鱼胡同18号丽苑公寓2层","710","王府井金鱼胡同18号丽苑公寓2层","非个体的团队管理模式","医疗行业","355850961","股份制","6804眼科手术器械，6815注射穿刺器械，6823医用超声仪器及有关设备，6824医用激光仪器设备，6825医用高频仪器设备，6826物理治疗及康复设备，6828医用磁共振设备，6830医用X射线设备，6832医用高能射线设备，6833医用核素设备，6840临床检验分析仪器，6845体外循环及血液处理设备，6854手术室，急救室，诊疗室设备及器具，6863口腔科材料，6864医用卫生材料及敷料，6865医用缝合材料及粘合剂，6866医用高分子材料及制品，6870软件","郑双喜","13580298966","持有","C","一级","一级","高凯","13509628250","是","有效","2016-01-06","少量","2016-01-06","嘉善县","安吉中联医药有限公司仁益店","浙江省安全委员会","良好","105115","轻微","整改完毕"
"55641","宁波康大恒奕医疗科技有限公司","水闸路12号","1024","水闸路12号","非个体的团队管理模式","医疗行业","617287293","股份制","第Ⅲ类：6801基础外科手术器械，6802显微外科手术器械，6806口腔科手术器械，6810矫形外科(骨科)手术器械，6815注射穿刺器械，6821医用电子仪器设备（除植入性心脏起搏器和植入体内的医用传感器），6822医用光学器具、仪器及内窥镜设备（除植入体内或长期接触体内的眼科光学器具），6823医用超声仪器及有关设备，6825医用高频仪器设备，6826物理治疗及康复设备，6828医用磁共振设备，6830医用X射线设备，6831医用X射线附属设备及部件，6832医用高能射线设备，6846植入材料和人工器官（除助听器），6854手术室，急救室，诊疗室设备及器具，6855口腔科设备及器具，6857消毒和灭菌设备及器具，6864医用卫生材料及敷料，6865医用缝合材料及粘合剂（除骨水泥），6866医用高分子材料及制品，6870软件","陈军","13606473280","持有","B","三级","一级","周凯","13476342544","是","有效","2016-01-11","少量","2016-01-11","柯桥区","宁波康大恒奕医疗科技有限公司","浙江省安全委员会","良好","58143","轻微","整改完毕"
"55762","宁波恒思医疗器械有限公司","翠花胡同31号","1761","翠花胡同31号","非个体的团队管理模式","医疗行业","606741475","股份制","第三类：6810矫形外科(骨科)手术器械，6815注射穿刺器械，6821医用电子仪器设备，6822医用光学器具，仪器及内窥镜设备，6823医用超声仪器及有关设备，6824医用激光仪器设备，6825医用高频仪器设备，6826物理治疗及康复设备，6846植入材料和人工器官，6854手术室，急救室，诊疗室设备及器具，6855口腔科设备及器具，6863口腔科材料，6864医用卫生材料及敷料，6865医用缝合材料及粘合剂，6866医用高分子材料及制品，6870软件，6877介入器材","孙剑","13380609389","持有","B","一级","二级","何彩平","13643268555","是","有效","2016-01-11","少量","2016-01-11","柯桥区","宁波恒思医疗器械有限公司","浙江省安全委员会","良好","89784","严重","整改完毕"
"56862","海宁市硖石南吴眼镜店","交通大学9号教学楼东侧","231","交通大学9号教学楼东侧","非个体的团队管理模式","医疗行业","736566631","股份制","第Ⅲ类：软性角膜接触镜及护理用液的零售。","邓善良","13391278028","持有","B","三级","二级","杨明","13289334892","是","有效","2015-12-13","少量","2015-12-13","德清县","海宁市硖石南吴眼镜店","浙江省安全委员会","良好","101946","严重","整改完毕"
"57068","杭州步升医疗器械有限公司","镇鼓楼南大街中段","1088","镇鼓楼南大街中段","非个体的团队管理模式","医疗行业","105245914","股份制","6801基础外科手术器械，6810矫形外科(骨科)手术器械，6815注射穿刺器械，6821医用电子仪器设备，6822医用光学器具，仪器及内窥镜设备，6823医用超声仪器及有关设备，6824医用激光仪器设备，6825医用高频仪器设备，6826物理治疗及康复设备，6830医用X射线设备，6840临床检验分析仪器，6845体外循环及血液处理设备，6846植入材料和人工器官，6854手术室，急救室，诊疗室设备及器具，6863口腔科材料，6864医用卫生材料及敷料，6865医用缝合材料及粘合剂，6866医用高分子材料及制品，6870软件，6877介入器材","申屠金华","13876787897","持有","A","三级","二级","陈亚楠","13931858933","是","有效","2015-12-13","少量","2015-12-13","长兴县","杭州步升医疗器械有限公司","浙江省安全委员会","良好","70027","严重","整改完毕"
"57162","杭州兴明医疗器材有限公司","广外大街恒昌花园5号楼1楼","1118","广外大街恒昌花园5号楼1楼","非个体的团队管理模式","医疗行业","408363675","股份制","第III类医疗器械：6822医用光学器具、仪器及内窥镜设备，6823医用超声仪器设备，6824医用激光仪器设备，6825医用高频仪器设备","聂明","13678865498","持有","B","三级","二级","毛丹丹","13126581809","是","有效","2015-12-13","少量","2015-12-13","长兴县","杭州兴明医疗器材有限公司","浙江省安全委员会","良好","65641","严重","整改完毕"
"58857","温州一洲医药连锁有限公司水心店","枣园路杨国福麻辣烫旁","1010","枣园路杨国福麻辣烫旁","非个体的团队管理模式","医疗行业","991159181","股份制","第III类医疗器械:6815注射穿刺器械","黄晓秋","13570667728","持有","B","三级","二级","张丽丽","13885363429","是","有效","2015-12-13","少量","2015-12-13","安吉县","温州一洲医药连锁有限公司水心店","浙江省安全委员会","良好","25424","严重","整改完毕"
"58862","安吉新视界眼镜有限公司","永宁镇拱辰街70号","469","永宁镇拱辰街70号","非个体的团队管理模式","医疗行业","901025035","股份制","6822医用光学器具，仪器及内窥镜设备","叶海松","13274223562","持有","B","一级","一级","韩红利","13797722352","是","有效","2015-12-13","少量","2015-12-13","安吉县","安吉新视界眼镜有限公司","浙江省安全委员会","良好","102107","轻微","整改完毕"
"59721","杭州亦涵医疗器械有限公司","北皋一号国际艺术区A02","394","北皋一号国际艺术区A02","非个体的团队管理模式","医疗行业","814176827","股份制","第Ⅲ类：6810矫形外科（骨科）手术器械，6815注射穿刺器械，6821医用电子仪器设备（除植入式心脏起搏器和植入体内的医用传感器），6822医用光学器具、仪器及内窥镜设备（除植入体内或长期接触体内的眼科光学器具），6823医用超声仪器及有关设备，6824医用激光仪器设备，6825医用高频仪器设备，6826物理治疗及康复设备，6828医用磁共振设备，6830医用X射线设备，6832医用高能射线设备，6845体外循环及血液处理设备，6854手术室、急救室、诊疗室设备及器具，6863口腔科材料，6864医用卫生材料及敷料，6865医用缝合材料及粘合剂，6866医用高分子材料及制品,6877介入器械","严加财","13475927661","持有","A","三级","二级","黄锐","13112401331","是","有效","2015-12-13","少量","2015-12-13","南浔区","杭州亦涵医疗器械有限公司","浙江省安全委员会","良好","102352","严重","整改完毕"
"64911","温州市左右光学有限公司","太平桥西里26号楼","559","太平桥西里26号楼","非个体的团队管理模式","医疗行业","986598984","股份制","第Ⅲ类：6822软性角膜接触镜及护理用液的零售。","林传信","13754292386","持有","B","三级","二级","徐冬波","13607675527","是","有效","2016-03-07","少量","2016-03-07","越城区","温州市左右光学有限公司","浙江省安全委员会","良好","3411","轻微","整改完毕"
"65523","宁波北仑宝中眼镜有限公司大润发分公司","香山东路厢红旗娘娘府","1356","香山东路厢红旗娘娘府","非个体的团队管理模式","医疗行业","804616145","股份制","第Ⅲ类：6822软性角膜接触镜及护理用液","梁美丽","13274302294","持有","B","三级","二级","沈启链","13438289398","是","有效","2016-03-24","少量","2016-03-24","景宁畲族自治县","宁波北仑宝中眼镜有限公司大润发分公司","浙江省安全委员会","良好","48188","严重","整改完毕"
"913301007471539452","杭州加美科技有限公司","西罗园南里68号","1562","西罗园南里68号","非个体的团队管理模式","医疗行业","922487929","股份制","第Ⅲ类：6822医用光学器具，仪器及内窥镜设备","李艳娟","13170221516","持有","B","三级","二级","寿慰贞","13788856415","是","有效","2014-08-28","少量","2014-08-28","上城区","杭州加美科技有限公司","浙江省安全委员会","良好","102813","严重","整改完毕"
"913301097323923298","桐庐润峰医疗器械有限公司","龙潭北里3条3号楼","1449","龙潭北里3条3号楼","非个体的团队管理模式","医疗行业","521629123","股份制","第III类医疗器械:6822医用光学器具、仪器及内窥镜设备（除植入体内或长期接触体内的眼科光学器具）、6825医用高频仪器设备。","赵岳峰","13977076703","持有","B","三级","一级","张建良","13753178950","是","有效","2015-12-31","少量","2015-12-31","萧山区","桐庐润峰医疗器械有限公司","浙江省安全委员会","良好","95633","轻微","整改完毕"
"913301107471890086","杭州仨益原贸易有限公司","后沙峪镇火神营吉祥公寓外","1660","后沙峪镇火神营吉祥公寓外","非个体的团队管理模式","医疗行业","449162289","股份制","第III类：6815注射穿刺器械，6866医用高分子材料及制品；","唐勤","13186154794","持有","B","三级","二级","薛烽","13304539514","是","有效","2014-07-16","少量","2014-07-16","余杭区","杭州仨益原贸易有限公司","浙江省安全委员会","良好","42389","严重","整改完毕"
"913301107572237591","宁波四明大药房有限责任公司兴宁路连锁店","北新华街62号","1576","北新华街62号","非个体的团队管理模式","医疗行业","762383657","股份制","第Ⅲ类:注射穿刺器械，医用高频仪器设备，手术室、急救室、诊疗室设备及器具，医用卫生材料及敷料，医用高分子材料及制品.","胡明","13849736612","持有","B","三级","二级","赵益范","13862142809","是","有效","2013-12-20","少量","2013-12-20","余杭区","宁波四明大药房有限责任公司兴宁路连锁店","浙江省安全委员会","良好","17925","严重","整改完毕"
"913301227909479190","温州乐学眼镜商贸有限公司","望京东园一区120号新荟城购物中心4层","472","望京东园一区120号新荟城购物中心4层","非个体的团队管理模式","医疗行业","861617239","股份制","第Ⅲ类：6822软性角膜接触镜及护理用液的零售.","陈树钢","13576552428","持有","B","三级","二级","邓凯","13767296006","是","有效","2014-07-17","少量","2014-07-17","桐庐县","温州乐学眼镜商贸有限公司","浙江省安全委员会","良好","110521","严重","整改完毕"
"913302266655664983","宁波亿康医疗设备有限公司","清华东路35号","1182","清华东路35号","非个体的团队管理模式","医疗行业","867974656","股份制","第Ⅲ类：6823医用超声仪器及有关设备，6828医用磁共振设备，6830医用X射线设备，6845体外循环及血液处理设备，6864医用卫生材料及敷料，6866医用高分子材料及制品（除一次性输血、输液器具）；6846植入材料和人工器官（除助听器），6877介入器材，6833医用核素设备","徐建清","13852801585","持有","B","二级","一级","陈航","13314566061","是","有效","2013-07-25","少量","2013-07-25","宁海县","宁波亿康医疗设备有限公司","浙江省安全委员会","良好","26486","轻微","整改完毕"
"913302816776932401","申翌生物科技（杭州）有限公司","鲁谷路永乐西小区1号楼底商","289","鲁谷路永乐西小区1号楼底商","非个体的团队管理模式","医疗行业","251700487","股份制","6822医用光学器具，仪器及内窥镜设备，6823医用超声仪器及有关设备，6826物理治疗及康复设备，6832医用高能射线设备，6840临床检验分析仪器，6840体外诊断试剂，6854手术室，急救室，诊疗室设备及器具，6870软件","吴军卫","13562156445","持有","B","二级","一级","蔡香凤","13594544229","是","有效","2012-03-17","少量","2012-03-17","余姚市","申翌生物科技（杭州）有限公司","浙江省安全委员会","良好","83122","轻微","整改完毕"
"913302827900707585","诸暨市博群医疗器械有限公司","建外soho西区12号1205底商","368","建外soho西区12号1205底商","非个体的团队管理模式","医疗行业","847510287","股份制","6846植入材料和人工器官","孟丽芳","13585438332","持有","B","三级","一级","黄凯","13640632307","是","有效","2013-05-08","少量","2013-05-08","慈溪市","诸暨市博群医疗器械有限公司","浙江省安全委员会","良好","110290","轻微","整改完毕"
"913302836102508671","杭州绿光眼镜店","中国邮政储蓄银行厢红旗支行对面","141","中国邮政储蓄银行厢红旗支行对面","非个体的团队管理模式","医疗行业","466545153","股份制","第Ⅲ类：6822软性角膜接触镜及护理用液的零售","包必有","13877162003","持有","B","三级","一级","马凯","13842153749","是","有效","2013-09-09","少量","2013-09-09","奉化市","杭州绿光眼镜店","浙江省安全委员会","良好","17012","轻微","整改完毕"
"913303032565317109","嘉兴鸿福电子医疗器械有限公司","阜成门华联商场西侧美食楼三楼","1421","阜成门华联商场西侧美食楼三楼","非个体的团队管理模式","医疗行业","580657174","股份制","第III类医疗器械:6815注射穿刺器械、6821医用电子仪器设备、6854手术室、急救室、诊疗室设备及器具、6864医用卫生材料及敷料、6865医用缝合材料及粘合剂、6866医用高分子材料及制品、6877介入器材","潘玲莉","13498829140","持有","A","一级","一级","张长兵","13323320710","是","有效","2014-02-04","少量","2014-02-04","龙湾区","嘉兴鸿福电子医疗器械有限公司","浙江省安全委员会","良好","40824","严重","整改完毕"
"913303037043237136","温州市朗视眼镜有限公司","永定门内东街中里15号","1585","永定门内东街中里15号","非个体的团队管理模式","医疗行业","754307285","股份制","第Ⅲ类医疗器械：6822软性角膜接触镜及护理用液的零售","蔡启锋","13489296190","持有","A","三级","一级","倪晓盼","13176485686","是","有效","2014-12-31","少量","2014-12-31","龙湾区","温州市朗视眼镜有限公司","浙江省安全委员会","良好","51114","轻微","整改完毕"
"913303037590677372","绍兴市康洋医疗器械有限公司","四季青闵庄南路天香颐北里17号楼b","1991","四季青闵庄南路天香颐北里17号楼b","非个体的团队管理模式","医疗行业","957052926","股份制","6815注射穿刺器械，6821医用电子仪器设备，6822医用光学器具，仪器及内窥镜设备，6823医用超声仪器及有关设备，6824医用激光仪器设备，6825医用高频仪器设备，6828医用磁共振设备，6845体外循环及血液处理设备，6854手术室，急救室，诊疗室设备及器具，6865医用缝合材料及粘合剂，6866医用高分子材料及制品","胡红芳","13314600599","持有","C","三级","二级","陈泳荪","13358878319","是","有效","2014-09-18","少量","2014-09-18","龙湾区","绍兴市康洋医疗器械有限公司","浙江省安全委员会","良好","21992","轻微","整改完毕"
"913303037829024549","温州市福音堂药品零售有限公司","香山买卖街西头香山公园内","1235","香山买卖街西头香山公园内","非个体的团队管理模式","医疗行业","772640155","股份制","第III类医疗器械:6815注射穿刺器械、6854手术室、急救室、诊疗室设备及器具、6864医用卫生材料及敷料、6866医用高分子材料及制品","李志雄","13241841199","持有","B","二级","一级","汪校明","13858421041","是","有效","2014-09-18","少量","2014-09-18","龙湾区","温州市福音堂药品零售有限公司","浙江省安全委员会","良好","87133","轻微","整改完毕"
"913303241454320315","浙江木植健康产业有限公司","北农路2号华北电力大学内","1751","北农路2号华北电力大学内","非个体的团队管理模式","医疗行业","311823059","股份制","第三类：6865医用缝合材料及粘合剂（除骨水泥）","郭峰","13743137984","持有","A","三级","二级","许行顺","13616107656","是","有效","2013-12-30","少量","2013-12-30","永嘉县","浙江木植健康产业有限公司","浙江省安全委员会","良好","94970","轻微","整改完毕"
"913303247976399432","杭州利荣医疗器械有限公司","蓟门里小区南8楼东侧","1314","蓟门里小区南8楼东侧","非个体的团队管理模式","医疗行业","565443092","股份制","6801基础外科手术器械，6810矫形外科(骨科)手术器械，6815注射穿刺器械，6821医用电子仪器设备，6822医用光学器具，仪器及内窥镜设备，6823医用超声仪器及有关设备，6824医用激光仪器设备，6825医用高频仪器设备，6826物理治疗及康复设备，6830医用X射线设备，6840临床检验分析仪器，6845体外循环及血液处理设备，6846植入材料和人工器官，6854手术室，急救室，诊疗室设备及器具，6863口腔科材料，6864医用卫生材料及敷料，6865医用缝合材料及粘合剂，6866医用高分子材料及制品，6870软件，6877介入器材","汪德磊","13198444634","持有","B","二级","一级","楼万里","13849915426","是","有效","2015-12-29","少量","2015-12-29","永嘉县","杭州利荣医疗器械有限公司","浙江省安全委员会","良好","24264","轻微","整改完毕"
"913303265517989950","杭州众腾科技有限公司","广安门内大街251-2号","1384","广安门内大街251-2号","非个体的团队管理模式","医疗行业","761075003","股份制","6821医用电子仪器设备，6845体外循环及血液处理设备，6854手术室，急救室，诊疗室设备及器具，6866医用高分子材料及制品","寿永锋","13220715462","持有","C","三级","二级","陈燕玉","13365406835","是","有效","2014-10-27","少量","2014-10-27","平阳县","杭州众腾科技有限公司","浙江省安全委员会","良好","24187","严重","整改完毕"
"913303267450598596","金华远齐医疗器材有限公司","高碑店新村一区45-6","2000","高碑店新村一区45-6","非个体的团队管理模式","医疗行业","796583301","股份制","6815注射穿刺器械，6854手术室，急救室，诊疗室设备及器具，6864医用卫生材料及敷料，6866医用高分子材料及制品","龚平","13903678163","持有","C","三级","一级","黎锋","13590862104","是","有效","2014-08-09","少量","2014-08-09","平阳县","金华远齐医疗器材有限公司","浙江省安全委员会","良好","48852","轻微","整改完毕"
"913303827125773693","桐乡市觅镜贸易有限公司","丰台南路鸿业兴园二区1号楼1-2层","1916","丰台南路鸿业兴园二区1号楼1-2层","非个体的团队管理模式","医疗行业","555948384","股份制","6822软性角膜接触镜及其护理用液","马黎明","13419278632","持有","A","三级","二级","王晓君","13391896969","是","有效","2014-09-24","少量","2014-09-24","乐清市","桐乡市觅镜贸易有限公司","浙江省安全委员会","良好","51053","严重","整改完毕"
"913303827996219075","宁波海王星辰健康药房有限公司常青藤店","旱河路368号1号院","697","旱河路368号1号院","非个体的团队管理模式","医疗行业","853052643","股份制","第Ⅱ类：普通诊察器械，医用电子仪器设备，医用光学器具、仪器及内窥镜设备，物理治疗及康复设备，中医器械，临床检验分析仪器，医用化验和基础设备器具，手术室、急救室、诊疗室设备及器具，病房护理设备及器具，医用高分子材料及制品","邹明","13960711467","持有","C","三级","二级","王凯","13547359176","是","有效","2014-11-25","少量","2014-11-25","乐清市","宁波海王星辰健康药房有限公司常青藤店","浙江省安全委员会","良好","88128","严重","整改完毕"
"913304007458400205","杭州广仁医疗器械有限公司","红军营南路汇中广场二层","1697","红军营南路汇中广场二层","非个体的团队管理模式","医疗行业","139566628","股份制","6821医用电子仪器设备，6823医用超声仪器及有关设备，6864医用卫生材料及敷料","周吉娥","13254409515","持有","B","三级","二级","金美仙（经营者）","13200622072","是","有效","2015-06-23","少量","2015-06-23","平湖市","杭州广仁医疗器械有限公司","浙江省安全委员会","良好","41332","轻微","整改完毕"
"913304020583036027","温州市娄桥新势力眼镜有限公司","天泰新房苑小区西","1514","天泰新房苑小区西","非个体的团队管理模式","医疗行业","597392909","股份制","6822医用光学器具，仪器及内窥镜设备（仅限软性角膜接触镜及护理用液）","潘琳玮","13751989210","持有","B","三级","一级","鲍海燕","13131410118","是","有效","2015-12-03","少量","2015-12-03","南湖区","温州市娄桥新势力眼镜有限公司","浙江省安全委员会","良好","103018","轻微","整改完毕"
"913304217044152202","杭州康磊科技有限公司","红螺寺外","455","红螺寺外","非个体的团队管理模式","医疗行业","269366229","股份制","第III类、第II类：6815注射穿刺器械，6821医用电子仪器设备（除植入式心脏起搏器和植入体内的医用传感器），6824医用激光仪器设备，6840临床检验分析仪器，6845体外循环及血液处理设备，6854手术室、急救室、诊疗室设备及器具，6866医用高分子材料及制品；第II类：6820普通诊察器械，6822医用光学器具、仪器及内窥镜设备，6831医用X射结附属设备及部件，6841医用化验和基础设备器具，6857消毒和灭菌设备及器具，6858医用冷疗、低温、冷藏设备及器具；二、三类体外诊断试剂（不含药品）","刘建涛","13677696660","持有","B","三级","二级","项善枝","13984026745","是","有效","2014-09-04","少量","2014-09-04","嘉善县","杭州康磊科技有限公司","浙江省安全委员会","良好","50052","轻微","整改完毕"
"913304837044436864","杭州靖鑫医疗器械有限公司","育慧西里11号楼","1602","育慧西里11号楼","非个体的团队管理模式","医疗行业","249932460","股份制","6826物理治疗及康复设备","马洪文","13195672140","持有","B","三级","一级","韩志奋","13638832350","是","有效","2014-08-12","少量","2014-08-12","桐乡市","杭州靖鑫医疗器械有限公司","浙江省安全委员会","良好","46825","严重","整改完毕"
"913304837549122172","余姚尚夏眼镜有限公司","龙岗路宝盛里小区34号对面","1156","龙岗路宝盛里小区34号对面","非个体的团队管理模式","医疗行业","435308070","股份制","第Ⅲ类：6822医用光学器具、仪器及内窥镜设备（限软性角膜接触镜及护理用液）","朱建波","13723631521","持有","A","一级","一级","蒋红梅","13682640801","是","有效","2014-08-12","少量","2014-08-12","桐乡市","余姚尚夏眼镜有限公司","浙江省安全委员会","良好","99961","轻微","整改完毕"
"913304837679903886","杭州赛铭医疗器械有限公司","苏家坨镇稻香湖路28号稻香湖景酒店","726","苏家坨镇稻香湖路28号稻香湖景酒店","非个体的团队管理模式","医疗行业","887717827","股份制","第III类医疗器械：6812妇产科用手术器械，6815注射穿刺器械，6821医用电子仪器设备（除植入式心脏起搏器和植入体内的医用传感器），6823医用超声仪器及有关设备，6846植入材料和人工器官（限骨科植入物），6866医用高分子材料及制品，6877介入器材","李贺","13799249037","持有","B","三级","一级","孔繁强","13544631301","是","有效","2014-08-08","少量","2014-08-08","桐乡市","杭州赛铭医疗器械有限公司","浙江省安全委员会","良好","35887","严重","整改完毕"
"913304837707324274","宁波梅山保税港区利德医疗器械有限公司","和平里东街11号","240","和平里东街11号","非个体的团队管理模式","医疗行业","230099248","股份制","6822医用光学器具，仪器及内窥镜设备，6825医用高频仪器设备，6864医用卫生材料及敷料，6865医用缝合材料及粘合剂，6866医用高分子材料及制品","王锦","13495030306","持有","B","三级","二级","袁智瑜","13807088565","是","有效","2014-09-03","少量","2014-09-03","桐乡市","宁波梅山保税港区利德医疗器械有限公司","浙江省安全委员会","良好","46737","严重","整改完毕"
"913305007530362008","宁波德尚医疗器械有限公司","丰管路16号院12号楼(华泰翔大酒店)","1821","丰管路16号院12号楼(华泰翔大酒店)","非个体的团队管理模式","医疗行业","276704245","股份制","第Ⅲ类：6821医用电子仪器设备（除植入式心脏起搏器和植入体内的医用传感器），6822医用光学器具、仪器及内窥镜设备（除植入体内或长期接触体内的眼科光学器具），6828医用磁共振设备，6830医用X射线设备，6854手术室、急救室、诊疗室设备及器具","张明","13597929233","持有","B","三级","二级","李凯","13449090205","是","有效","2015-12-13","少量","2015-12-13","德清县","宁波德尚医疗器械有限公司","浙江省安全委员会","良好","104015","严重","整改完毕"
"913305007601589780","杭州隽弘医疗科技有限公司","旧宫镇旧宫村第四村委会西南","106","旧宫镇旧宫村第四村委会西南","非个体的团队管理模式","医疗行业","683855715","股份制","第III类医疗器械：6815注射穿刺器械，6821医用电子仪器设备（除植入式心脏起搏器和植入体内的医用传感器），6822医用光学器具、仪器及内窥镜设备（除植入体内或长期接触体内的眼科光学器具），6823医用超声仪器及有关设备，6824医用激光仪器设备，6825医用高频仪器设备，6826物理治疗及康复设备，6828医用磁共振设备，6830医用X射线设备，6832医用高能射线设备，6833医用核素设备，6845体外循环及血液处理设备，6854手术室、急救室、诊疗室设备及器具，6858医用冷疗、低温、冷藏设备及器具，6863口腔科材料，6864医用卫生材料及敷料，6865医用缝合材料及粘合剂(除骨水泥），6866医用高分子材料及制品，6870软件，6877介入器材","龚毅","13653488860","持有","B","三级","二级","石灵芝","13130837559","是","有效","2015-12-13","少量","2015-12-13","长兴县","杭州隽弘医疗科技有限公司","浙江省安全委员会","良好","84910","严重","整改完毕"
"913305030605598347","杭州富阳亚泰医疗器械有限公司","望京启阳路2号昆泰酒店1楼","352","望京启阳路2号昆泰酒店1楼","非个体的团队管理模式","医疗行业","205153872","股份制","第III类医疗器械:6846植入材料和人工器官，6865医用缝合材料及粘合剂","诸葛忠明","13503294559","持有","B","三级","一级","王要","13406605502","是","有效","2015-12-13","少量","2015-12-13","南浔区","杭州富阳亚泰医疗器械有限公司","浙江省安全委员会","良好","94114","轻微","整改完毕"
"913305210656039100","杭州隆尚医疗器械有限公司","中关村大街59号中国人民大学东门拳道馆边上","1090","中关村大街59号中国人民大学东门拳道馆边上","非个体的团队管理模式","医疗行业","312797291","股份制","6801基础外科手术器械，6815注射穿刺器械，6821医用电子仪器设备，6822医用光学器具，仪器及内窥镜设备，6823医用超声仪器及有关设备，6824医用激光仪器设备，6825医用高频仪器设备，6830医用X射线设备，6840临床检验分析仪器，6845体外循环及血液处理设备，6846植入材料和人工器官，6854手术室，急救室，诊疗室设备及器具，6863口腔科材料，6864医用卫生材料及敷料，6865医用缝合材料及粘合剂，6866医用高分子材料及制品，6877介入器材","申屠伟","13424074007","持有","B","二级","一级","潘高良","13174458507","是","有效","2015-12-13","少量","2015-12-13","德清县","杭州隆尚医疗器械有限公司","浙江省安全委员会","良好","63053","轻微","整改完毕"
"913305211470816859","杭州富辰电子贸易有限公司","马坡镇西丰乐村","1859","马坡镇西丰乐村","非个体的团队管理模式","医疗行业","906533200","股份制","第Ⅲ类医疗器械：6821医用电子仪器设备，6822医用光学器具、仪器及内窥镜设备，6823医用超声仪器及有关设备，6824医用激光仪器设备，6825医用高频仪器设备，6830医用X射线设备，6840临床检验分析仪器，6845体外循环及血液处理设备，6854手术室、急救室、诊疗室设备及器具，6858医用冷疗、低温、冷藏设备及器具","冯雅中","13461153499","持有","B","一级","一级","吴金花","13961357093","是","有效","2015-12-13","少量","2015-12-13","德清县","杭州富辰电子贸易有限公司","浙江省安全委员会","良好","40203","轻微","整改完毕"
"913306007985603218","杭州运光眼镜店","东四北大街428-1号","621","东四北大街428-1号","非个体的团队管理模式","医疗行业","403155351","股份制","6822角膜接触镜及护理用液","董丁","13492977996","持有","B","三级","二级","何建祥","13651726366","是","有效","2014-12-31","少量","2014-12-31","上虞市","杭州运光眼镜店","浙江省安全委员会","良好","78753","严重","整改完毕"
"913306217441221585","杭州海川医疗器械有限公司","颐和园路5号北京大学内","447","颐和园路5号北京大学内","非个体的团队管理模式","医疗行业","745181900","股份制","第III类医疗器械:6822医用光学器具、仪器及内窥镜设备（除植入体内或长期接触体内的眼科光学器具）、6825医用高频仪器设备、6865医用缝合材料及粘合剂","楼根土","13277947781","持有","B","三级","一级","唐海燕","13829806989","是","有效","2016-01-11","少量","2016-01-11","柯桥区","杭州海川医疗器械有限公司","浙江省安全委员会","良好","60006","轻微","整改完毕"
"913306217450650600","杭州迪安基因工程有限公司","西三环中路公主坟海军大院内","242","西三环中路公主坟海军大院内","非个体的团队管理模式","医疗行业","949377571","股份制","第Ⅲ类：6815注射穿刺器械，6821医用电子仪器设备（除植入式心脏起搏器和植入体内的医用传感器），6822医用光学器具、仪器及内窥镜设备（除植入体内或长期接触体内的眼科光学器具），6823医用超声仪器及有关设备，6824医用激光仪器设备，6825医用高频仪器设备，6828医用磁共振设备，6830医用X射线设备，6833医用核素设备，6840临床检验分析仪器，6840体外诊断试剂（不含药品），6854手术室、急救室、诊疗室设备及器具","陈海斌","13379035275","持有","A","三级","二级","邱建强","13501482995","是","有效","2013-12-30","少量","2013-12-30","柯桥区","杭州迪安基因工程有限公司","浙江省安全委员会","良好","36619","严重","整改完毕"
"913306817200178713","浙江汇益科技有限公司","花园路甲2号","1846","花园路甲2号","非个体的团队管理模式","医疗行业","524872404","股份制","第Ⅲ类医疗器械：6815注射穿刺器械，6840临床检验分析仪器，6840体外诊断试剂（不含药品），6841医用化验和基础设备器具，6866医用高分子材料及制品","王继芳","13734606352","持有","B","三级","二级","胡凯","13120456516","是","有效","2015-09-01","少量","2015-09-01","诸暨市","浙江汇益科技有限公司","浙江省安全委员会","良好","52414","严重","整改完毕"
"913306817236185680","浙江大光明眼镜有限公司文苑分公司","清华南路燕东园门口西100米","1409","清华南路燕东园门口西100米","非个体的团队管理模式","医疗行业","698619297","股份制","第Ⅲ类：6822软性角膜接触镜及护理用液的零售","赵益范","13769375583","持有","B","三级","二级","姜国亮","13445434929","是","有效","2015-06-09","少量","2015-06-09","诸暨市","浙江大光明眼镜有限公司文苑分公司","浙江省安全委员会","良好","1855","严重","整改完毕"
"913306817352731146","杭州惠方医疗器械有限公司","北七家镇定泗路羊各庄新村东侧，驿府酒店2层","1009","北七家镇定泗路羊各庄新村东侧，驿府酒店2层","非个体的团队管理模式","医疗行业","818215056","股份制","第III类医疗器械:6821医用电子仪器设备（除植入式心脏起搏器和植入体内的医用传感器）、6823医用超声仪器及有关设备、6825医用高频仪器设备、6830医用X射线设备、6854手术室、急救室、诊疗室设备及器具","杨艳霞","13766523127","持有","B","一级","一级","潘传袖","13814917766","是","有效","2015-05-20","少量","2015-05-20","诸暨市","杭州惠方医疗器械有限公司","浙江省安全委员会","良好","19745","轻微","整改完毕"
"913306837804728926","温州欧乐医疗器械有限公司","九棵树中路桃花岛底商998-38号","1525","九棵树中路桃花岛底商998-38号","非个体的团队管理模式","医疗行业","304471541","股份制","第III类医疗器械:6815注射穿刺器械、6821医用电子仪器设备、6822医用光学器具、仪器及内窥镜设备、6823医用超声仪器及有关设备、6824医用激光仪器设备、6825医用高频仪器设备、6833医用核素设备、6840临床检验分析仪器、6845体外循环及血液处理设备、6846植入材料和人工器官、6854手术室、急救室、诊疗室设备及器具、6863口腔科材料、6864医用卫生材料及敷料、6865医用缝合材料及粘合剂、6866医用高分子材料及制品、6877介入器材","应梨花","13723484293","持有","B","三级","二级","毛必安","13568708544","是","有效","2015-12-30","少量","2015-12-30","嵊州市","温州欧乐医疗器械有限公司","浙江省安全委员会","良好","105423","严重","整改完毕"
"913307035928913011","慈溪市宝多眼镜有限公司","二龙路14号","488","二龙路14号","非个体的团队管理模式","医疗行业","635883869","股份制","第Ⅲ类：软性角膜接触镜及护理用液的零售","邓桂萍","13168535715","持有","B","三级","二级","刘刚","13908244136","是","有效","2015-12-10","少量","2015-12-10","金东区","慈溪市宝多眼镜有限公司","浙江省安全委员会","良好","75387","严重","整改完毕"
"913307037590679561","宁波实亿医疗器械有限公司","天通苑东三区白坊建材市场南门东南侧90米","894","天通苑东三区白坊建材市场南门东南侧90米","非个体的团队管理模式","医疗行业","603160276","股份制","第Ⅲ类：6815注射穿刺器械，6822医用光学器具、仪器及内窥镜设备（除植入体内或长期接触体内的眼科光学器具），6823医用超声仪器及有关设备，6830医用X射线设备，6845体外循环及血液处理设备，6846植入材料和人工器官，6855口腔科设备及器具，6856病房护理设备及器具，6857消毒和灭菌设备及器具，6863口腔科材料，6864医用卫生材料及敷料，6865医用缝合材料及粘合剂，6866医用高分子材料及制品","李国帆","13783655397","持有","B","三级","二级","吴滨","13874033060","是","有效","2015-12-10","少量","2015-12-10","金东区","宁波实亿医疗器械有限公司","浙江省安全委员会","良好","102890","轻微","整改完毕"
"913307267530377804","桐乡市益鑫医疗器械有限公司","广安门内大街251-1号","1691","广安门内大街251-1号","非个体的团队管理模式","医疗行业","379641525","股份制","6826物理治疗及康复设备（不含疾病诊断、治疗、咨询服务）","龚小飞","13628549304","持有","B","三级","一级","史克霞","13829805289","是","有效","2014-02-17","少量","2014-02-17","浦江县","桐乡市益鑫医疗器械有限公司","浙江省安全委员会","良好","9305","严重","整改完毕"
"913307836936499879","江山市亮界眼镜商行","光明楼27楼","1348","光明楼27楼","非个体的团队管理模式","医疗行业","869585705","股份制","6822医用光学器具，仪器及内窥镜设备（限软性角膜接触镜及护理用液的零售）","吴晓明","13495056672","持有","B","三级","一级","黄从景","13652916276","是","有效","2015-12-30","少量","2015-12-30","东阳市","江山市亮界眼镜商行","浙江省安全委员会","良好","64097","轻微","整改完毕"
"913308007686956395","慈溪市康宁医疗器械有限公司","香饵胡同154号","1938","香饵胡同154号","非个体的团队管理模式","医疗行业","987974190","股份制","第III类医疗器械:6826物理治疗及康复设备（不包括疾病的诊疗、咨询服务）***","赵明","13135443102","持有","B","三级","二级","陈芳凯","13427775600","是","有效","2012-02-15","少量","2012-02-15","衢江区","慈溪市康宁医疗器械有限公司","浙江省安全委员会","良好","81589","严重","整改完毕"
"913308817046362855","宁波市江东宝红眼镜有限公司","南法信镇刘家河村委会东侧500米","1161","南法信镇刘家河村委会东侧500米","非个体的团队管理模式","医疗行业","925880968","股份制","第Ⅲ类：6822软性角膜接触镜及护理用液","倪晓盼","13142180326","持有","B","三级","二级","钱文敏","13659350509","是","有效","2014-11-05","少量","2014-11-05","江山市","宁波市江东宝红眼镜有限公司","浙江省安全委员会","良好","42861","严重","整改完毕"
"913309210852768066","平阳县水头镇瑞视眼镜店","行宫街31-6号","1119","行宫街31-6号","非个体的团队管理模式","医疗行业","471300633","股份制","第Ⅲ类：6822软性角膜接触镜及护理用液的零售","邓凯","13620335330","持有","B","一级","一级","洪凯","13248483275","是","有效","2015-12-31","少量","2015-12-31","岱山县","平阳县水头镇瑞视眼镜店","浙江省安全委员会","良好","96429","轻微","整改完毕"
"913310007410158246","慈溪众信医疗器械有限公司","蒲黄榆路9号","1242","蒲黄榆路9号","非个体的团队管理模式","医疗行业","835499658","股份制","6826物理治疗及康复设备（不包括疾病的诊疗、咨询服务）","杜政伟","13858479011","持有","C","三级","二级","李琴斐","13236524238","是","有效","2013-12-30","少量","2013-12-30","经济开发区","慈溪众信医疗器械有限公司","浙江省安全委员会","良好","77569","严重","整改完毕"
"913310820568871659","杭州名爵眼镜有限公司萧山分公司","龙湖时代天街东区7号楼110","953","龙湖时代天街东区7号楼110","非个体的团队管理模式","医疗行业","397455555","股份制","6822医用光学器具、仪器及内窥镜设备","朱小良","13452224319","持有","A","三级","二级","高大建","13943282606","是","有效","2015-12-29","少量","2015-12-29","临海市","杭州名爵眼镜有限公司萧山分公司","浙江省安全委员会","良好","29371","轻微","整改完毕"
"913310820568871760","宁波市镇海宝文眼镜有限公司","王佐镇南宫市场街南宫旅游区内福宫路29号","1348","王佐镇南宫市场街南宫旅游区内福宫路29号","非个体的团队管理模式","医疗行业","339376925","股份制","第Ⅲ类：6822软性角膜接触镜及护理用液","倪晓盼","13346039763","持有","C","三级","二级","苗奇","13811110850","是","有效","2013-12-24","少量","2013-12-24","南湖区","宁波市镇海宝文眼镜有限公司","浙江省安全委员会","良好","43852","严重","整改完毕"
"913310820568871761","建德毛源昌眼镜配镜中心第一分店","建国门外大街1号国贸商城北区NL5013","257","建国门外大街1号国贸商城北区NL5013","非个体的团队管理模式","医疗行业","713961944","股份制","第III类:软性角膜接触镜及护理用液的零售","杨圣桂","13379573022","持有","A","三级","二级","李官友","13228152439","是","有效","2014-12-24","少量","2014-12-24","青田县","建德毛源昌眼镜配镜中心第一分店","浙江省安全委员会","良好","24342","严重","整改完毕"
"913310820568871762","宁波海曙迅佳贸易有限公司","北三环中路40-7号","379","北三环中路40-7号","非个体的团队管理模式","医疗行业","803828521","股份制","第Ⅲ类：注射穿刺器械，医用电子仪器设备，医用高频仪器设备，植入材料和人工器官(助听器除)，手术室、急救室、诊疗室设备及器具，医用卫生材料及敷料，医用缝合材料及粘合剂","张乐平","13176774788","持有","A","三级","二级","翁海良","13285233449","是","有效","2015-12-13","少量","2015-12-13","安吉县","宁波海曙迅佳贸易有限公司","浙江省安全委员会","良好","46060","严重","整改完毕"
"913310820568871763","舟山市普陀区明瑞眼镜店","北洼路西里17号北京如意商务酒店内一层","515","北洼路西里17号北京如意商务酒店内一层","非个体的团队管理模式","医疗行业","120150214","股份制","第Ⅲ类：软性角膜接触镜及护理用液的零售","连新力","13402615854","持有","C","三级","二级","郭明珠","13970281779","是","有效","2015-06-25","少量","2015-06-25","平湖市","舟山市普陀区明瑞眼镜店","浙江省安全委员会","良好","58387","严重","整改完毕"
"913310820568871764","温州市龙湾佳视眼镜有限公司","高碑店文化新大街1368号","1451","高碑店文化新大街1368号","非个体的团队管理模式","医疗行业","158324689","股份制","第Ⅲ类：6822软性角膜接触镜及护理用液","朱道挺","13499489943","持有","C","三级","二级","许道蕾","13920504212","是","有效","2014-12-11","少量","2014-12-11","嘉善县","温州市龙湾佳视眼镜有限公司","浙江省安全委员会","良好","95760","严重","整改完毕"
"913310820568871765","临海市睛明眼镜店","西井路17号诚海大厦底商","560","西井路17号诚海大厦底商","非个体的团队管理模式","医疗行业","285560384","股份制","6822软性角膜接触镜及护理液零售","李欠长","13402214645","持有","B","三级","二级","倪晓盼","13341345518","是","有效","2015-12-13","少量","2015-12-13","长兴县","临海市睛明眼镜店","浙江省安全委员会","良好","48647","严重","整改完毕"
"913310820568871766","绍兴市上虞区百官重明眼镜二店","磁器口大街99号","614","磁器口大街99号","非个体的团队管理模式","医疗行业","735627519","股份制","Ⅲ类：软性角膜接触镜及护理液零售","余名","13254601416","持有","B","三级","二级","方旭东","13709984578","是","有效","2014-12-05","少量","2014-12-05","乐清市","绍兴市上虞区百官重明眼镜二店","浙江省安全委员会","良好","60790","严重","整改完毕"
"913310820568871767","杭州欧娲智能设备有限公司","复兴路40号中铁建总部大楼B1层","950","复兴路40号中铁建总部大楼B1层","非个体的团队管理模式","医疗行业","351220191","股份制","第III类医疗器械:6823医用超声仪器及有关设备、6825医用高频仪器设备、6854手术室、急救室、诊疗室设备及器具","韦东波","13824730137","持有","B","三级","二级","许启良","13775542939","是","有效","2014-12-24","少量","2014-12-24","诸暨市","杭州欧娲智能设备有限公司","浙江省安全委员会","良好","35575","严重","整改完毕"
"913310820568871768","杭州海辰贸易有限公司","模式口南里1-10号","1701","模式口南里1-10号","非个体的团队管理模式","医疗行业","396529050","股份制","第Ⅲ类：6846植入材料和人工器官（植入性人工器官），6866医用高分子材料及制品","陈为年","13877345692","持有","B","三级","二级","冯巍韬","13368033783","是","有效","2016-01-08","少量","2016-01-08","柯桥区","杭州海辰贸易有限公司","浙江省安全委员会","良好","95029","严重","整改完毕"
"913310820568871769","杭州玉康医疗器械有限公司","革新南路罗西园一区甲2号河南商务酒店1楼","1841","革新南路罗西园一区甲2号河南商务酒店1楼","非个体的团队管理模式","医疗行业","297494859","股份制","第Ⅲ类：注射穿刺器械，医用激光仪器设备，医用超声仪器及有关设备，医用X射线设备，医用核素设备，医用高分子材料及制品","荆瑞淞","13546923193","持有","A","三级","二级","姚巧云","13178963337","是","有效","2011-07-29","少量","2011-07-29","普陀区","杭州玉康医疗器械有限公司","浙江省安全委员会","良好","108557","轻微","整改完毕"
"913310820568871770","丽水市王立眼镜验配中心","芍药居北里育慧南路底商320-5","1621","芍药居北里育慧南路底商320-5","非个体的团队管理模式","医疗行业","491040407","股份制","6822医用光学器具，仪器及内窥镜设备(限软性角膜接触镜及护理用液）","王立","13696021751","持有","B","三级","二级","邹凯","13990921719","是","有效","2015-12-13","少量","2015-12-13","吴兴区","丽水市王立眼镜验配中心","浙江省安全委员会","良好","13022","严重","整改完毕"
"913311217829435712","临安市浙益眼镜有限公司","四环路海博大酒店往北80米","1553","四环路海博大酒店往北80米","非个体的团队管理模式","医疗行业","421940715","股份制","第Ⅲ类：软性角膜接触镜及护理用液的零售","王国女","13835438612","持有","A","三级","二级","梁凯","13659585687","是","有效","2014-10-13","少量","2014-10-13","青田县","临安市浙益眼镜有限公司","浙江省安全委员会","良好","41832","严重","整改完毕"
"913311217829435713","天津瑞齐宁生物技术有限公司杭州分公司","定福庄东街1号中国传媒大学北院","657","定福庄东街1号中国传媒大学北院","非个体的团队管理模式","医疗行业","489884676","股份制","第Ⅲ类：6826物理治疗及康复设备","李英杰","13560315189","持有","B","三级","二级","蔡农","13438069020","是","有效","2015-12-13","少量","2015-12-13","德清县","天津瑞齐宁生物技术有限公司杭州分公司","浙江省安全委员会","良好","50382","严重","整改完毕"
"913311217829435714","温州尚源医疗器械有限公司","外馆斜街50号","705","外馆斜街50号","非个体的团队管理模式","医疗行业","259469897","股份制","6801基础外科手术器械，6805耳鼻喉科手术器械，6806口腔科手术器械，6808腹部外科手术器械，6810矫形外科(骨科)手术器械，6812妇产科用器械，6815注射穿刺器械，6816烧伤(整形)科手术器械，6820普通诊察器械，6821医用电子仪器设备，6823医用超声仪器及有关设备，6825医用高频仪器设备，6846植入材料和人工器官，6854手术室，急救室，诊疗室设备及器具，6864医用卫生材料及敷料，6865医用缝合材料及粘合剂，6866医用高分子材料及制品，6877介入器材","王长峰","13808280219","持有","B","一级","二级","王焘","13273153923","是","有效","2014-08-15","少量","2014-08-15","桐乡市","温州尚源医疗器械有限公司","浙江省安全委员会","良好","29984","严重","整改完毕"
"913311217829435715","杭州天又贸易有限公司","地坛北里1号楼底商","394","地坛北里1号楼底商","非个体的团队管理模式","医疗行业","810470042","股份制","6815注射穿刺器械，6821医用电子仪器设备，6823医用超声仪器及有关设备，6846植入材料和人工器官，6854手术室，急救室，诊疗室设备及器具，6864医用卫生材料及敷料，6866医用高分子材料及制品","吴玉英","13297070187","持有","B","一级","二级","池俊杰","13125559142","是","有效","2015-12-18","少量","2015-12-18","玉环县","杭州天又贸易有限公司","浙江省安全委员会","良好","96756","严重","整改完毕"
"913311217829435716","杭州弘熙眼镜有限公司第三门市部","大成路21号底商","1231","大成路21号底商","非个体的团队管理模式","医疗行业","904911583","股份制","6822医用光学器具，仪器及内窥镜设备","傅文秀","13200537455","持有","B","一级","二级","傅文岳","13739164238","是","有效","2015-01-21","少量","2015-01-21","兰溪市","杭州弘熙眼镜有限公司第三门市部","浙江省安全委员会","良好","74600","严重","整改完毕"
"913311217829435717","绍兴市越城区启明眼镜店","双清路30号清华大学南园内","385","双清路30号清华大学南园内","非个体的团队管理模式","医疗行业","970710575","股份制","第Ⅲ类：软性角膜接触镜及护理液零售","陈鹏程（投资人）","13959725827","持有","B","一级","二级","周雅","13844641370","是","有效","2015-12-13","少量","2015-12-13","吴兴区","绍兴市越城区启明眼镜店","浙江省安全委员会","良好","36400","严重","整改完毕"
"913311217829435718","浙江吉嘉医疗科技有限公司","贵园路青年假日酒店正对面","1027","贵园路青年假日酒店正对面","非个体的团队管理模式","医疗行业","589743917","股份制","6801基础外科手术器械，6804眼科手术器械，6807胸腔心血管外科手术器械，6815注射穿刺器械，6821医用电子仪器设备，6822医用光学器具、仪器及内窥镜设备，6823医用超声仪器及有关设备，6824医用激光仪器设备，6825医用高频仪器设备，6826物理治疗及康复设备，6830医用X射线设备，6831医用X射线附属设备及部件，6832医用高能射线设备，6833医用核素设备，6840临床检验分析仪器，6845体外循环及血液处理设备，6854手术室，急救室，诊疗室设备及器具，6856病房护理设备及器具，6858医用冷疗，低温，冷藏设备及器具，6863口腔科材料，6864医用卫生材料及敷料，6865医用缝合材料及粘合剂，6866医用高分子材料及制品，6870软件，其他","沈建美","13412900969","持有","B","一级","二级","夏凯","13338289043","是","有效","2013-12-07","少量","2013-12-07","平阳县","浙江吉嘉医疗科技有限公司","浙江省安全委员会","良好","95504","严重","整改完毕"
"913311217829435719","宁波中天诊断技术有限公司","金台西路2号人民日报社院内","624","金台西路2号人民日报社院内","非个体的团队管理模式","医疗行业","288088742","股份制","第三类:6815注射穿刺器械，6821医用电子仪器设备（除植入式心脏起搏器和植入体内的医用传感器），6822医用光学器具、仪器及内窥镜设备（除植入体内或长期接触体内的眼科光学器具），6823医用超声仪器及有关设备，6830医用X射线设备，6840临床检验分析仪器，6854手术室、急救室、诊疗室设备及器具，6866医用高分子材料及制品；第三类体外诊断试剂（不含药品）","沈益飞","13336418979","持有","B","一级","二级","张凯","13169861105","是","有效","2013-11-08","少量","2013-11-08","余姚市","宁波中天诊断技术有限公司","浙江省安全委员会","良好","67503","严重","整改完毕"
"913311217829435720","杭州阿奇帕眼镜有限公司","双桥永辉超市西2000米天籁轩B座二层","1523","双桥永辉超市西2000米天籁轩B座二层","非个体的团队管理模式","医疗行业","288999848","股份制","第Ⅲ类：6822医用光学器具、仪器及内窥镜设备（限角膜接触镜及护理用液）","钟礼华","13312219691","持有","B","一级","二级","沈震","13604801571","是","有效","2014-11-18","少量","2014-11-18","桐乡市","杭州阿奇帕眼镜有限公司","浙江省安全委员会","良好","5505","严重","整改完毕"
"913311217829435721","平阳县直通车眼镜店","莲花桥西南角吴家场路1号院盛今佳园4号楼底商","627","莲花桥西南角吴家场路1号院盛今佳园4号楼底商","非个体的团队管理模式","医疗行业","146957013","股份制","第三类6822通用光学器具仪器及内窥镜设备限软性角膜接触镜及护理用液的零售","曾瑞汪","13812699364","持有","B","三级","二级","郑凯","13223923776","是","有效","2016-01-28","少量","2016-01-28","永康市","平阳县直通车眼镜店","浙江省安全委员会","良好","19469","严重","整改完毕"
"913311217829435722","杭州朗辉医疗器械有限公司","长洼中路19号皇苑酒店南侧","621","长洼中路19号皇苑酒店南侧","非个体的团队管理模式","医疗行业","273430660","股份制","6821医用电子仪器设备（除植入式心脏起搏器和各种植入体内的医用传感器），6864医用卫生材料及敷料，6866医用高分子材料及制品","陆竹月","13765815200","持有","A","三级","二级","郑颉","13904726108","是","有效","2015-12-13","少量","2015-12-13","南浔区","杭州朗辉医疗器械有限公司","浙江省安全委员会","良好","55175","严重","整改完毕"
"913311217829435723","浙江惠迪森医药有限公司","西什库大街欣燕都酒店一层","258","西什库大街欣燕都酒店一层","非个体的团队管理模式","医疗行业","969273032","股份制","6822软性角膜接触镜及护理用液","王超","13704416321","持有","A","三级","二级","方晓斌","13509432699","是","有效","2014-09-03","少量","2014-09-03","嘉善县","浙江惠迪森医药有限公司","浙江省安全委员会","良好","8967","轻微","整改完毕"
"913311217829435724","宁波灵燕医疗科技有限公司","检测场东行1000米","232","检测场东行1000米","非个体的团队管理模式","医疗行业","932688866","股份制","第Ⅲ类：6815注射穿刺器械，6821医用电子仪器设备，6822医用光学器具、仪器及内窥镜设备（除植入体内或长期接触体内的眼科光学器具），6823医用超声仪器及有关设备，6824医用激光仪器设备，6825医用高频仪器设备，6826物理治疗及康复设备，6830医用X射线设备，6840临床检验分析仪器，6845体外循环及血液处理设备，6846植入材料和人工器官（除助听器），6854手术室、急救室、诊疗室设备及器具，6858医用冷疗、低温、冷藏设备及器具，6863口腔科材料，6864医用卫生材料及敷料，6864医用缝合材料及粘合剂，6866医用高分子材料及制品，6870软件,6877介入器材","顾军民","13517707969","持有","B","三级","一级","孙凌波","13549070005","是","有效","2015-12-30","少量","2015-12-30","嵊州市","宁波灵燕医疗科技有限公司","浙江省安全委员会","良好","59541","轻微","整改完毕"
"913311217829435725","杭州吉华医疗器材有限公司","顺密路","176","顺密路","非个体的团队管理模式","医疗行业","762333538","股份制","第Ⅲ类：6823医用超声仪器及有关设备，6822医用光学器具、仪器及内窥镜设备(除植入体内或长期接触体内的眼科光学器具），6830医用X射线设备","裘国东","13251467122","持有","B","三级","一级","张均炜","13888554955","是","有效","2014-12-24","少量","2014-12-24","普陀区","杭州吉华医疗器材有限公司","浙江省安全委员会","良好","105253","轻微","整改完毕"
"913311217829435726","嘉兴市南湖区城东豪威眼镜店","酒仙桥北路2号王记油焖大虾","326","酒仙桥北路2号王记油焖大虾","非个体的团队管理模式","医疗行业","737416341","股份制","三类软性角膜接触镜及护理用液","周挺好","13209385261","持有","B","三级","一级","郭根苗","13601153067","是","有效","2014-09-18","少量","2014-09-18","桐乡市","嘉兴市南湖区城东豪威眼镜店","浙江省安全委员会","良好","64454","轻微","整改完毕"
"913311217829435727","临安博雅眼镜店","沙子口路76号","1625","沙子口路76号","非个体的团队管理模式","医疗行业","483605149","股份制","第三类医疗器械：软性角膜接触镜及护理用液的零售","刘素贞","13795766250","持有","A","三级","一级","郑苏英","13449557871","是","有效","2014-05-31","少量","2014-05-31","袍江新区","临安博雅眼镜店","浙江省安全委员会","良好","96444","轻微","整改完毕"
"913311217829435728","龙游县宝视莱眼镜有限公司开化分公司","工体南路中纺里37-1号","1315","工体南路中纺里37-1号","非个体的团队管理模式","医疗行业","702974743","股份制","6822医用光学器具，仪器及内窥镜设备","翁明","13195917300","持有","B","三级","一级","汪洋","13654172968","是","有效","2013-05-08","少量","2013-05-08","慈溪市","龙游县宝视莱眼镜有限公司开化分公司","浙江省安全委员会","良好","39293","轻微","整改完毕"
"913311217829435729","东阳市优视眼镜商行","怡馨家园步行商业街21号楼","1521","怡馨家园步行商业街21号楼","非个体的团队管理模式","医疗行业","257615194","股份制","第III类医疗器械:6822医用光学器具、仪器及内窥镜设备（限角膜接触镜及护理用液零售）","吴明","13181964180","持有","B","三级","一级","钱峰","13999047062","是","有效","2015-03-27","少量","2015-03-27","海宁市","东阳市优视眼镜商行","浙江省安全委员会","良好","87724","轻微","整改完毕"
"913311217829435730","杭州冉冉贸易有限公司","幸福大街38-4号","826","幸福大街38-4号","非个体的团队管理模式","医疗行业","841248926","股份制","第Ⅲ类：6815注射穿刺器械，6821医用电子仪器设备（除植入式心脏起搏器和植入体内的医用传感器），6822医用光学器具、仪器及内窥镜设备（除植入体内或长期接触体内的眼科光学器具），6823医用超声仪器及有关设备，6824医用激光仪器设备，6825医用高频仪器设备，6845体外循环及血液处理设备，6854手术室、急救室、诊疗室设备及器具，6864医用卫生材料及敷料，6865医用缝合材料及粘合剂（除骨水泥），6866医用高分子材料及制品，6877介入器材","许泽恒","13686614773","持有","C","一级","二级","朱虹","13934509343","是","有效","2015-06-25","少量","2015-06-25","平湖市","杭州冉冉贸易有限公司","浙江省安全委员会","良好","73867","轻微","整改完毕"
"913311217829435731","杭州全盛工贸有限公司","马莲道街甲2号森源大厦1楼","679","马莲道街甲2号森源大厦1楼","非个体的团队管理模式","医疗行业","237150927","股份制","第Ⅲ类医疗器械：6822医用光学器具、仪器及内窥镜设备（除植入体内或长期接触体内的眼科光学器具），6823医用超声仪器及有关设备，6824医用激光仪器设备，6830医用X射线设备。","徐敏","13887872158","持有","B","一级","二级","朱凯","13651152240","是","有效","2016-01-11","少量","2016-01-11","柯桥区","杭州全盛工贸有限公司","浙江省安全委员会","良好","86613","轻微","整改完毕"
"913311217829435732","浙江朗旭医药有限公司","东直门内大街民安小区东羊管胡同二号楼底2-3","1659","东直门内大街民安小区东羊管胡同二号楼底2-3","非个体的团队管理模式","医疗行业","138543415","股份制","第III类医疗器械:6815注射穿刺器械、6821医用电子仪器设备、6822医用光学器具、仪器及内窥镜设备、6846植入材料和人工器官、6854手术室、急救室、诊疗室设备及器具、6864医用卫生材料及敷料、6866医用高分子材料及制品","张竹林","13927624233","持有","A","一级","二级","寿恩良","13633803342","是","有效","2015-12-13","少量","2015-12-13","德清县","浙江朗旭医药有限公司","浙江省安全委员会","良好","16881","轻微","整改完毕"
"913311217829435733","象山如意眼镜有限公司","月坛北小街4号","967","月坛北小街4号","非个体的团队管理模式","医疗行业","454951152","股份制","6822医用光学器具，仪器及内窥镜设备","周青法","13614266809","持有","B","一级","二级","汪凯","13481134465","是","有效","2014-07-07","少量","2014-07-07","平阳县","象山如意眼镜有限公司","浙江省安全委员会","良好","111046","严重","整改完毕"
"913311217829435734","杭州城疗科技有限公司","王府井大街48号皇冠假日酒店2楼","578","王府井大街48号皇冠假日酒店2楼","非个体的团队管理模式","医疗行业","108217161","股份制","6804眼科手术器械，6815注射穿刺器械，6821医用电子仪器设备（除植入式心脏起搏器和植入体内的医用传感器），6822医用光学器具，仪器及内窥镜设备（除植入体内或长期接触体内的眼科光学器具），6823医用超声仪器及有关设备，6824医用激光仪器设备，6825医用高频仪器设备，6826物理治疗及康复设备，6828医用磁共振设备，6830医用X射线设备，6832医用高能射线设备，6833医用核素设备，6840临床检验分析仪器，6845体外循环及血液处理设备，6854手术室，急救室，诊疗室设备及器具，6858医用冷疗，低温，冷藏设备及器具，6863口腔科材料，6864医用卫生材料及敷料，6865医用缝合材料及粘合剂，6866医用高分子材料及制品，6870软件","叶蓉","13774814973","持有","B","一级","二级","丁鸣家","13579526078","是","有效","2013-11-18","少量","2013-11-18","永康市","杭州城疗科技有限公司","浙江省安全委员会","良好","95984","严重","整改完毕"
"913311217829435735","杭州宽平医疗器械有限公司","六里桥太平桥路华源四里一号楼","1611","六里桥太平桥路华源四里一号楼","非个体的团队管理模式","医疗行业","722699835","股份制","第III类医疗器械:6824医用激光仪器设备，6846植入材料和人工器官（限整形材料），6865医用缝合材料及粘合剂（除骨水泥）","李海芳","13944099167","持有","B","一级","二级","丁凯","13495368704","是","有效","2015-12-18","少量","2015-12-18","玉环县","杭州宽平医疗器械有限公司","浙江省安全委员会","良好","61455","严重","整改完毕"
"913311217829435736","海宁市玥怡医疗器械有限公司","后沙峪镇裕民大街裕民大街1号","1961","后沙峪镇裕民大街裕民大街1号","非个体的团队管理模式","医疗行业","884431887","股份制","第Ⅲ类:6826物理治疗及康复设备的销售（不包括疾病的诊疗、咨询服务）","周祖华","13459238702","持有","B","三级","二级","李德洪","13340339567","是","有效","2014-08-27","少量","2014-08-27","庆元县","海宁市玥怡医疗器械有限公司","浙江省安全委员会","良好","106041","严重","整改完毕"
"913311217829435737","杭州裕华医用光学技术有限公司","青年路甘露园南里18号楼东侧","960","青年路甘露园南里18号楼东侧","非个体的团队管理模式","医疗行业","531452082","股份制","第Ⅲ类医疗器械：6822医用光学器具、仪器及内窥镜设备（除植入体内或长期接触体内的眼科光学器具），6825医用高频仪器设备","王彩娟","13628442256","持有","B","三级","二级","陈漪","13452280221","是","有效","2015-12-13","少量","2015-12-13","长兴县","杭州裕华医用光学技术有限公司","浙江省安全委员会","良好","36881","严重","整改完毕"
"913311217829435738","嵊州市琪康医疗器械有限公司","莲花池东路16-1号","1044","莲花池东路16-1号","非个体的团队管理模式","医疗行业","516269423","股份制","6826物理治疗及康复设备","张明勇","13631707395","持有","B","三级","二级","方幸平","13141164598","是","有效","2015-12-13","少量","2015-12-13","南浔区","嵊州市琪康医疗器械有限公司","浙江省安全委员会","良好","30266","严重","整改完毕"
"913311217829435739","桐庐宇恒医疗器械有限公司","交大东路17号","896","交大东路17号","非个体的团队管理模式","医疗行业","753213665","股份制","6822医用光学器具、仪器及内窥镜设备；6825医用高频仪器设备","奚桂生","13671492166","持有","A","三级","二级","方行","13389070403","是","有效","2013-12-16","少量","2013-12-16","海盐县","桐庐宇恒医疗器械有限公司","浙江省安全委员会","良好","102299","严重","整改完毕"
"913311217829435740","杭州康元医疗设备有限公司","右安门西街华人会","649","右安门西街华人会","非个体的团队管理模式","医疗行业","963569123","股份制","第Ⅲ类:6815注射穿刺器械，6821医用电子仪器设备（除植入式心脏起搏器和植入体内的医用传感器），6822医用光学器具、仪器及内窥镜设备（除植入体内或长期接触体内的眼科光学器具），6823医用超声仪器及有关设备，6824医用激光仪器设备，6825医用高频仪器设备，6828医用磁共振设备，6830医用X射线设备，6833医用核素设备，6840临床检验分析仪器，6840体外诊断试剂，6854手术室、急救室、诊疗室设备及器具，6870软件","季永明","13236859939","持有","A","三级","二级","李辉","13239732756","是","有效","2015-06-16","少量","2015-06-16","平湖市","杭州康元医疗设备有限公司","浙江省安全委员会","良好","76065","轻微","整改完毕"
"913311217829435741","杭州经济技术开发区余仕波眼镜店","安乐林路与沙子口路交叉口旁","1616","安乐林路与沙子口路交叉口旁","非个体的团队管理模式","医疗行业","867604433","股份制","第三类：6822软性角膜接触镜及护理用液的零售","阎明","13699128684","持有","B","三级","二级","王贤勇","13467731904","是","有效","2015-12-13","少量","2015-12-13","长兴县","杭州经济技术开发区余仕波眼镜店","浙江省安全委员会","良好","99902","轻微","整改完毕"
"913311217829435742","杭州世纪星眼镜有限公司金华路分公司","阜通地铁站A1口","1310","阜通地铁站A1口","非个体的团队管理模式","医疗行业","321539289","股份制","6822角膜接触镜及护理用液","黎锋","13776726599","持有","B","三级","二级","吴锡昌","13265963881","是","有效","2013-12-22","少量","2013-12-22","萧山区","杭州世纪星眼镜有限公司金华路分公司","浙江省安全委员会","良好","101901","严重","整改完毕"
"913311217829435743","舟山市普陀区方圆眼镜店","大佛寺东街25号","1841","大佛寺东街25号","非个体的团队管理模式","医疗行业","186265155","股份制","6822医用光学器具，仪器及内窥镜设备","金勇","13329284161","持有","B","三级","二级","卢思丞","13835358390","是","有效","2014-07-14","少量","2014-07-14","平湖市","舟山市普陀区方圆眼镜店","浙江省安全委员会","良好","20584","严重","整改完毕"
"913311217829435744","杭州真视堂眼镜有限责任公司","长椿街45号宣武医院多功能厅2楼","122","长椿街45号宣武医院多功能厅2楼","非个体的团队管理模式","医疗行业","944602037","股份制","6822医用光学器具，仪器及内窥镜设备","姜忠华","13161952450","持有","B","三级","二级","黎锋","13710705789","是","有效","2015-12-13","少量","2015-12-13","德清县","杭州真视堂眼镜有限责任公司","浙江省安全委员会","良好","52305","严重","整改完毕"
"913311217829435745","杭州杰森医疗器械有限公司","荣京东街3号荣京丽都A座B1","352","荣京东街3号荣京丽都A座B1","非个体的团队管理模式","医疗行业","121544227","股份制","第III类：6810矫形外科(骨科)手术器械，6825医用高频仪器设备，6846植入材料和人工器官（限骨植入物、人工关节），6864医用卫生材料及敷料，6865医用缝合材料及粘合剂，6866医用高分子材料及制品，6877介入器材","孙少珑","13514086524","持有","A","三级","二级","阮维国","13338782531","是","有效","2014-12-31","少量","2014-12-31","龙湾区","杭州杰森医疗器械有限公司","浙江省安全委员会","良好","38194","严重","整改完毕"
"913311217829435746","杭州鑫喆康商贸有限公司","首都机场南路西里22号楼东侧平房","1172","首都机场南路西里22号楼东侧平房","非个体的团队管理模式","医疗行业","902551455","股份制","第Ⅲ类、第Ⅱ类：植入材料和人工器官；手术室、急救室、诊疗室设备及器具；第Ⅱ类：医用高分子材料及制品","杨应华","13385928831","持有","A","三级","二级","余勇德","13158865962","是","有效","2015-10-15","少量","2015-10-15","武义县","杭州鑫喆康商贸有限公司","浙江省安全委员会","良好","12454","严重","整改完毕"
"913311217829435747","浙江旭博医疗器械有限公司","天竺家园商业楼甲2号","576","天竺家园商业楼甲2号","非个体的团队管理模式","医疗行业","483648518","股份制","6815注射穿刺器械，6821医用电子仪器设备，6822医用光学器具，仪器及内窥镜设备，6823医用超声仪器及有关设备，6824医用激光仪器设备，6825医用高频仪器设备，6828医用磁共振设备，6830医用X射线设备，6845体外循环及血液处理设备，6846植入材料和人工器官，6854手术室，急救室，诊疗室设备及器具，6864医用卫生材料及敷料，6865医用缝合材料及粘合剂，6866医用高分子材料及制品，6877介入器材","章旭根","13975421481","持有","B","三级","二级","夏渭国","13939519459","是","有效","2014-04-30","少量","2014-04-30","平阳县","浙江旭博医疗器械有限公司","浙江省安全委员会","良好","82028","严重","整改完毕"
"913311217829435748","杭州富阳鸿康医疗器械有限公司","团结湖路7号2号楼二层","1731","团结湖路7号2号楼二层","非个体的团队管理模式","医疗行业","190578635","股份制","6815注射穿刺器械，6866医用高分子材料及制品","徐广春","13983743703","持有","A","三级","一级","巫国昌","13371251781","是","有效","2014-12-01","少量","2014-12-01","婺城区","杭州富阳鸿康医疗器械有限公司","浙江省安全委员会","良好","108906","严重","整改完毕"
"913311217829435749","青田县启明眼镜验配中心","团结湖路7号","1389","团结湖路7号","非个体的团队管理模式","医疗行业","603522428","股份制","第三类：软性角膜接触镜及护理用液的零售","孙旭珍","13111191832","持有","A","三级","一级","罗方民","13181319068","是","有效","2013-11-06","少量","2013-11-06","温岭市","青田县启明眼镜验配中心","浙江省安全委员会","良好","23807","严重","整改完毕"
"913311217829435750","桐庐康浩医疗器械有限公司","左家庄西街6号","1982","左家庄西街6号","非个体的团队管理模式","医疗行业","669969512","股份制","第Ⅲ类医疗器械：6822医用光学器具、仪器及内窥镜设备（除植入体内或长期接触体内的眼科光学器具），6825医用高频仪器设备。第Ⅱ类医疗器械：6812妇产科用手术器械，6822医用光学器具、仪器及内窥镜设备（除植入体内或长期接触体内的眼科光学器具）、6854手术室、急救室、诊疗室设备及器具。","邓建华","13941583800","持有","B","三级","一级","王智","13758671222","是","有效","2015-12-13","少量","2015-12-13","安吉县","桐庐康浩医疗器械有限公司","浙江省安全委员会","良好","17333","严重","整改完毕"
"913311217829435751","舟山市宏昌眼镜有限公司","小汤山村秦上路供电局斜对面","802","小汤山村秦上路供电局斜对面","非个体的团队管理模式","医疗行业","427333812","股份制","第Ⅲ类软性角膜接触镜及护理用液的零售","杨圣桂","13892607803","持有","A","三级","一级","郭锐","13994905273","是","有效","2014-01-10","少量","2014-01-10","龙泉市","舟山市宏昌眼镜有限公司","浙江省安全委员会","良好","89408","严重","整改完毕"
"913311217829435752","江山市冠瑞医疗器械经营部","运河西大街81-83号","748","运河西大街81-83号","非个体的团队管理模式","医疗行业","738015761","股份制","6826物理治疗及康复设备(不包含疾病的诊疗及咨询服务)","赵明","13735100846","持有","B","三级","一级","郭华钢","13732733055","是","有效","2013-12-29","少量","2013-12-29","平阳县","江山市冠瑞医疗器械经营部","浙江省安全委员会","良好","57990","轻微","整改完毕"
"913311217829435753","杭州平安医疗器械有限公司","八角南街与角东街交叉口处","1999","八角南街与角东街交叉口处","非个体的团队管理模式","医疗行业","882557297","股份制","6824医用激光仪器设备，6840临床检验分析仪器","周安平","13207975158","持有","B","三级","一级","潘春生","13356586355","是","有效","2015-12-17","少量","2015-12-17","永嘉县","杭州平安医疗器械有限公司","浙江省安全委员会","良好","28845","轻微","整改完毕"
"913311217829435754","杭州杰林医疗器械有限公司","木樨地茂林居3号","426","木樨地茂林居3号","非个体的团队管理模式","医疗行业","842961387","股份制","6815注射穿刺器械，6821医用电子仪器设备（除植入式心脏起搏器和各种植入体内的医用传感器），6822医用光学器具，仪器及内窥镜设备（除植入体内或长期接触体内的眼科光学器具），6823医用超声仪器及有关设备，6824医用激光仪器设备，6825医用高频仪器设备，6830医用X射线设备，6854手术室，急救室，诊疗室设备及器具，6864医用卫生材料及敷料，6865医用缝合材料及粘合剂（除骨水泥），6866医用高分子材料及制品","汪强","13548469052","持有","B","三级","一级","杨文荣","13367828315","是","有效","2013-05-08","少量","2013-05-08","慈溪市","杭州杰林医疗器械有限公司","浙江省安全委员会","良好","101590","轻微","整改完毕"
"913311217829435755","杭州恒诺贸易有限公司","鸿坤购物中心4层","1526","鸿坤购物中心4层","非个体的团队管理模式","医疗行业","783376656","股份制","第Ⅲ类：注射穿刺器械，医用电子仪器设备（除植入式心脏起搏器和各种植入体内的医用传感器），医用光学器具、仪器及内窥镜设备（除植入体内或长期接触体内的眼科光学仪器），医用超声仪器及有关设备,医用高频仪器设备,医用X射线设备,体外循环及血液处理设备,植入材料和人工器官手术室、急救室、诊疗室设备及器具,医用卫生材料及敷料,医用缝合材料及粘合剂,医用高分子材料及制品，介入器材","陈兆忠","13587520179","持有","A","三级","一级","陈婷婷","13807499674","是","有效","2013-12-18","少量","2013-12-18","温岭市","杭州恒诺贸易有限公司","浙江省安全委员会","良好","96715","轻微","整改完毕"
"913311217829435756","杭州峻山生物科技有限公司","黄村镇兴业路北段康隆园49号","1488","黄村镇兴业路北段康隆园49号","非个体的团队管理模式","医疗行业","905402175","股份制","6821医用电子仪器设备，6822医用光学器具，仪器及内窥镜设备，6828医用磁共振设备，6830医用X射线设备，6840体外诊断试剂，6841医用化验和基础设备器具","张锋","13594791618","持有","B","三级","一级","冯吉","13607575858","是","有效","2016-01-26","少量","2016-01-26","常山县","杭州峻山生物科技有限公司","浙江省安全委员会","良好","63260","严重","整改完毕"
"913311217829435757","杭州润达医疗器械有限公司","双桥农场五号井7号楼1楼","395","双桥农场五号井7号楼1楼","非个体的团队管理模式","医疗行业","172389184","股份制","6801基础外科手术器械，6815注射穿刺器械，6821医用电子仪器设备，6822医用光学器具，仪器及内窥镜设备，6823医用超声仪器及有关设备，6824医用激光仪器设备，6825医用高频仪器设备，6830医用X射线设备，6840临床检验分析仪器，6845体外循环及血液处理设备，6846植入材料和人工器官，6854手术室，急救室，诊疗室设备及器具，6863口腔科材料，6864医用卫生材料及敷料，6865医用缝合材料及粘合剂，6866医用高分子材料及制品，6877介入器材","袁忠","13631918018","持有","B","三级","二级","林志","13635603667","是","有效","2014-12-08","少量","2014-12-08","桐乡市","杭州润达医疗器械有限公司","浙江省安全委员会","良好","111043","严重","整改完毕"
"913311217829435758","杭州怡丹生物技术有限公司","魏公村路5号","1918","魏公村路5号","非个体的团队管理模式","医疗行业","213561356","股份制","第Ⅲ类器械：6815注射穿刺器械，6821医用电子仪器设备（除植入式心脏起博器和植入体内的医用传感器），6822医用光学器具、仪器及内窥镜设备（除植入体内或长期接触体内的眼科光学器具），6823医用超声仪器及有关设备，6840临床检验分析仪器，6840体外诊断试剂，6845体外循环及血液处理设备，6854手术室，急救室，诊疗室设备及器具，6857消毒和灭菌设备及器具，6865医用缝合材料及粘合剂，6866医用高分子材料及制品","彭华兵","13990697236","持有","A","三级","二级","麻仕薇","13429826546","是","有效","2014-09-15","少量","2014-09-15","瓯海区","杭州怡丹生物技术有限公司","浙江省安全委员会","良好","36124","严重","整改完毕"
"913311217829435786","杭州九洲大药房连锁有限公司秋涛二店","八里庄北里302楼底商","653","八里庄北里302楼底商","非个体的团队管理模式","医疗行业","707172230","股份制","第Ⅲ类：6864医用卫生材料及敷料","刘雷","13821025386","持有","B","三级","二级","何凯","13759439811","是","有效","2015-12-21","少量","2015-12-21","临海市","杭州九洲大药房连锁有限公司秋涛二店","浙江省安全委员会","良好","101818","严重","整改完毕"
"913311217829435787","杭州葵涌贸易有限公司","羊坊店路21号瑞海大厦2层2003室","1634","羊坊店路21号瑞海大厦2层2003室","非个体的团队管理模式","医疗行业","995908304","股份制","第Ⅲ类：6815注射穿刺器械，6821医用电子仪器设备（除植入式心脏起搏器和植入体内的医用传感器），6822医用光学器具、仪器及内窥镜设备，6823医用超声仪器及有关设备，6824医用激光仪器设备，6825医用高频仪器设备，6826物理治疗及康复设备，6830医用X线设备，6840临床检验分析仪器，6845体外循环及血液处理设备，6854手术室，急救室，诊疗室设备及器具，6858医用冷疗，低温，冷藏设备及器具，6864医用卫生材料及敷料，6865医用缝合材料及粘合剂，6866医用高分子材料及制品，6870软件","姚岚","13726979326","持有","B","三级","二级","朱凯","13618397832","是","有效","2015-12-13","少量","2015-12-13","南浔区","杭州葵涌贸易有限公司","浙江省安全委员会","良好","46371","严重","整改完毕"
"913311217829435788","衢州市柯城零距离眼镜商行","右安门内西街6号","1337","右安门内西街6号","非个体的团队管理模式","医疗行业","382584108","股份制","6822医用光学器具，仪器及内窥镜设备","李明","13843365592","持有","B","三级","二级","卜占军","13973140448","是","有效","2013-11-12","少量","2013-11-12","富阳市","衢州市柯城零距离眼镜商行","浙江省安全委员会","良好","104981","严重","整改完毕"
"913311217829435789","丽水市晶亮眼镜店","定安路10号","1777","定安路10号","非个体的团队管理模式","医疗行业","440285637","股份制","6822医用光学器具，仪器及内窥镜设备(限软性角膜接触镜及护理用液)","吴存明","13787524283","持有","B","三级","二级","余向东","13695954410","是","有效","2014-12-31","少量","2014-12-31","上虞市","丽水市晶亮眼镜店","浙江省安全委员会","良好","70454","严重","整改完毕"
"913311217829435790","安吉县百度眼镜店","北京亦庄开发区科创十二路与经海路交叉口","1735","北京亦庄开发区科创十二路与经海路交叉口","非个体的团队管理模式","医疗行业","971027416","股份制","第Ⅲ类：软性角膜接触镜及护理用液的零售","王明","13677977298","持有","A","三级","二级","刘凯","13523976199","是","有效","2013-07-19","少量","2013-07-19","南湖区","安吉县百度眼镜店","浙江省安全委员会","良好","109724","严重","整改完毕"
"913311217829435791","杭州益普康贸易有限公司","昌平路395号院2号楼","1842","昌平路395号院2号楼","非个体的团队管理模式","医疗行业","255113203","股份制","第三类：6815注射穿刺器械，6821医用电子仪器设备，6822医用光学器具、仪器及内窥镜设备，6823医用超声仪器及有关设备，6824医用激光仪器设备，6825医用高频仪器设备，6833医用核素设备，6846植入材料和人工器官，6854手术室、急救室、诊疗室设备及器具，6865医用缝合材料及粘合剂，6866医用高分子材料及制品，6877介入器材","范娜","13533846540","持有","B","三级","二级","鲍古荣","13947260277","是","有效","2014-10-29","少量","2014-10-29","常山县","杭州益普康贸易有限公司","浙江省安全委员会","良好","93057","严重","整改完毕"
"913311217829435792","杭州根法医疗器械有限公司","双清路30号清华大学内荷花池东","659","双清路30号清华大学内荷花池东","非个体的团队管理模式","医疗行业","200454109","股份制","6801基础外科手术器械，6810矫形外科(骨科)手术器械，6815注射穿刺器械，6821医用电子仪器设备，6822医用光学器具，仪器及内窥镜设备，6823医用超声仪器及有关设备，6824医用激光仪器设备，6825医用高频仪器设备，6826物理治疗及康复设备，6830医用X射线设备，6840临床检验分析仪器，6845体外循环及血液处理设备，6846植入材料和人工器官，6854手术室，急救室，诊疗室设备及器具，6863口腔科材料，6864医用卫生材料及敷料，6865医用缝合材料及粘合剂，6866医用高分子材料及制品，6870软件，6877介入器材","蒋根法","13773423836","持有","A","三级","二级","陈来法","13664652141","是","有效","2013-10-25","少量","2013-10-25","经济开发区","杭州根法医疗器械有限公司","浙江省安全委员会","良好","30975","严重","整改完毕"
"913311217829435793","杭州澳晋医疗器械有限公司","成寿寺路肖村桥东北角","1918","成寿寺路肖村桥东北角","非个体的团队管理模式","医疗行业","192479066","股份制","6801基础外科手术器械，6822医用光学器具，仪器及内窥镜设备，6825医用高频仪器设备，6846植入材料和人工器官","王富妹","13952595134","持有","B","三级","二级","吕宁","13837107246","是","有效","2014-07-22","少量","2014-07-22","龙游县","杭州澳晋医疗器械有限公司","浙江省安全委员会","良好","3551","严重","整改完毕"
"913311217829435794","嘉兴佰达贸易有限公司","台湖镇胡家垡村村东100米","942","台湖镇胡家垡村村东100米","非个体的团队管理模式","医疗行业","477480678","股份制","第III类医疗器械:6815注射穿刺器械、6821医用电子仪器设备、6822医用光学器具、仪器及内窥镜设备、6823医用超声仪器及有关设备、6824医用激光仪器设备、6825医用高频仪器设备、6846植入材料和人工器官、6854手术室、急救室、诊疗室设备及器具、6864医用卫生材料及敷料、6865医用缝合材料及粘合剂、6866医用高分子材料及制品、6877介入器材","沈明明","13741368438","持有","B","三级","二级","张庆昕","13818403404","是","有效","2014-07-14","少量","2014-07-14","富阳市","嘉兴佰达贸易有限公司","浙江省安全委员会","良好","107530","严重","整改完毕"
"913311217829435795","杭州稳健医疗器械有限公司","十八里店周家庄","977","十八里店周家庄","非个体的团队管理模式","医疗行业","318006502","股份制","第Ⅱ类：6803神经外科手术器械，6820普通诊察器械，6826物理治疗及康复设备，6864医用卫生材料及敷料，6866医用高分子材料及制品","莫关根","13824613923","持有","B","三级","一级","杨凯","13808542170","是","有效","2013-12-12","少量","2013-12-12","永康市","杭州稳健医疗器械有限公司","浙江省安全委员会","良好","13654","严重","整改完毕"
"913311217829435796","温州叶同仁医药连锁有限公司秋明店","徐宋路与璐苑北大街交叉口东北角","573","徐宋路与璐苑北大街交叉口东北角","非个体的团队管理模式","医疗行业","912263128","股份制","6815注射穿刺器械","王崇焕","13430896563","持有","B","一级","一级","徐梅莉","13969541070","是","有效","2016-01-11","少量","2016-01-11","柯桥区","温州叶同仁医药连锁有限公司秋明店","浙江省安全委员会","良好","38633","严重","整改完毕"
"913311217829435797","浙江大学医学院附属第一医院益达经营公司","桑峪村北街66号","1527","桑峪村北街66号","非个体的团队管理模式","医疗行业","233201243","股份制","第Ⅲ类、6008腹部外科手术器械，6815注射穿刺器械，6821医用电子仪器设备（除植入式心脏起搏器），6822医用光学器具、仪器及内窥镜设备，6846植入材料和人工器官（限植入器材），6863口腔科材料，6864医用卫生材料及敷料，6866医用高分子材料及制品，6877介入器材；","来芬娟","13236916474","持有","B","一级","一级","于凯","13974221519","是","有效","2015-12-28","少量","2015-12-28","余杭区","浙江大学医学院附属第一医院益达经营公司","浙江省安全委员会","良好","28413","严重","整改完毕"
"913311217829435798","乐清市瑞康眼镜有限公司","新源里南路10号楼","1845","新源里南路10号楼","非个体的团队管理模式","医疗行业","443096693","股份制","第三类：6822软性角膜接触镜及护理用液零售...","谢昌兴","13380876208","持有","B","三级","一级","林为裕","13977160073","是","有效","2013-09-18","少量","2013-09-18","黄岩区","乐清市瑞康眼镜有限公司","浙江省安全委员会","良好","82335","严重","整改完毕"
"913311217829435799","杭州明升医疗器械有限公司","朝阳公园南路8号公馆南侧","396","朝阳公园南路8号公馆南侧","非个体的团队管理模式","医疗行业","505796829","股份制","6801基础外科手术器械，6810矫形外科(骨科)手术器械，6815注射穿刺器械，6821医用电子仪器设备，6822医用光学器具，仪器及内窥镜设备，6823医用超声仪器及有关设备，6824医用激光仪器设备，6825医用高频仪器设备，6826物理治疗及康复设备，6833医用核素设备，6840临床检验分析仪器，6845体外循环及血液处理设备，6846植入材料和人工器官，6854手术室，急救室，诊疗室设备及器具，6863口腔科材料，6864医用卫生材料及敷料，6865医用缝合材料及粘合剂，6866医用高分子材料及制品，6870软件，6877介入器材","洪永炎","13496422714","持有","B","三级","一级","门海","13672333752","是","有效","2014-08-19","少量","2014-08-19","桐乡市","杭州明升医疗器械有限公司","浙江省安全委员会","良好","60273","严重","整改完毕"
"913311217829435800","杭州蕞美科技有限公司","建国门外大街甲6号中环世贸中心B2楼","1862","建国门外大街甲6号中环世贸中心B2楼","非个体的团队管理模式","医疗行业","607736376","股份制","6815注射穿刺器械，6824医用激光仪器设备，6825医用高频仪器设备，6846植入材料和人工器官（除植入式助听器），6854手术室，急救室，诊疗室设备及器具，6865医用缝合材料及粘合剂，6877介入器材","靳玉洁","13291908518","持有","A","三级","二级","王向阳","13644166403","是","有效","2015-03-27","少量","2015-03-27","海宁市","杭州蕞美科技有限公司","浙江省安全委员会","良好","47436","严重","整改完毕"
"913311217829435801","杭州翔瑞医疗器械有限公司","西直门北大街32号枫蓝国际中心3楼","712","西直门北大街32号枫蓝国际中心3楼","非个体的团队管理模式","医疗行业","433301143","股份制","第III类：6808腹部外科手术器械，6815注射穿刺器械，6821医用电子仪器设备（除植入式心脏起搏器和植入体内的医用传感器），6822医用光学器具、仪器及内窥镜设备（除植入体内或长期接触体内的眼科光学器具），6823医用超声仪器及有关设备，6824医用激光仪器设备，6825医用高频仪器设备，6846植入材料和人工器官（限补片、组织修补材料、支架、动脉瘤夹），6854手术室、急救室、诊疗室设备及器具，6864医用卫生材料及敷料，6865医用缝合材料及粘合剂（除骨水泥），6866医用高分子材料及制品，6877介入器材","何震阳","13371022090","持有","A","三级","二级","余凯","13941136591","是","有效","2013-12-16","少量","2013-12-16","海盐县","杭州翔瑞医疗器械有限公司","浙江省安全委员会","良好","2045","轻微","整改完毕"
"913311217829435802","绍兴市燊涛商贸有限公司","西二炮商业大楼西侧","137","西二炮商业大楼西侧","非个体的团队管理模式","医疗行业","305907923","股份制","第III类医疗器械:6815注射穿刺器械、6821医用电子仪器设备、6822医用光学器具、仪器及内窥镜设备(除角膜接触镜、及护理用液）6823医用超声仪器及有关设备、6824医用激光仪器设备、6825医用高频仪器设备、6830医用X射线设备、6845体外循环及血液处理设备、6846植入材料和人工器官、6854手术室、急救室、诊疗室设备及器具、6864医用卫生材料及敷料、6865医用缝合材料及粘合剂、6866医用高分子材料及制品","章华富","13727154516","持有","A","三级","二级","邵小康","13733640507","是","有效","2014-12-25","少量","2014-12-25","仙居县","绍兴市燊涛商贸有限公司","浙江省安全委员会","良好","7609","轻微","整改完毕"
"913311217829435803","浙江百利医药有限公司","颐和园路5号北京大学西门外","1605","颐和园路5号北京大学西门外","非个体的团队管理模式","医疗行业","549688626","股份制","第Ⅲ类：6815注射穿刺器械，6864医用卫生材料及敷料，6866医用高分子材料及制品","徐亦蔚","13968710286","持有","B","三级","二级","史凯","13230587631","是","有效","2013-12-12","少量","2013-12-12","南湖区","浙江百利医药有限公司","浙江省安全委员会","良好","83436","轻微","整改完毕"
"913311217829435804","湖州德胜医药科技有限公司","通惠家园惠泽园8号楼1层1-11室","1015","通惠家园惠泽园8号楼1层1-11室","非个体的团队管理模式","医疗行业","954819584","股份制","第三类医疗器械:6804眼科手术器械、6815注射穿刺器械、6821医用电子仪器设备、6822医用光学器具、仪器及内窥镜设备、6823医用超声仪器及有关设备、6824医用激光仪器设备、6825医用高频仪器设备、6826物理治疗及康复设备、6828医用磁共振设备、6830医用X射线设备、6832医用高能射线设备、6833医用核素设备、6840临床检验分析仪器、6840体外诊断试剂、6845体外循环及血液处理设备、6846植入材料和人工器官、6854手术室、急救室、诊疗室设备及器具、6858医用冷疗、低温、冷藏设备及器具、6863口腔科材料、6864医用卫生材料及敷料、6865医用缝合材料及粘合剂、6866医用高分子材料及制品、6870软件、6877介入器材","沈松英","13900728714","持有","A","三级","二级","郭文凯","13495445401","是","有效","2013-12-11","少量","2013-12-11","德清县","湖州德胜医药科技有限公司","浙江省安全委员会","良好","11698","轻微","整改完毕"
"913311217829435805","宁波奉化世纪茂昌眼镜商行广平路店","裕民路裕中东里2号","1639","裕民路裕中东里2号","非个体的团队管理模式","医疗行业","895085692","股份制","软性角膜接触镜及护理用液的零售","张江萍","13768668237","持有","A","三级","二级","石玲","13323061403","是","有效","2015-12-21","少量","2015-12-21","临海市","宁波奉化世纪茂昌眼镜商行广平路店","浙江省安全委员会","良好","95164","轻微","整改完毕"
"913311217829435806","杭州瑞维特医疗科技有限公司","王府井大街小吃街内","1309","王府井大街小吃街内","非个体的团队管理模式","医疗行业","351152986","股份制","6825医用高频仪器设备，6846植入材料和人工器官，6866医用高分子材料及制品，6877介入器材","杨辰晖","13338460378","持有","A","三级","二级","傅银星","13166206182","是","有效","2015-06-17","少量","2015-06-17","文成县","杭州瑞维特医疗科技有限公司","浙江省安全委员会","良好","79470","轻微","整改完毕"
"913311217829435807","温州市新瓯工业供销公司眼镜经营部","甜水园东街12号楼底商","430","甜水园东街12号楼底商","非个体的团队管理模式","医疗行业","522616464","股份制","第Ⅲ类医疗器械：6822软性角膜接触镜及护理液的零售。","张兆兰","13222562441","持有","B","三级","二级","付凯","13804963230","是","有效","2015-01-05","少量","2015-01-05","诸暨市","温州市新瓯工业供销公司眼镜经营部","浙江省安全委员会","良好","42820","轻微","整改完毕"
"913311217829435808","浙江浙大圆正医药有限公司","大泥湾路理想大厦北后门","1384","大泥湾路理想大厦北后门","非个体的团队管理模式","医疗行业","999195470","股份制","第Ⅲ类：6815注射穿刺器械，6846植入材料和人工器官，6864医用卫生材料及敷料，6865医用缝合材料及粘合剂，6866医用高分子材料及制品，6877介入器材，第三类、第二类体外诊断试剂（不含药品）。","严申彪","13878110411","持有","B","三级","二级","顾刚","13818587493","是","有效","2014-07-17","少量","2014-07-17","龙游县","浙江浙大圆正医药有限公司","浙江省安全委员会","良好","44161","轻微","整改完毕"
"913311217829435809","宁波天昊医疗器械有限公司","南邵南环路四合新村南环大桥东500米路北","369","南邵南环路四合新村南环大桥东500米路北","非个体的团队管理模式","医疗行业","404088383","股份制","第三类：6846植入材料和人工器官（除助听器）","马旭林","13345129910","持有","B","三级","二级","叶茂林","13283899559","是","有效","2014-11-26","少量","2014-11-26","经济开发区","宁波天昊医疗器械有限公司","浙江省安全委员会","良好","90244","严重","整改完毕"
"913311217829435810","杭州宝仁眼镜有限公司","篱笆房路双榆树南里青年公寓后","386","篱笆房路双榆树南里青年公寓后","非个体的团队管理模式","医疗行业","539288820","股份制","第三类医疗器械：6822软性角膜接触镜及护理用液的零售","张晓寅","13288505731","持有","B","三级","二级","周利花","13332032864","是","有效","2014-07-10","少量","2014-07-10","平湖市","杭州宝仁眼镜有限公司","浙江省安全委员会","良好","33387","严重","整改完毕"
"913311217829435811","玉环县大麦屿明视坊眼镜店玉城分店","北沙滩大屯路甲1号","347","北沙滩大屯路甲1号","非个体的团队管理模式","医疗行业","669180352","股份制","第三类医疗器械：6822软性角膜接触镜及护理液零售","梁诚实","13373150261","持有","B","三级","二级","熊柏","13852052292","是","有效","2014-12-23","少量","2014-12-23","三门县","玉环县大麦屿明视坊眼镜店玉城分店","浙江省安全委员会","良好","6124","严重","整改完毕"
"913311217829435812","杭州增福贸易有限公司","亦庄经济开发区文化园西路林肯公园底商","614","亦庄经济开发区文化园西路林肯公园底商","非个体的团队管理模式","医疗行业","962444371","股份制","6822医用光学器具、仪器及内窥镜设备（除植入体内或长期接触体内的眼科光学器具），6825医用高频仪器设备","申屠增福","13469971963","持有","B","三级","二级","翁卫东","13347011180","是","有效","2015-01-05","少量","2015-01-05","诸暨市","杭州增福贸易有限公司","浙江省安全委员会","良好","75008","严重","整改完毕"
"913311217829435813","温州市建源贸易有限公司鹿城分公司","东三环南路1号院2号楼佳龙大厦一层","486","东三环南路1号院2号楼佳龙大厦一层","非个体的团队管理模式","医疗行业","260520952","股份制","第Ⅲ类医疗器械：6822软性角膜接触镜及护理用液的零售。","陈建中","13685685273","持有","B","三级","二级","吴相娟","13686077842","是","有效","2015-12-13","少量","2015-12-13","安吉县","温州市建源贸易有限公司鹿城分公司","浙江省安全委员会","良好","89146","严重","整改完毕"
"913311217829435814","杭州庆德医疗设备有限公司","玉泉路乙19号院","248","玉泉路乙19号院","非个体的团队管理模式","医疗行业","719962620","股份制","6801基础外科手术器械，6815注射穿刺器械，6821医用电子仪器设备，6822医用光学器具，仪器及内窥镜设备，6823医用超声仪器及有关设备，6824医用激光仪器设备，6825医用高频仪器设备，6826物理治疗及康复设备，6828医用磁共振设备，6830医用X射线设备，6840临床检验分析仪器，6845体外循环及血液处理设备，6846植入材料和人工器官，6854手术室，急救室，诊疗室设备及器具，6863口腔科材料，6864医用卫生材料及敷料，6865医用缝合材料及粘合剂，6866医用高分子材料及制品，6877介入器材","徐永键","13224212349","持有","B","三级","二级","徐成满（投资人）","13244751958","是","有效","2014-07-10","少量","2014-07-10","平湖市","杭州庆德医疗设备有限公司","浙江省安全委员会","良好","21116","严重","整改完毕"
"913311217829435815","杭州普立奥眼镜有限公司滨江区第一分公司","方庄芳群园2区","630","方庄芳群园2区","非个体的团队管理模式","医疗行业","257212693","股份制","第Ⅲ类：软性角膜接触镜及护理液的零售","刘之明","13520667919","持有","C","三级","二级","郑文燕","13464694412","是","有效","2014-12-11","少量","2014-12-11","嘉善县","杭州普立奥眼镜有限公司滨江区第一分公司","浙江省安全委员会","良好","2412","严重","整改完毕"
"913311217829435816","桐庐广瑞医疗器械有限公司","小汤山九华山庄会展中心16区4楼","746","小汤山九华山庄会展中心16区4楼","非个体的团队管理模式","医疗行业","158599008","股份制","6822医用光学器具，仪器及内窥镜设备，6825医用高频仪器设备","张笑侃","13954261077","持有","A","三级","二级","刘雷","13772809788","是","有效","2014-11-19","少量","2014-11-19","瑞安市","桐庐广瑞医疗器械有限公司","浙江省安全委员会","良好","53408","严重","整改完毕"
"913311217829435817","杭州运科医疗器械有限公司","台湖次渠百发隆商场1楼","813","台湖次渠百发隆商场1楼","非个体的团队管理模式","医疗行业","803411404","股份制","第III类：6822医用光学器具、仪器及内窥镜设备（除植入人体内或长期接触体内的眼科光学器具），6866医用高分子材料及制品","蒋萍","13516082880","持有","B","三级","二级","杨晓春","13440377357","是","有效","2013-11-13","少量","2013-11-13","余姚市","杭州运科医疗器械有限公司","浙江省安全委员会","良好","78149","严重","整改完毕"
"913311217829435818","绍兴利拓医疗器材有限公司","西坝河北路国美电器院内","1445","西坝河北路国美电器院内","非个体的团队管理模式","医疗行业","386922736","股份制","第III类医疗器械:6815注射穿刺器械、6822医用光学器具、仪器及内窥镜设备（除植入式心脏起搏器和植入体内的医用传感器）、6840临床检验分析仪器、6841医用化验和基础设备器具、6854手术室、急救室、诊疗室设备及器具、6864医用卫生材料及敷料、6865医用缝合材料及粘合剂（除骨水泥）、6866医用高分子材料及制品","潘之根","13234257740","持有","B","三级","二级","刘小平","13425602434","是","有效","2014-06-07","少量","2014-06-07","桐乡市","绍兴利拓医疗器材有限公司","浙江省安全委员会","良好","67967","轻微","整改完毕"
"913311225803666061","杭州欧光眼镜有限公司","驼房营南路8号新华科技大厦一层二层","290","驼房营南路8号新华科技大厦一层二层","非个体的团队管理模式","医疗行业","645911670","股份制","第Ⅲ类：6822医用光学器具，仪器及内窥镜设备","李海洪","13505758424","持有","B","三级","一级","洪梅红","13477609497","是","有效","2012-11-07","少量","2012-11-07","缙云县","杭州欧光眼镜有限公司","浙江省安全委员会","良好","102629","轻微","整改完毕"
"913311225803666062","湖州优医康科技有限公司","S50南五环青年公寓旁","1309","S50南五环青年公寓旁","非个体的团队管理模式","医疗行业","542831142","股份制","第Ⅲ类医疗器械：6801基础外科手术器械，6802显微外科手术器械，6803神经外科手术器械，6804眼科手术器械，6805耳鼻喉科手术器械，6806口腔科手术器械，6807胸腔心血管外科手术器械，6808腹部外科手术器械，6809泌尿肛肠外科手术器械，6810矫形外科(骨科)手术器械，6812妇产科用器械，6813计划生育器械，6815注射穿刺器械，6816烧伤(整形)科手术器械，6820普通诊察器械，6821医用电子仪器设备，6822医用光学器具，仪器及内窥镜设备，6823医用超声仪器及有关设备，6824医用激光仪器设备，6825医用高频仪器设备，6826物理治疗及康复设备，6827中医器械，6828医用磁共振设备，6830医用X射线设备，6831医用X射线附属设备及部件，6832医用高能射线设备，6833医用核素设备，6834医用射线防护用品、装置，6840临床检验分析仪器，6841医用化验和基础设备器具，6845体外循环及血液处理设备，6854手术室，急救室，诊疗室设备及器具，6855口腔科设备及器具，6856病房护理设备及器具，6857消毒和灭菌设备及器具，6858医用冷疗，低温，冷藏设备及器具，6863口腔科材料，6864医用卫生材料及敷料，6865医用缝合材料及粘合剂，6866医用高分子材料及制品，6870软件，其他","沈志信","13471185460","持有","B","一级","一级","胡云云","13380381759","是","有效","2014-12-05","少量","2014-12-05","普陀区","湖州优医康科技有限公司","浙江省安全委员会","良好","45432","轻微","整改完毕"
"913311225803666063","宁波伊莱特商贸有限公司","志新路11号","1902","志新路11号","非个体的团队管理模式","医疗行业","529508304","股份制","6824医用激光仪器设备，6846植入材料和人工器官，6864医用卫生材料及敷料，6865医用缝合材料及粘合剂，6866医用高分子材料及制品，6815注射穿刺器械，6821医用电子仪器设备","王诚","13633420429","持有","B","二级","一级","王吉冲","13207193715","是","有效","2015-12-13","少量","2015-12-13","长兴县","宁波伊莱特商贸有限公司","浙江省安全委员会","良好","10164","轻微","整改完毕"
"913311225803666064","衢州和卓科技有限公司","德胜门外大街甲36号C座地下一层","720","德胜门外大街甲36号C座地下一层","非个体的团队管理模式","医疗行业","319036473","股份制","6846植入材料和人工器官，6854手术室，急救室，诊疗室设备及器具，6864医用卫生材料及敷料","周金娥","13384491352","持有","B","二级","一级","李辉","13804954845","是","有效","2013-12-17","少量","2013-12-17","兰溪市","衢州和卓科技有限公司","浙江省安全委员会","良好","12468","轻微","整改完毕"
"913311225803666065","桐庐徐升医疗器械有限公司","中关村大街清华大学西门近春园宾馆1楼","1150","中关村大街清华大学西门近春园宾馆1楼","非个体的团队管理模式","医疗行业","516051601","股份制","第Ⅲ类：医用光学器具、仪器及内窥镜设备（除植入体内或长期接触体内的外科光学器具），医用高频仪器设备。","徐樟升","13344464463","持有","B","二级","一级","陈琰虹","13524749026","是","有效","2015-12-30","少量","2015-12-30","萧山区","桐庐徐升医疗器械有限公司","浙江省安全委员会","良好","37867","轻微","整改完毕"
"913311225803666066","杭州康森医疗器械有限公司","首都经济贸易大学东门","1311","首都经济贸易大学东门","非个体的团队管理模式","医疗行业","395390685","股份制","6801基础外科手术器械，6815注射穿刺器械，6821医用电子仪器设备，6822医用光学器具，仪器及内窥镜设备，6823医用超声仪器及有关设备，6824医用激光仪器设备，6825医用高频仪器设备，6830医用X射线设备，6840临床检验分析仪器，6845体外循环及血液处理设备，6846植入材料和人工器官，6854手术室，急救室，诊疗室设备及器具，6863口腔科材料，6864医用卫生材料及敷料，6865医用缝合材料及粘合剂，6866医用高分子材料及制品，6877介入器材","邓森刚","13278665871","持有","B","二级","一级","熊学文","13481659747","是","有效","2016-01-11","少量","2016-01-11","柯桥区","杭州康森医疗器械有限公司","浙江省安全委员会","良好","105897","轻微","整改完毕"
"913311225803666067","杭州原卓贸易有限公司","西三环北路105号首都师范大学内","1131","西三环北路105号首都师范大学内","非个体的团队管理模式","医疗行业","489062683","股份制","第三类医疗器械：6822医用光学器具，仪器及内窥镜设备，6823医用超声仪器及有关设备，6825医用高频仪器设备，6846植入材料和人工器官，6854手术室，急救室，诊疗室设备及器具，6864医用卫生材料及敷料，6865医用缝合材料及粘合剂，6866医用高分子材料及制品，6877介入器材","章青青","13125742769","持有","A","二级","一级","程吉祥","13157907408","是","有效","2014-12-30","少量","2014-12-30","青田县","杭州原卓贸易有限公司","浙江省安全委员会","良好","10373","轻微","整改完毕"
"913311225803666068","杭州宝岛眼镜连锁有限公司文晖分公司","颐和园路5号北京大学内艺园2楼","674","颐和园路5号北京大学内艺园2楼","非个体的团队管理模式","医疗行业","475445562","股份制","第Ⅲ类:软性角膜接触镜及护理用液的零售","朱海荣","13875607604","持有","B","一级","一级","李满海","13605758414","是","有效","2015-12-28","少量","2015-12-28","余杭区","杭州宝岛眼镜连锁有限公司文晖分公司","浙江省安全委员会","良好","60526","轻微","整改完毕"
"913311225803666069","杭州湃璞信息技术有限公司","后沙峪古城村东甲1号中家鑫园温泉酒店内","347","后沙峪古城村东甲1号中家鑫园温泉酒店内","非个体的团队管理模式","医疗行业","729616680","股份制","6863口腔科材料","金爱娣","13846505423","持有","B","二级","一级","王义锋","13224812030","是","有效","2013-12-22","少量","2013-12-22","萧山区","杭州湃璞信息技术有限公司","浙江省安全委员会","良好","28300","轻微","整改完毕"
"913311225803666070","衢州市南嘉医疗器械有限公司","三环新城食尚街","1738","三环新城食尚街","非个体的团队管理模式","医疗行业","931082943","股份制","第III类医疗器械:6826物理治疗及康复设备","齐智","13333973919","持有","B","二级","一级","张光荣","13340157405","是","有效","2015-12-31","少量","2015-12-31","余杭区","衢州市南嘉医疗器械有限公司","浙江省安全委员会","良好","38524","轻微","整改完毕"
"913311225803666071","杭州洪康医疗器械有限公司","物资学院里","529","物资学院里","非个体的团队管理模式","医疗行业","108565180","股份制","6801基础外科手术器械，6810矫形外科(骨科)手术器械，6815注射穿刺器械，6821医用电子仪器设备，6822医用光学器具，仪器及内窥镜设备，6823医用超声仪器及有关设备，6824医用激光仪器设备，6825医用高频仪器设备，6826物理治疗及康复设备，6830医用X射线设备，6840临床检验分析仪器，6845体外循环及血液处理设备，6846植入材料和人工器官，6854手术室，急救室，诊疗室设备及器具，6863口腔科材料，6864医用卫生材料及敷料，6865医用缝合材料及粘合剂，6866医用高分子材料及制品，6870软件，6877介入器材","申屠洪来","13187687272","持有","B","二级","一级","齐丽","13833796066","是","有效","2013-12-04","少量","2013-12-04","椒江区","杭州洪康医疗器械有限公司","浙江省安全委员会","良好","47465","轻微","整改完毕"
"913311225803666072","杭州泰润医疗器械有限公司","乾安路马坡A704-115","1559","乾安路马坡A704-115","非个体的团队管理模式","医疗行业","473799500","股份制","6801基础外科手术器械，6810矫形外科(骨科)手术器械，6815注射穿刺器械，6821医用电子仪器设备，6822医用光学器具，仪器及内窥镜设备，6823医用超声仪器及有关设备，6824医用激光仪器设备，6825医用高频仪器设备，6826物理治疗及康复设备，6830医用X射线设备，6840临床检验分析仪器，6845体外循环及血液处理设备，6846植入材料和人工器官，6854手术室，急救室，诊疗室设备及器具，6863口腔科材料，6864医用卫生材料及敷料，6865医用缝合材料及粘合剂，6866医用高分子材料及制品，6870软件，6877介入器材","陈兴弟","13345358378","持有","B","二级","一级","曹锟","13731692728","是","有效","2015-12-13","少量","2015-12-13","安吉县","杭州泰润医疗器械有限公司","浙江省安全委员会","良好","89981","轻微","整改完毕"
"913311225803666073","瑞安市仁健医疗器械有限公司","东小口镇陈营村北北京吉利恒生农副产品市场内45号","1403","东小口镇陈营村北北京吉利恒生农副产品市场内45号","非个体的团队管理模式","医疗行业","317145769","股份制","6826物理治疗及康复设备","高云","13516845962","持有","C","二级","一级","黄晓秋","13654173025","是","有效","2014-11-19","少量","2014-11-19","瑞安市","瑞安市仁健医疗器械有限公司","浙江省安全委员会","良好","67544","轻微","整改完毕"
"913311225803666074","杭州续德医疗器械有限公司","羊坊店路3号院","900","羊坊店路3号院","非个体的团队管理模式","医疗行业","523026090","股份制","第III类:6821医用电子仪器设备(除植入体内的医用传感器），6877介入器材","张贤德","13599898905","持有","B","二级","一级","葛航","13967124881","是","有效","2015-01-26","少量","2015-01-26","瓯海区","杭州续德医疗器械有限公司","浙江省安全委员会","良好","36323","轻微","整改完毕"
"913311225803666075","毛源昌眼镜有限公司杭州滨江天街店","金宝街东段路北小雅宝胡同62号","1568","金宝街东段路北小雅宝胡同62号","非个体的团队管理模式","医疗行业","474364483","股份制","第Ⅲ类：软性角膜接触镜及护理用液的零售","金增敏","13294904901","持有","B","二级","一级","阳玮琦","13219242974","是","有效","2015-12-13","少量","2015-12-13","长兴县","毛源昌眼镜有限公司杭州滨江天街店","浙江省安全委员会","良好","76579","轻微","整改完毕"
"913311225803666076","杭州拓翰贸易有限公司","新华北路123号","1701","新华北路123号","非个体的团队管理模式","医疗行业","186919119","股份制","第III类：6815注射穿刺器械，6845体外循环及血液处理设备，6846植入材料和人工器官（限植入材料），6866医用高分子材料及制品,6864医用卫生材料及敷料，6877介入器材","钟敏","13684502948","持有","A","二级","一级","葛凯","13403220541","是","有效","2014-02-27","少量","2014-02-27","武义县","杭州拓翰贸易有限公司","浙江省安全委员会","良好","18063","轻微","整改完毕"
"913311225803666077","绍兴市上虞区百官街道安秦眼镜店","苏州街29号","822","苏州街29号","非个体的团队管理模式","医疗行业","333624242","股份制","6822医用光学器具，仪器及内窥镜设备","孙德瑞","13739416455","持有","B","一级","一级","严玉香","13915807151","是","有效","2015-03-27","少量","2015-03-27","海宁市","绍兴市上虞区百官街道安秦眼镜店","浙江省安全委员会","良好","43353","轻微","整改完毕"
"913311225803666078","杭州优高医疗用品有限公司","南锣鼓巷东棉花胡同36号","1387","南锣鼓巷东棉花胡同36号","非个体的团队管理模式","医疗行业","755652628","股份制","6815注射穿刺器械；6822医用光学器具、仪器及内窥镜设备（除角膜接触镜及护理用液）；6845体外循环及血液处理设备；6864医用卫生材料及敷料；6865医用缝合材料及粘合剂；6866医用高分子材料及制品","沈金明","13778659919","持有","A","一级","一级","卢磊","13782638015","是","有效","2015-02-10","少量","2015-02-10","鹿城区","杭州优高医疗用品有限公司","浙江省安全委员会","良好","76825","轻微","整改完毕"
"913311225803666079","杭州胜运医疗科技有限公司","六里桥北里莲怡园10号楼北侧","237","六里桥北里莲怡园10号楼北侧","非个体的团队管理模式","医疗行业","585323121","股份制","6821医用电子仪器设备，6823医用超声仪器及有关设备，6828医用磁共振设备，6830医用X射线设备，6854手术室，急救室，诊疗室设备及器具，6864医用卫生材料及敷料","鲁茜","13749498823","持有","B","一级","一级","闫锋","13330439988","是","有效","2015-12-31","少量","2015-12-31","西湖区","杭州胜运医疗科技有限公司","浙江省安全委员会","良好","44717","轻微","整改完毕"
"913311225803666080","浙江海蓝医嘉医学科技有限公司","沙阳路口","1304","沙阳路口","非个体的团队管理模式","医疗行业","787362682","股份制","6815注射穿刺器械，6821医用电子仪器设备，6845体外循环及血液处理设备，6846植入材料和人工器官，6865医用缝合材料及粘合剂，6866医用高分子材料及制品，6877介入器材","戈剑跃","13138009428","持有","A","二级","一级","李富军","13671588635","是","有效","2013-09-09","少量","2013-09-09","黄岩区","浙江海蓝医嘉医学科技有限公司","浙江省安全委员会","良好","20300","轻微","整改完毕"
"913311225803666081","温州康德莱医疗器械有限公司","宣颐路庑殿路交叉口东南角","324","宣颐路庑殿路交叉口东南角","非个体的团队管理模式","医疗行业","742424569","股份制","第Ⅲ类医疗器械：6815注射穿刺器械；6840临床检验分析仪器；6854手术室、急救室、诊疗室设备器具；6864医用卫生材料及敷料；6866医用高分子材料及制品；6877介入器材","张勇","13161870564","持有","A","二级","一级","胡斌","13392336716","是","有效","2013-10-25","少量","2013-10-25","经济开发区","温州康德莱医疗器械有限公司","浙江省安全委员会","良好","97212","轻微","整改完毕"
"913311225803666082","温州周金金眼镜有限公司","王佐镇福宫路39号副楼","643","王佐镇福宫路39号副楼","非个体的团队管理模式","医疗行业","882488699","股份制","6822医用光学器具，仪器及内窥镜设备（限软性角膜接膜镜及其护理用液）","张文静","13579315000","持有","A","一级","一级","张凯","13401544547","是","有效","2014-09-17","少量","2014-09-17","瓯海区","温州周金金眼镜有限公司","浙江省安全委员会","良好","51832","轻微","整改完毕"
"913311225803666083","宁波海曙安雅医疗器械有限公司","高碑店华夏民族园1725号","393","高碑店华夏民族园1725号","非个体的团队管理模式","医疗行业","903153882","股份制","第Ⅲ类：6808腹部外科手术器械，6815注射穿刺器械，6822医用光学器具、仪器及内窥镜设备（除植入体内或长期接触体内的眼科光学器具），6823医用超声仪器及有关设备，6824医用激光仪器设备，6826物理治疗及康复设备，6833医用核素设备，6845体外循环及血液处理设备，6846植入材料和人工器官，6854手术室，急救室，诊疗室设备及器具，6858医用冷疗、低温、冷藏设备及器具，6863口腔科材料，6864医用卫生材料及敷料，6865医用缝合材料及粘合剂，6866医用高分子材料及制品，6870软件，6877介入器材","陈丽贤","13631294077","持有","B","一级","一级","高青","13712423363","是","有效","2015-12-13","少量","2015-12-13","安吉县","宁波海曙安雅医疗器械有限公司","浙江省安全委员会","良好","36186","轻微","整改完毕"
"913311225803666084","金华市蓝视眼镜有限公司","穆家峪镇碱厂村","714","穆家峪镇碱厂村","非个体的团队管理模式","医疗行业","198725865","股份制","第三类医疗器械：6822医用光学器具、仪器及内窥镜设备（限软性角膜接触镜及护理用液零售）","刘庆娜","13249829888","持有","B","一级","一级","程彦宾","13938085263","是","有效","2016-01-11","少量","2016-01-11","柯桥区","金华市蓝视眼镜有限公司","浙江省安全委员会","良好","27888","轻微","整改完毕"
