"8","奚秉绶","男","2017/8/21","浙江省杭州市","38","良好","6","51","扈幼翠","30","中国","汉族","身份证","330806198802067968","奚裕添","22","中国","汉族","身份证","330214199508113984","浙江省杭州市","浙江省妇幼保健院","238947401","2017-08-21","浙江省妇幼保健院"
"49","易科跃","男","2018/3/13","浙江省杭州市","34","良好","2","50","卢绿春","38","中国","汉族","身份证","331011197909264000","易知轩","22","中国","汉族","身份证","330113199601214976","浙江省杭州市","浙江省妇幼保健院","593411983","2018-03-13","浙江省妇幼保健院"
"50","乜荣淳","男","2018/8/22","浙江省杭州市","37","良好","4","55","松梦柏","25","中国","汉族","身份证","330903199311027968","乜明敬","22","中国","汉族","身份证","330506199604262016","浙江省杭州市","浙江省妇幼保健院","384057148","2018-08-22","浙江省妇幼保健院"
"63","仇雨国","男","2018/5/12","浙江省杭州市","38","良好","3","49","窦傲芙","22","中国","汉族","身份证","330219199605123008","仇嘉彦","34","中国","汉族","身份证","330724198406192000","浙江省杭州市","浙江省妇幼保健院","890737538","2018-05-12","浙江省妇幼保健院"
"280","陶荣学","男","2019/1/23","浙江省杭州市","33","良好","4","53","宿海莲","27","中国","汉族","身份证","330226199203123008","陶俊德","27","中国","汉族","身份证","331023199207014976","浙江省杭州市","浙江省妇幼保健院","976583593","2019-01-23","浙江省妇幼保健院"
"486","常蒲石","男","2019/1/18","浙江省杭州市","34","良好","6","48","堵代曼","24","中国","汉族","身份证","330627199409307008","常元宇","35","中国","汉族","身份证","331022198402051008","浙江省杭州市","浙江省妇幼保健院","146065427","2019-01-18","浙江省妇幼保健院"
"522","刘荀述","男","2017/2/28","浙江省杭州市","41","良好","5","53","乐亦瑶","39","中国","汉族","身份证","330517197808108992","刘茂实","25","中国","汉族","身份证","331024199203211008","浙江省杭州市","浙江省妇幼保健院","322087912","2017-02-28","浙江省妇幼保健院"
"543","福楼云","男","2018/6/21","浙江省杭州市","35","良好","6","47","薄雅蕊","40","中国","汉族","身份证","330128197806172992","福予正","26","中国","汉族","身份证","330203199202060992","浙江省杭州市","浙江省妇幼保健院","386765039","2018-06-21","浙江省妇幼保健院"
"609","崔实勇","男","2016/1/9","浙江省杭州市","38","良好","2","49","尤秋春","39","中国","汉族","身份证","330111197707043008","崔穆钦","29","中国","汉族","身份证","330214198706268032","浙江省杭州市","浙江省妇幼保健院","457640659","2016-01-09","浙江省妇幼保健院"
"618","丁永利","男","2017/9/15","浙江省杭州市","37","良好","6","47","后惜雪","41","中国","汉族","身份证","330508197611123008","丁南栋","27","中国","汉族","身份证","330623199008102976","浙江省杭州市","浙江省妇幼保健院","752093332","2017-09-15","浙江省妇幼保健院"
"681","范嘉利","男","2018/3/24","浙江省杭州市","35","良好","5","49","申海安","29","中国","汉族","身份证","330125198907044992","范然耀","34","中国","汉族","身份证","330903198401038976","浙江省杭州市","浙江省妇幼保健院","892605215","2018-03-24","浙江省妇幼保健院"
"801","郎跃林","男","2015/8/30","浙江省杭州市","38","良好","6","46","白怀蝶","22","中国","汉族","身份证","330521199309139008","郎柏晗","27","中国","汉族","身份证","331017198806011008","浙江省杭州市","浙江省妇幼保健院","614051937","2015-08-30","浙江省妇幼保健院"
"887","索家卫","男","2018/3/24","浙江省杭州市","37","良好","4","50","姚听寒","41","中国","汉族","身份证","330326197707036032","索智瑜","34","中国","汉族","身份证","330901198409128000","浙江省杭州市","浙江省妇幼保健院","107035751","2018-03-24","浙江省妇幼保健院"
"938","胡谷柏","男","2018/12/21","浙江省杭州市","43","良好","5","47","哈以亦","24","中国","汉族","身份证","331020199412153024","胡渊浩","44","中国","汉族","身份证","330314197504166016","浙江省杭州市","浙江省妇幼保健院","380182553","2018-12-21","浙江省妇幼保健院"
"958","宫宏俊","男","2015/6/5","浙江省杭州市","39","良好","5","53","雷新柔","34","中国","汉族","身份证","331002198110027008","宫玉轩","22","中国","汉族","身份证","330619199311233024","浙江省杭州市","浙江省妇幼保健院","208486584","2015-06-05","浙江省妇幼保健院"
"1032","司朴春","男","2015/1/12","浙江省杭州市","35","良好","4","46","花青槐","37","中国","汉族","身份证","330202197710294976","司锦程","23","中国","汉族","身份证","330204199107273984","浙江省杭州市","浙江省妇幼保健院","490730667","2015-01-12","浙江省妇幼保健院"
"1220","加吉戬","男","2016/4/5","浙江省杭州市","40","良好","2","50","喻涵双","30","中国","汉族","身份证","330316198512062016","加春华","37","中国","汉族","身份证","331027197909182976","浙江省杭州市","浙江省妇幼保健院","929420855","2016-04-05","浙江省妇幼保健院"
"1270","幸寅祥","男","2016/1/13","浙江省杭州市","39","良好","2","52","贺从蓉","22","中国","汉族","身份证","330724199404244992","幸德霖","23","中国","汉族","身份证","331023199307166976","浙江省杭州市","浙江省妇幼保健院","670794684","2016-01-13","浙江省妇幼保健院"
"1303","蒋季南","男","2018/4/3","浙江省杭州市","36","良好","6","53","蒙惜文","41","中国","汉族","身份证","330403197705065984","蒋灏铭","25","中国","汉族","身份证","330616199210142016","浙江省杭州市","浙江省妇幼保健院","900624109","2018-04-03","浙江省妇幼保健院"
"1314","勾宏磊","男","2018/7/22","浙江省杭州市","42","良好","4","46","经冬儿","21","中国","汉族","身份证","330910199801033984","勾德楚","29","中国","汉族","身份证","331023198912281984","浙江省杭州市","浙江省妇幼保健院","951512459","2018-07-22","浙江省妇幼保健院"
"1407","芮根生","男","2015/4/16","浙江省杭州市","34","良好","3","50","吕冷卉","29","中国","汉族","身份证","331012198601116992","芮贻贤","37","中国","汉族","身份证","330702197806224000","浙江省杭州市","浙江省妇幼保健院","509122049","2015-04-16","浙江省妇幼保健院"
"1522","缪子路","男","2018/9/1","浙江省杭州市","39","良好","2","50","钱书蕾","43","中国","汉族","身份证","330817197511246976","缪宇彬","35","中国","汉族","身份证","330103198307030976","浙江省杭州市","浙江省妇幼保健院","199059740","2018-09-01","浙江省妇幼保健院"
"1532","危嘉实","男","2019/2/27","浙江省杭州市","40","良好","2","48","晋问筠","34","中国","汉族","身份证","330524198504062016","危稻祺","29","中国","汉族","身份证","330909198912110976","浙江省杭州市","浙江省妇幼保健院","665640845","2019-02-27","浙江省妇幼保健院"
"1557","陈岩松","男","2018/12/10","浙江省杭州市","33","良好","3","54","卓念薇","23","中国","汉族","身份证","330406199508204992","陈荀航","30","中国","汉族","身份证","330512198903176000","浙江省杭州市","浙江省妇幼保健院","640503373","2018-12-10","浙江省妇幼保健院"
"1590","纪家豪","男","2016/11/23","浙江省杭州市","38","良好","5","50","丰靖雁","24","中国","汉族","身份证","330111199207267008","纪秉义","39","中国","汉族","身份证","330915197712136000","浙江省杭州市","浙江省妇幼保健院","287939993","2016-11-23","浙江省妇幼保健院"
"1617","广忠实","男","2017/9/26","浙江省杭州市","39","良好","5","53","高盼山","20","中国","汉族","身份证","330125199707184000","广潇茗","26","中国","汉族","身份证","330613199111305024","浙江省杭州市","浙江省妇幼保健院","865943582","2017-09-26","浙江省妇幼保健院"
"1681","山秦铮","男","2018/4/29","浙江省杭州市","40","良好","2","50","王绿真","42","中国","汉族","身份证","330425197606235008","山璟良","41","中国","汉族","身份证","330410197704022016","浙江省杭州市","浙江省妇幼保健院","223535780","2018-04-29","浙江省妇幼保健院"
"1712","寇宏达","男","2017/9/7","浙江省杭州市","33","良好","2","45","莫春雁","34","中国","汉族","身份证","330203198311299008","寇乐正","42","中国","汉族","身份证","330314197506078976","浙江省杭州市","浙江省妇幼保健院","597666970","2017-09-07","浙江省妇幼保健院"
"1722","梅寄萌","男","2015/12/7","浙江省杭州市","35","良好","2","47","那傲蕾","22","中国","汉族","身份证","330623199403228032","梅月羲","36","中国","汉族","身份证","330926197908057984","浙江省杭州市","浙江省妇幼保健院","948328600","2015-12-07","浙江省妇幼保健院"
"1771","竺稼禾","男","2017/6/13","浙江省杭州市","37","良好","4","51","车访琴","40","中国","汉族","身份证","330514197701014976","竺跃升","30","中国","汉族","身份证","330416198707188992","浙江省杭州市","浙江省妇幼保健院","925198103","2017-06-13","浙江省妇幼保健院"
"1891","牧桂松","男","2018/1/7","浙江省杭州市","41","良好","6","46","水乐萱","24","中国","汉族","身份证","330527199308083968","牧威源","22","中国","汉族","身份证","330619199512291968","浙江省杭州市","浙江省妇幼保健院","191209426","2018-01-07","浙江省妇幼保健院"
"1931","桑国豪","男","2017/12/6","浙江省杭州市","36","良好","3","52","麻冰露","42","中国","汉族","身份证","330910197602227008","桑锴轩","27","中国","汉族","身份证","330118199104134016","浙江省杭州市","浙江省妇幼保健院","530507846","2017-12-06","浙江省妇幼保健院"
"2050","余宏丹","男","2015/7/5","浙江省杭州市","40","良好","2","48","阙妙彤","39","中国","汉族","身份证","330925197611257984","余季略","33","中国","汉族","身份证","330724198211153024","浙江省杭州市","浙江省妇幼保健院","585264771","2015-07-05","浙江省妇幼保健院"
"2074","台芃祺","男","2015/10/16","浙江省杭州市","34","良好","5","47","穆紫蓝","41","中国","汉族","身份证","330902197408310976","台寅鑫","25","中国","汉族","身份证","330309199103203968","浙江省杭州市","浙江省妇幼保健院","175164371","2015-10-16","浙江省妇幼保健院"
"2195","禄柏谷","男","2016/10/27","浙江省杭州市","41","良好","2","46","路翠萱","41","中国","汉族","身份证","330812197505238016","禄子博","27","中国","汉族","身份证","330417199001198016","浙江省杭州市","浙江省妇幼保健院","791384801","2016-10-27","浙江省妇幼保健院"
"2198","弓渭河","男","2016/4/24","浙江省杭州市","42","良好","6","55","苗灵薇","41","中国","汉族","身份证","330506197501161024","弓屹城","25","中国","汉族","身份证","330721199011022016","浙江省杭州市","浙江省妇幼保健院","175336701","2016-04-24","浙江省妇幼保健院"
"2240","向吕蒝","男","2018/4/2","浙江省杭州市","41","良好","4","49","咎如萱","31","中国","汉族","身份证","331027198707278016","向呈奇","39","中国","汉族","身份证","330916197909155968","浙江省杭州市","浙江省妇幼保健院","650697307","2018-04-02","浙江省妇幼保健院"
"2265","嵇穆科","男","2018/12/31","浙江省杭州市","36","良好","4","50","钦幻珊","25","中国","汉族","身份证","330116199403296000","嵇丞聪","34","中国","汉族","身份证","330313198503017024","浙江省杭州市","浙江省妇幼保健院","633858019","2018-12-31","浙江省妇幼保健院"
"2318","褚本然","男","2016/8/12","浙江省杭州市","35","良好","4","54","蔺冰蓝","26","中国","汉族","身份证","330914199004241984","褚子荣","37","中国","汉族","身份证","330306197910142016","浙江省杭州市","浙江省妇幼保健院","317202664","2016-08-12","浙江省妇幼保健院"
"2321","龙安良","男","2016/8/30","浙江省杭州市","36","良好","4","50","傅代云","21","中国","汉族","身份证","330319199602096000","龙颖浩","22","中国","汉族","身份证","331028199501108992","浙江省杭州市","浙江省妇幼保健院","205504600","2016-08-30","浙江省妇幼保健院"
"2434","庄路遥","男","2018/8/10","浙江省杭州市","37","良好","5","51","邱含玉","35","中国","汉族","身份证","330512198309267968","庄文睿","29","中国","汉族","身份证","330813198908081024","浙江省杭州市","浙江省妇幼保健院","936963039","2018-08-10","浙江省妇幼保健院"
"2499","隗榭彬","男","2018/8/11","浙江省杭州市","37","良好","4","49","施怀亦","24","中国","汉族","身份证","331018199406121024","隗海佳","44","中国","汉族","身份证","330209197410134976","浙江省杭州市","浙江省妇幼保健院","349741655","2018-08-11","浙江省妇幼保健院"
"2559","巫芃芃","男","2016/8/7","浙江省杭州市","40","良好","3","46","鲁书雪","38","中国","汉族","身份证","330615197802227968","巫寅恪","42","中国","汉族","身份证","331002197411056000","浙江省杭州市","浙江省妇幼保健院","169971672","2016-08-07","浙江省妇幼保健院"
"2588","璩礼骞","男","2016/4/19","浙江省杭州市","33","良好","3","54","季凡蕾","39","中国","汉族","身份证","330702197708083008","璩鑫祺","38","中国","汉族","身份证","330419197810064000","浙江省杭州市","浙江省妇幼保健院","913367528","2016-04-19","浙江省妇幼保健院"
"2667","空翰林","男","2016/3/24","浙江省杭州市","35","良好","6","46","靳代荷","38","中国","汉族","身份证","330724197806147008","空腾辉","35","中国","汉族","身份证","330715198106296000","浙江省杭州市","浙江省妇幼保健院","150854615","2016-03-24","浙江省妇幼保健院"
"2676","农匀和","男","2017/6/29","浙江省杭州市","43","良好","3","54","刁南莲","20","中国","汉族","身份证","330128199706123008","农家斌","22","中国","汉族","身份证","330320199502195008","浙江省杭州市","浙江省妇幼保健院","403334589","2017-06-29","浙江省妇幼保健院"
"2752","古志荣","男","2015/12/20","浙江省杭州市","37","良好","5","54","管恨玉","32","中国","汉族","身份证","330703198309283008","古育博","29","中国","汉族","身份证","330405198701019008","浙江省杭州市","浙江省妇幼保健院","153698120","2015-12-20","浙江省妇幼保健院"
"2869","田国立","男","2017/4/12","浙江省杭州市","42","良好","3","52","赏痴梦","35","中国","汉族","身份证","330223198208252992","田彦杉","34","中国","汉族","身份证","330810198309065984","浙江省杭州市","浙江省妇幼保健院","181675689","2017-04-12","浙江省妇幼保健院"
"2944","从菖杰","男","2018/1/23","浙江省杭州市","35","良好","3","52","萧亦寒","23","中国","汉族","身份证","330407199412222016","从林钺","27","中国","汉族","身份证","330722199011236992","浙江省杭州市","浙江省妇幼保健院","832935720","2018-01-23","浙江省妇幼保健院"
"3042","莘宏安","男","2017/9/17","浙江省杭州市","40","良好","3","46","谈代真","30","中国","汉族","身份证","330227198802036992","莘宁启","23","中国","汉族","身份证","331009199410233984","浙江省杭州市","浙江省妇幼保健院","804933672","2017-09-17","浙江省妇幼保健院"
"3062","焦淳路","男","2014/12/18","浙江省杭州市","35","良好","5","51","昌易烟","30","中国","汉族","身份证","330217198411185024","焦毅彬","28","中国","汉族","身份证","330412198705265984","浙江省杭州市","浙江省妇幼保健院","668468295","2014-12-18","浙江省妇幼保健院"
"3161","酆云稼","男","2019/2/12","浙江省杭州市","39","良好","6","45","连千兰","44","中国","汉族","身份证","330310197411177024","酆睿浩","27","中国","汉族","身份证","330226199207211008","浙江省杭州市","浙江省妇幼保健院","165405830","2019-02-12","浙江省妇幼保健院"
"3197","狄宪松","男","2019/4/2","浙江省杭州市","37","良好","5","47","訾乐菱","37","中国","汉族","身份证","330725198201163008","狄聪希","32","中国","汉族","身份证","331018198708070976","浙江省杭州市","浙江省妇幼保健院","304094847","2019-04-02","浙江省妇幼保健院"
"3498","阮荀况","男","2017/8/11","浙江省杭州市","43","良好","5","45","都宛儿","41","中国","汉族","身份证","330309197607097984","阮祉鑫","30","中国","汉族","身份证","330523198705307008","浙江省杭州市","浙江省妇幼保健院","467276258","2017-08-11","浙江省妇幼保健院"
"3517","满稼祥","男","2016/8/31","浙江省杭州市","42","良好","2","54","贲从南","36","中国","汉族","身份证","330801198102033984","满腾跃","42","中国","汉族","身份证","330521197501198976","浙江省杭州市","浙江省妇幼保健院","757991638","2016-08-31","浙江省妇幼保健院"
"3519","杨古林","男","2017/6/1","浙江省杭州市","41","良好","5","45","郗冰旋","33","中国","汉族","身份证","330714198403225984","杨雯宝","22","中国","汉族","身份证","330813199412166016","浙江省杭州市","浙江省妇幼保健院","711110037","2017-06-01","浙江省妇幼保健院"
"3591","仲博跃","男","2015/12/4","浙江省杭州市","33","良好","2","50","岑平安","40","中国","汉族","身份证","330617197508057984","仲伟树","37","中国","汉族","身份证","330818197905065024","浙江省杭州市","浙江省妇幼保健院","485660426","2015-12-04","浙江省妇幼保健院"
"3598","明利群","男","2018/1/12","浙江省杭州市","42","良好","5","49","步访卉","24","中国","汉族","身份证","330411199404232000","明文哲","27","中国","汉族","身份证","330507199012016000","浙江省杭州市","浙江省妇幼保健院","330313773","2018-01-12","浙江省妇幼保健院"
"3625","於茂才","男","2015/6/13","浙江省杭州市","41","良好","5","54","戚碧凡","23","中国","汉族","身份证","330318199203233024","於宗元","40","中国","汉族","身份证","330420197512016000","浙江省杭州市","浙江省妇幼保健院","485631176","2015-06-13","浙江省妇幼保健院"
"3658","郭道樾","男","2017/1/2","浙江省杭州市","33","良好","2","45","相从梦","18","中国","汉族","身份证","330314199810254016","郭江熙","33","中国","汉族","身份证","330512198406254976","浙江省杭州市","浙江省妇幼保健院","957710792","2017-01-02","浙江省妇幼保健院"
"3663","亢朴邨","男","2016/3/6","浙江省杭州市","36","良好","3","48","暴紫寒","30","中国","汉族","身份证","330711198606296000","亢茂祖","24","中国","汉族","身份证","330524199110308992","浙江省杭州市","浙江省妇幼保健院","531352322","2016-03-06","浙江省妇幼保健院"
"3772","逯一苇","男","2019/1/10","浙江省杭州市","40","良好","2","52","宓翠柔","28","中国","汉族","身份证","330210199101036992","逯昊然","35","中国","汉族","身份证","331028198308016000","浙江省杭州市","浙江省妇幼保健院","713186375","2019-01-10","浙江省妇幼保健院"
"3782","祝昱朴","男","2015/8/17","浙江省杭州市","34","良好","5","46","蒯香寒","20","中国","汉族","身份证","330420199511232000","祝易天","28","中国","汉族","身份证","330815198709283008","浙江省杭州市","浙江省妇幼保健院","748281002","2015-08-17","浙江省妇幼保健院"
"3796","桂宏燊","男","2018/3/16","浙江省杭州市","42","良好","6","52","宋亦玉","34","中国","汉族","身份证","330126198312169024","桂星宇","34","中国","汉族","身份证","330624198402022976","浙江省杭州市","浙江省妇幼保健院","940923999","2018-03-16","浙江省妇幼保健院"
"3864","项保暨","男","2018/10/11","浙江省杭州市","36","良好","6","53","关寻真","36","中国","汉族","身份证","330217198301318976","项祺韬","36","中国","汉族","身份证","330313198210033024","浙江省杭州市","浙江省妇幼保健院","310897423","2018-10-11","浙江省妇幼保健院"
"3942","童寅啸","男","2017/6/20","浙江省杭州市","37","良好","3","51","法香巧","25","中国","汉族","身份证","330307199203064000","童卓琦","32","中国","汉族","身份证","330315198509281984","浙江省杭州市","浙江省妇幼保健院","594674770","2017-06-20","浙江省妇幼保健院"
"3961","董稼轩","男","2019/2/8","浙江省杭州市","34","良好","5","54","阚雅琴","33","中国","汉族","身份证","331005198606230976","董仕哲","23","中国","汉族","身份证","330822199510276992","浙江省杭州市","浙江省妇幼保健院","127138077","2019-02-08","浙江省妇幼保健院"
"4005","籍韦林","男","2015/4/1","浙江省杭州市","39","良好","3","52","倪念芹","32","中国","汉族","身份证","330411198212105984","籍皓淇","34","中国","汉族","身份证","330108198102251008","浙江省杭州市","浙江省妇幼保健院","555364389","2015-04-01","浙江省妇幼保健院"
"4007","师秦峰","男","2018/12/19","浙江省杭州市","41","良好","5","47","滑半芹","34","中国","汉族","身份证","330312198408158976","师国强","25","中国","汉族","身份证","330313199401092992","浙江省杭州市","浙江省妇幼保健院","881112697","2018-12-19","浙江省妇幼保健院"
"4083","晏吉纲","男","2018/11/27","浙江省杭州市","33","良好","4","46","强紫山","40","中国","汉族","身份证","330703197807091008","晏嘉彧","26","中国","汉族","身份证","330605199301222976","浙江省杭州市","浙江省妇幼保健院","325472357","2018-11-27","浙江省妇幼保健院"
"4208","殷合刕","男","2017/9/26","浙江省杭州市","40","良好","6","49","庚慕青","25","中国","汉族","身份证","330404199207268992","殷嘉麦","22","中国","汉族","身份证","330508199505081984","浙江省杭州市","浙江省妇幼保健院","445595593","2017-09-26","浙江省妇幼保健院"
"4225","尚秦风","男","2018/11/22","浙江省杭州市","40","良好","6","50","林夏菡","44","中国","汉族","身份证","330420197503158976","尚国文","36","中国","汉族","身份证","330823198209116992","浙江省杭州市","浙江省妇幼保健院","725076938","2018-11-22","浙江省妇幼保健院"
"4250","韶稽宏","男","2017/9/4","浙江省杭州市","37","良好","5","55","章山柏","24","中国","汉族","身份证","330508199401273024","韶奇年","30","中国","汉族","身份证","330327198706051008","浙江省杭州市","浙江省妇幼保健院","828632137","2017-09-04","浙江省妇幼保健院"
"4286","金秦宁","男","2017/1/24","浙江省杭州市","35","良好","3","55","姬慕灵","39","中国","汉族","身份证","330206197804227008","金芝瑞","38","中国","汉族","身份证","330910197810217024","浙江省杭州市","浙江省妇幼保健院","742977660","2017-01-24","浙江省妇幼保健院"
"4287","能利鹏","男","2019/1/26","浙江省杭州市","38","良好","5","45","计忆柳","34","中国","汉族","身份证","331013198411288000","能岸谷","44","中国","汉族","身份证","330619197412248000","浙江省杭州市","浙江省妇幼保健院","762426469","2019-01-26","浙江省妇幼保健院"
"4333","言秉荃","男","2016/7/14","浙江省杭州市","37","良好","5","52","蓟曼文","39","中国","汉族","身份证","330208197706033984","言寅滨","22","中国","汉族","身份证","330106199501017984","浙江省杭州市","浙江省妇幼保健院","816412999","2016-07-14","浙江省妇幼保健院"
"4399","惠鹤骞","男","2018/8/5","浙江省杭州市","34","良好","3","46","谢曼易","43","中国","汉族","身份证","330419197509305984","惠根茂","39","中国","汉族","身份证","330914197906254016","浙江省杭州市","浙江省妇幼保健院","447862884","2018-08-05","浙江省妇幼保健院"
"4462","权季盛","男","2018/1/13","浙江省杭州市","37","良好","3","47","侯访蕊","32","中国","汉族","身份证","330527198509244032","权吉浪","33","中国","汉族","身份证","330218198410121984","浙江省杭州市","浙江省妇幼保健院","146874511","2018-01-13","浙江省妇幼保健院"
"4622","裘范涛","男","2016/3/15","浙江省杭州市","35","良好","3","49","赵梦琪","33","中国","汉族","身份证","330419198303273984","裘润林","25","中国","汉族","身份证","330510199102084992","浙江省杭州市","浙江省妇幼保健院","702048997","2016-03-15","浙江省妇幼保健院"
"4682","葛彬彬","男","2018/1/26","浙江省杭州市","36","良好","6","54","边凡旋","35","中国","汉族","身份证","330123198212105984","葛腾飞","23","中国","汉族","身份证","330201199409286016","浙江省杭州市","浙江省妇幼保健院","859873448","2018-01-26","浙江省妇幼保健院"
"4762","邓至","男","2017/5/30","浙江省杭州市","38","良好","6","50","周彬彬","39","中国","汉族","身份证","331003197810168000","须昱铭","28","中国","汉族","身份证","330112198908142016","浙江省杭州市","浙江省妇幼保健院","233165628","2017-05-30","浙江省妇幼保健院"
"4770","毛吉林","男","2018/7/24","浙江省杭州市","42","良好","2","50","融若烟","44","中国","汉族","身份证","330406197409126016","毛攀秦","37","中国","汉族","身份证","330116198106260992","浙江省杭州市","浙江省妇幼保健院","821378961","2018-07-24","浙江省妇幼保健院"
"4806","姜欣跃","男","2016/5/26","浙江省杭州市","42","良好","4","55","武春翠","20","中国","汉族","身份证","330503199603318976","姜德润","28","中国","汉族","身份证","330928198811241984","浙江省杭州市","浙江省妇幼保健院","848729431","2016-05-26","浙江省妇幼保健院"
"4819","龚诚朴","男","2017/1/8","浙江省杭州市","37","良好","3","50","吴访旋","20","中国","汉族","身份证","330828199701129024","龚溢昕","41","中国","汉族","身份证","330515197602054976","浙江省杭州市","浙江省妇幼保健院","231281089","2017-01-08","浙江省妇幼保健院"
"4828","有秦丰","男","2016/5/19","浙江省杭州市","39","良好","6","51","钭乐瑶","32","中国","汉族","身份证","330413198403232000","有古蔺","28","中国","汉族","身份证","330624198806126016","浙江省杭州市","浙江省妇幼保健院","899586159","2016-05-19","浙江省妇幼保健院"
"4895","沈荻蒝","男","2015/10/25","浙江省杭州市","41","良好","2","46","印书兰","26","中国","汉族","身份证","330707198912030976","沈楚洋","31","中国","汉族","身份证","331004198504019008","浙江省杭州市","浙江省妇幼保健院","325219804","2015-10-25","浙江省妇幼保健院"
"4911","赖杉荻","男","2017/8/25","浙江省杭州市","33","良好","2","45","方宛海","32","中国","汉族","身份证","331011198507116032","赖卓宇","38","中国","汉族","身份证","330819197908193024","浙江省杭州市","浙江省妇幼保健院","626442087","2017-08-25","浙江省妇幼保健院"
"4952","盛满藤","男","2016/9/9","浙江省杭州市","40","良好","3","50","越靖柏","38","中国","汉族","身份证","331010197903105984","盛贻楚","36","中国","汉族","身份证","330306198101214016","浙江省杭州市","浙江省妇幼保健院","635520573","2016-09-09","浙江省妇幼保健院"
"4964","敖岱宗","男","2018/10/26","浙江省杭州市","40","良好","2","47","王杨宇轩","33","中国","汉族","身份证","330205198505201984","敖思众","37","中国","汉族","身份证","330207198202254976","浙江省杭州市","浙江省妇幼保健院","775235685","2018-10-26","浙江省妇幼保健院"
"5035","文骞魁","男","2017/11/16","浙江省杭州市","42","良好","6","50","杭语蓉","32","中国","汉族","身份证","330707198506033024","文佑宏","31","中国","汉族","身份证","331011198705064000","浙江省杭州市","浙江省妇幼保健院","893550763","2017-11-16","浙江省妇幼保健院"
"5104","樊安吉","男","2015/9/4","浙江省杭州市","35","良好","5","45","墨冰彤","34","中国","汉族","身份证","330709198105166016","樊铎秦","33","中国","汉族","身份证","330815198302147968","浙江省杭州市","浙江省妇幼保健院","487894120","2015-09-04","浙江省妇幼保健院"
"5152","苏古焉","男","2016/10/5","浙江省杭州市","40","良好","6","47","寿春竹","42","中国","汉族","身份证","330402197501126976","苏荻竹","32","中国","汉族","身份证","330727198411081984","浙江省杭州市","浙江省妇幼保健院","456240636","2016-10-05","浙江省妇幼保健院"
"5199","束骞尧","男","2019/2/9","浙江省杭州市","39","良好","5","50","时觅波","33","中国","汉族","身份证","330318198601198016","束根涯","40","中国","汉族","身份证","330714197906092032","浙江省杭州市","浙江省妇幼保健院","222088571","2019-02-09","浙江省妇幼保健院"
"5252","廖克林","男","2018/2/6","浙江省杭州市","36","良好","2","48","庞冰夏","26","中国","汉族","身份证","330908199202051008","廖嘉杰","38","中国","汉族","身份证","330319198007262016","浙江省杭州市","浙江省妇幼保健院","826899691","2018-02-06","浙江省妇幼保健院"
"5296","鲍满楼","男","2016/8/3","浙江省杭州市","40","良好","4","47","燕雪柳","37","中国","汉族","身份证","330711197906035968","鲍彦泽","18","中国","汉族","身份证","330723199804070976","浙江省杭州市","浙江省妇幼保健院","335043811","2016-08-03","浙江省妇幼保健院"
"5312","厍芃华","男","2018/4/3","浙江省杭州市","39","良好","3","45","陆梦曼","29","中国","汉族","身份证","330228198810140992","厍程皓","24","中国","汉族","身份证","330121199311025984","浙江省杭州市","浙江省妇幼保健院","933951792","2018-04-03","浙江省妇幼保健院"
"5384","干家林","男","2017/6/22","浙江省杭州市","35","良好","3","55","孙元风","43","中国","汉族","身份证","330423197409147008","干秉治","25","中国","汉族","身份证","330808199207062016","浙江省杭州市","浙江省妇幼保健院","867498422","2017-06-22","浙江省妇幼保健院"
"5463","黄茂飞","男","2015/10/15","浙江省杭州市","40","良好","5","47","郏忆翠","37","中国","汉族","身份证","331007197810052992","黄楚文","40","中国","汉族","身份证","330511197507152000","浙江省杭州市","浙江省妇幼保健院","480732194","2015-10-15","浙江省妇幼保健院"
"5528","钮寅力","男","2015/8/15","浙江省杭州市","39","良好","5","52","何之瑶","30","中国","汉族","身份证","330307198509161984","钮宇龙","28","中国","汉族","身份证","330126198801052992","浙江省杭州市","浙江省妇幼保健院","423581547","2015-08-15","浙江省妇幼保健院"
"5545","曹保华","男","2018/12/12","浙江省杭州市","42","良好","2","50","贡白易","33","中国","汉族","身份证","330908198508052992","曹范之","28","中国","汉族","身份证","330304199006219008","浙江省杭州市","浙江省妇幼保健院","742070925","2018-12-12","浙江省妇幼保健院"
"5622","毕朴民","男","2017/10/30","浙江省杭州市","39","良好","5","47","暨南春","37","中国","汉族","身份证","330125198101088000","毕谨丞","35","中国","汉族","身份证","330325198209134016","浙江省杭州市","浙江省妇幼保健院","714619337","2017-10-30","浙江省妇幼保健院"
"5631","吉宏凯","男","2017/11/10","浙江省杭州市","40","良好","4","55","许芷蕊","23","中国","汉族","身份证","330128199409222976","吉源洧","36","中国","汉族","身份证","330623198112174976","浙江省杭州市","浙江省妇幼保健院","270870138","2017-11-10","浙江省妇幼保健院"
"5642","叶吉繇","男","2019/4/16","浙江省杭州市","37","良好","2","48","皮寻雁","23","中国","汉族","身份证","330814199606110976","叶冬铭","36","中国","汉族","身份证","330509198306083968","浙江省杭州市","浙江省妇幼保健院","445584527","2019-04-16","浙江省妇幼保健院"
"5660","鱼秉林","男","2018/6/25","浙江省杭州市","43","良好","4","51","支乐枫","37","中国","汉族","身份证","330304198109232000","鱼戊寅","36","中国","汉族","身份证","330823198206126016","浙江省杭州市","浙江省妇幼保健院","244681807","2018-06-25","浙江省妇幼保健院"
"5666","聂菖蒲","男","2015/11/19","浙江省杭州市","39","良好","4","49","荣映易","20","中国","汉族","身份证","330703199601022016","聂禹泽","40","中国","汉族","身份证","330804197511195008","浙江省杭州市","浙江省妇幼保健院","449404875","2015-11-19","浙江省妇幼保健院"
"5716","彭蔼民","男","2016/11/2","浙江省杭州市","36","良好","4","51","乔从安","41","中国","汉族","身份证","330620197506252992","彭紫潇","33","中国","汉族","身份证","330121198404096000","浙江省杭州市","浙江省妇幼保健院","684435781","2016-11-02","浙江省妇幼保健院"
"5720","严仁朴","男","2017/12/21","浙江省杭州市","38","良好","2","55","劳从寒","32","中国","汉族","身份证","330626198604094016","严伟茂","25","中国","汉族","身份证","330520199212177984","浙江省杭州市","浙江省妇幼保健院","551166720","2017-12-21","浙江省妇幼保健院"
"5762","卜根晨","男","2017/8/7","浙江省杭州市","34","良好","5","46","殳含烟","35","中国","汉族","身份证","330908198211281984","卜书宇","30","中国","汉族","身份证","330720198802016000","浙江省杭州市","浙江省妇幼保健院","665788860","2017-08-07","浙江省妇幼保健院"
"5784","巩利文","男","2017/9/30","浙江省杭州市","34","良好","5","50","裴静曼","41","中国","汉族","身份证","330207197608100992","巩家彬","26","中国","汉族","身份证","330621199104217024","浙江省杭州市","浙江省妇幼保健院","631438729","2017-09-30","浙江省妇幼保健院"
"5824","柴寅正","男","2017/7/17","浙江省杭州市","42","良好","5","55","茅寒云","35","中国","汉族","身份证","331021198208296000","柴潇泽","28","中国","汉族","身份证","330522198912121984","浙江省杭州市","浙江省妇幼保健院","895894649","2017-07-17","浙江省妇幼保健院"
"5928","牛家树","男","2017/3/19","浙江省杭州市","43","良好","2","48","康又菱","34","中国","汉族","身份证","330621198302163008","牛天瑞","31","中国","汉族","身份证","330112198609081024","浙江省杭州市","浙江省妇幼保健院","331926399","2017-03-19","浙江省妇幼保健院"
"5970","伊实甫","男","2017/3/10","浙江省杭州市","38","良好","5","52","薛晓亦","20","中国","汉族","身份证","330814199706113984","伊浩善","40","中国","汉族","身份证","330408197704086976","浙江省杭州市","浙江省妇幼保健院","278218275","2017-03-10","浙江省妇幼保健院"
"5999","郝林樾","男","2015/2/13","浙江省杭州市","41","良好","6","51","居谷山","25","中国","汉族","身份证","330718198909251008","郝昱灿","25","中国","汉族","身份证","330205198911142016","浙江省杭州市","浙江省妇幼保健院","293975391","2015-02-13","浙江省妇幼保健院"
"6082","魏中苇","男","2017/5/21","浙江省杭州市","40","良好","3","50","池含蕾","39","中国","汉族","身份证","330121197807142016","魏泰鸿","41","中国","汉族","身份证","330817197602259008","浙江省杭州市","浙江省妇幼保健院","474746279","2017-05-21","浙江省妇幼保健院"
"6092","巴家明","男","2015/6/7","浙江省杭州市","34","良好","4","45","马痴珊","37","中国","汉族","身份证","330201197802036992","巴加睿","26","中国","汉族","身份证","330525198907208000","浙江省杭州市","浙江省妇幼保健院","234915643","2015-06-07","浙江省妇幼保健院"
"6148","史荀勋","男","2016/8/7","浙江省杭州市","41","良好","4","49","扶听蓉","26","中国","汉族","身份证","330407199003070976","史筠涵","34","中国","汉族","身份证","330515198206035008","浙江省杭州市","浙江省妇幼保健院","754525830","2016-08-07","浙江省妇幼保健院"
"6184","佟乾根","男","2018/4/19","浙江省杭州市","39","良好","2","55","郜曼香","33","中国","汉族","身份证","330321198506156992","佟慕贤","43","中国","汉族","身份证","330717197503086976","浙江省杭州市","浙江省妇幼保健院","390460399","2018-04-19","浙江省妇幼保健院"
"6277","翟松文","男","2017/4/10","浙江省杭州市","38","良好","6","49","齐夏彤","31","中国","汉族","身份证","330117198601156992","翟俊秋","25","中国","汉族","身份证","330817199205302976","浙江省杭州市","浙江省妇幼保健院","710440247","2017-04-10","浙江省妇幼保健院"
"6352","袁松浩","男","2016/4/5","浙江省杭州市","34","良好","6","51","充幻柏","21","中国","汉族","身份证","330914199503208000","袁孟荀","36","中国","汉族","身份证","330505198004291968","浙江省杭州市","浙江省妇幼保健院","211217630","2016-04-05","浙江省妇幼保健院"
"6404","谭海彬","男","2015/3/26","浙江省杭州市","35","良好","5","48","汤谷丝","26","中国","汉族","身份证","330702198901275008","谭健杰","22","中国","汉族","身份证","331005199303081024","浙江省杭州市","浙江省妇幼保健院","778380423","2015-03-26","浙江省妇幼保健院"
"6451","雍文藻","男","2018/1/23","浙江省杭州市","42","良好","4","46","席雪青","24","中国","汉族","身份证","330215199312152000","雍家栋","34","中国","汉族","身份证","330727198402254016","浙江省杭州市","浙江省妇幼保健院","160386223","2018-01-23","浙江省妇幼保健院"
"6516","解银河","男","2016/4/28","浙江省杭州市","37","良好","4","47","李寻文","27","中国","汉族","身份证","330304198811046976","解思亮","24","中国","汉族","身份证","331018199111302016","浙江省杭州市","浙江省妇幼保健院","718188516","2016-04-28","浙江省妇幼保健院"
"6619","晁国俊","男","2019/2/13","浙江省杭州市","34","良好","3","45","洪初丹","43","中国","汉族","身份证","330615197510121984","晁威泽","27","中国","汉族","身份证","330201199207041984","浙江省杭州市","浙江省妇幼保健院","142334669","2019-02-13","浙江省妇幼保健院"
"6642","韩蒲海","男","2018/5/24","浙江省杭州市","34","良好","5","55","祖千琴","34","中国","汉族","身份证","330612198312132992","韩炫传","39","中国","汉族","身份证","330527197901092992","浙江省杭州市","浙江省妇幼保健院","158168152","2018-05-24","浙江省妇幼保健院"
"6657","游律本","男","2018/4/21","浙江省杭州市","40","良好","2","46","谷之桃","36","中国","汉族","身份证","330126198201288000","游锦荣","22","中国","汉族","身份证","330521199606073984","浙江省杭州市","浙江省妇幼保健院","297491574","2018-04-21","浙江省妇幼保健院"
"6691","弘季春","男","2016/2/14","浙江省杭州市","41","良好","6","49","邓恨山","30","中国","汉族","身份证","330710198512246016","弘吉轩","41","中国","汉族","身份证","330818197501028992","浙江省杭州市","浙江省妇幼保健院","297052407","2016-02-14","浙江省妇幼保健院"
"6717","元琸古","男","2016/8/7","浙江省杭州市","39","良好","3","50","东初夏","24","中国","汉族","身份证","330405199208201984","元茹荻","42","中国","汉族","身份证","330912197501161984","浙江省杭州市","浙江省妇幼保健院","719954487","2016-08-07","浙江省妇幼保健院"
"6743","禹骆谷","男","2019/1/6","浙江省杭州市","39","良好","4","55","冷雨寒","26","中国","汉族","身份证","330918199305091968","禹利荀","20","中国","汉族","身份证","330502199905185024","浙江省杭州市","浙江省妇幼保健院","254005058","2019-01-06","浙江省妇幼保健院"
"6750","卫学稼","男","2019/2/27","浙江省杭州市","36","良好","3","46","屠若南","41","中国","汉族","身份证","330324197712035968","卫广跃","33","中国","汉族","身份证","330616198512148992","浙江省杭州市","浙江省妇幼保健院","291652347","2019-02-27","浙江省妇幼保健院"
"6796","温梓芃","男","2017/5/1","浙江省杭州市","39","良好","3","52","钟傲珊","40","中国","汉族","身份证","330305197709046976","温寅立","41","中国","汉族","身份证","330326197604113024","浙江省杭州市","浙江省妇幼保健院","503637246","2017-05-01","浙江省妇幼保健院"
"6866","宁保宁","男","2018/11/19","浙江省杭州市","41","良好","3","47","凤书瑶","22","中国","汉族","身份证","330615199609254976","宁壮淳","28","中国","汉族","身份证","330416199006121024","浙江省杭州市","浙江省妇幼保健院","874832442","2018-11-19","浙江省妇幼保健院"
"6870","屈合运","男","2019/1/2","浙江省杭州市","43","良好","6","45","巢灵槐","38","中国","汉族","身份证","331001198008265984","屈季正","34","中国","汉族","身份证","331023198407284992","浙江省杭州市","浙江省妇幼保健院","667797929","2019-01-02","浙江省妇幼保健院"
"6975","宗果昰","男","2015/4/25","浙江省杭州市","35","良好","2","48","笪孤岚","21","中国","汉族","身份证","330810199410046976","宗奕然","27","中国","汉族","身份证","330724198802291968","浙江省杭州市","浙江省妇幼保健院","760034084","2015-04-25","浙江省妇幼保健院"
"6995","霍黎斌","男","2018/7/31","浙江省杭州市","38","良好","2","45","鄢夜蓉","26","中国","汉族","身份证","330207199206254976","霍一维","35","中国","汉族","身份证","330517198306118016","浙江省杭州市","浙江省妇幼保健院","458793303","2018-07-31","浙江省妇幼保健院"
"7106","米旭果","男","2017/8/23","浙江省杭州市","43","良好","6","45","辛傲之","41","中国","汉族","身份证","330502197608110976","米锦航","28","中国","汉族","身份证","331005198908054976","浙江省杭州市","浙江省妇幼保健院","617320004","2017-08-23","浙江省妇幼保健院"
"7163","平芦坪","男","2017/8/6","浙江省杭州市","38","良好","2","48","习凝天","22","中国","汉族","身份证","330101199511225024","平祥容","40","中国","汉族","身份证","330117197706195008","浙江省杭州市","浙江省妇幼保健院","129464618","2017-08-06","浙江省妇幼保健院"
"7166","乌睿范","男","2017/11/18","浙江省杭州市","42","良好","3","54","韦半梦","35","中国","汉族","身份证","330714198210232000","乌宏林","30","中国","汉族","身份证","330608198803084032","浙江省杭州市","浙江省妇幼保健院","217192321","2017-11-18","浙江省妇幼保健院"
"7192","储季伦","男","2017/10/12","浙江省杭州市","41","良好","3","55","爱语兰","34","中国","汉族","身份证","330401198309164032","储承承","26","中国","汉族","身份证","330805199107155008","浙江省杭州市","浙江省妇幼保健院","987048111","2017-10-12","浙江省妇幼保健院"
"7325","佘化腾","男","2017/9/9","浙江省杭州市","34","良好","6","46","全凌萱","35","中国","汉族","身份证","330116198205206016","佘修远","36","中国","汉族","身份证","330628198104195968","浙江省杭州市","浙江省妇幼保健院","397821724","2017-09-09","浙江省妇幼保健院"
"7394","益跃远","男","2016/5/24","浙江省杭州市","35","良好","5","47","井海云","37","中国","汉族","身份证","330603197902032000","益致宜","38","中国","汉族","身份证","330618197808305024","浙江省杭州市","浙江省妇幼保健院","166461161","2016-05-24","浙江省妇幼保健院"
"7467","应保鸿","男","2019/4/6","浙江省杭州市","37","良好","3","54","周新波","32","中国","汉族","身份证","330923198704086016","应昕然","34","中国","汉族","身份证","330127198509068992","浙江省杭州市","浙江省妇幼保健院","516006002","2019-04-06","浙江省妇幼保健院"
"7589","羿桧樾","男","2018/3/27","浙江省杭州市","40","良好","2","50","郑沛珊","35","中国","汉族","身份证","330815198309224000","羿龙玉","43","中国","汉族","身份证","331014197501081984","浙江省杭州市","浙江省妇幼保健院","475280557","2018-03-27","浙江省妇幼保健院"
"7727","党金河","男","2019/2/7","浙江省杭州市","39","良好","5","46","邵笑霜","42","中国","汉族","身份证","330118197707230976","党宏蒙","26","中国","汉族","身份证","330503199212088000","浙江省杭州市","浙江省妇幼保健院","723448416","2019-02-07","浙江省妇幼保健院"
"7762","杜楼之","男","2016/11/19","浙江省杭州市","39","良好","2","51","蔚恨天","22","中国","汉族","身份证","330424199412243968","杜梓轩","41","中国","汉族","身份证","330601197604091008","浙江省杭州市","浙江省妇幼保健院","421954922","2016-11-19","浙江省妇幼保健院"
"7778","别菖键","男","2018/2/17","浙江省杭州市","36","良好","4","50","徐平蝶","36","中国","汉族","身份证","330408198204270976","别向笛","28","中国","汉族","身份证","330224198909148032","浙江省杭州市","浙江省妇幼保健院","833951722","2018-02-17","浙江省妇幼保健院"
"7788","臧睿蔼","男","2016/4/25","浙江省杭州市","36","良好","4","50","宦傲晴","30","中国","汉族","身份证","330417198511054976","臧梓坤","34","中国","汉族","身份证","330101198205152000","浙江省杭州市","浙江省妇幼保健院","906170652","2016-04-25","浙江省妇幼保健院"
"7827","牟志芃","男","2018/11/23","浙江省杭州市","39","良好","6","54","戎尔珍","41","中国","汉族","身份证","330313197707150976","牟希喜","36","中国","汉族","身份证","330217198208124992","浙江省杭州市","浙江省妇幼保健院","590719585","2018-11-23","浙江省妇幼保健院"
"7877","凌桥松","男","2016/4/8","浙江省杭州市","34","良好","2","55","谯友巧","36","中国","汉族","身份证","330723198006193984","凌俊嘉","29","中国","汉族","身份证","331025198709097024","浙江省杭州市","浙江省妇幼保健院","560139988","2016-04-08","浙江省妇幼保健院"
"7880","左国荣","男","2016/2/13","浙江省杭州市","34","良好","3","50","朱元霜","21","中国","汉族","身份证","330713199508124992","左柏莨","28","中国","汉族","身份证","330616198804033024","浙江省杭州市","浙江省妇幼保健院","821327593","2016-02-13","浙江省妇幼保健院"
"7894","柳英果","男","2018/3/21","浙江省杭州市","39","良好","5","52","慕怜云","35","中国","汉族","身份证","330619198308195968","柳晨铭","27","中国","汉族","身份证","330412199108193984","浙江省杭州市","浙江省妇幼保健院","932428936","2018-03-21","浙江省妇幼保健院"
"7931","沙永蒝","男","2018/10/21","浙江省杭州市","38","良好","3","50","糜芷蕾","40","中国","汉族","身份证","330215197902188992","沙正涛","34","中国","汉族","身份证","330823198407158976","浙江省杭州市","浙江省妇幼保健院","204228710","2018-10-21","浙江省妇幼保健院"
"7956","孟秦剑","男","2017/9/10","浙江省杭州市","36","良好","6","51","衡雁玉","24","中国","汉族","身份证","330124199401078016","孟康文","30","中国","汉族","身份证","330115198712281984","浙江省杭州市","浙江省妇幼保健院","665230700","2017-09-10","浙江省妇幼保健院"
"8050","程英稽","男","2016/6/21","浙江省杭州市","33","良好","4","49","年春儿","23","中国","汉族","身份证","330104199309139008","程泽欣","36","中国","汉族","身份证","330120198006076992","浙江省杭州市","浙江省妇幼保健院","780199249","2016-06-21","浙江省妇幼保健院"
"8053","鄂路硕","男","2018/11/15","浙江省杭州市","35","良好","4","51","尹念露","39","中国","汉族","身份证","330412197911011968","鄂哲铭","37","中国","汉族","身份证","331002198108028992","浙江省杭州市","浙江省妇幼保健院","943267622","2018-11-15","浙江省妇幼保健院"
"8070","宰季坤","男","2017/11/27","浙江省杭州市","38","良好","6","46","蓝怜梦","39","中国","汉族","身份证","330701197902211008","宰吉昌","34","中国","汉族","身份证","330813198401078976","浙江省杭州市","浙江省妇幼保健院","370904863","2017-11-27","浙江省妇幼保健院"
"8121","栾秉坤","男","2015/9/18","浙江省杭州市","41","良好","3","49","张夜蕾","37","中国","汉族","身份证","331017197807049024","栾乐语","27","中国","汉族","身份证","330305198811147008","浙江省杭州市","浙江省妇幼保健院","951030394","2015-09-18","浙江省妇幼保健院"
"8129","慎家叡","男","2016/8/9","浙江省杭州市","38","良好","2","46","骆涵菡","22","中国","汉族","身份证","330512199408206016","慎柏茂","34","中国","汉族","身份证","330314198210305984","浙江省杭州市","浙江省妇幼保健院","765639561","2016-08-09","浙江省妇幼保健院"
"8170","隆柏晨","男","2017/8/13","浙江省杭州市","39","良好","5","50","邢妙菡","28","中国","汉族","身份证","330709199001043008","隆跃庭","28","中国","汉族","身份证","330819198907169024","浙江省杭州市","浙江省妇幼保健院","877966448","2017-08-13","浙江省妇幼保健院"
"8265","瞿朴淳","男","2018/6/1","浙江省杭州市","41","良好","4","45","汪盼儿","32","中国","汉族","身份证","330716198601132992","瞿海晔","38","中国","汉族","身份证","330906198007166016","浙江省杭州市","浙江省妇幼保健院","416037907","2018-06-01","浙江省妇幼保健院"
"8336","贝秉东","男","2019/1/29","浙江省杭州市","39","良好","6","51","利谷雪","31","中国","汉族","身份证","330110198710134016","贝明坤","35","中国","汉族","身份证","330104198404249024","浙江省杭州市","浙江省妇幼保健院","762444481","2019-01-29","浙江省妇幼保健院"
"8337","蒲和蒲","男","2018/10/27","浙江省杭州市","41","良好","6","49","和海露","42","中国","汉族","身份证","330727197605211008","蒲宏胜","20","中国","汉族","身份证","330514199809177024","浙江省杭州市","浙江省妇幼保健院","431656609","2018-10-27","浙江省妇幼保健院"
"8345","毋利泰","男","2015/5/29","浙江省杭州市","36","良好","5","50","邴寒雁","35","中国","汉族","身份证","330311198004278976","毋谷涛","31","中国","汉族","身份证","330401198409022016","浙江省杭州市","浙江省妇幼保健院","512852248","2015-05-29","浙江省妇幼保健院"
"8347","闻龙跃","男","2018/1/14","浙江省杭州市","39","良好","2","51","戴乐丹","38","中国","汉族","身份证","330313198004305984","闻润萱","38","中国","汉族","身份证","330527198004288000","浙江省杭州市","浙江省妇幼保健院","190041368","2018-01-14","浙江省妇幼保健院"
"8386","双荣行","男","2017/2/16","浙江省杭州市","43","良好","4","48","成冰枫","24","中国","汉族","身份证","330518199212233984","双拓柏","36","中国","汉族","身份证","330524198010264000","浙江省杭州市","浙江省妇幼保健院","940966686","2017-02-16","浙江省妇幼保健院"
"8430","曾秉蘅","男","2015/5/12","浙江省杭州市","39","良好","4","46","汲晓巧","39","中国","汉族","身份证","330812197511308032","曾寅俊","33","中国","汉族","身份证","330725198202051008","浙江省杭州市","浙江省妇幼保健院","930279586","2015-05-12","浙江省妇幼保健院"
"8450","万芦甡","男","2016/7/23","浙江省杭州市","43","良好","6","49","简冰兰","27","中国","汉族","身份证","330411198912075008","万博凯","27","中国","汉族","身份证","330526198905104000","浙江省杭州市","浙江省妇幼保健院","335477938","2016-07-23","浙江省妇幼保健院"
"8495","秋荣星","男","2015/5/7","浙江省杭州市","36","良好","5","46","廉寻春","31","中国","汉族","身份证","330109198405273024","秋剑柏","36","中国","汉族","身份证","330324197910291008","浙江省杭州市","浙江省妇幼保健院","441001788","2015-05-07","浙江省妇幼保健院"
"8625","濮保平","男","2018/11/8","浙江省杭州市","34","良好","3","50","舒语琴","28","中国","汉族","身份证","330302199009171008","濮成文","44","中国","汉族","身份证","330607197410094976","浙江省杭州市","浙江省妇幼保健院","723807149","2018-11-08","浙江省妇幼保健院"
"8726","宣秉中","男","2018/12/31","浙江省杭州市","34","良好","2","52","涂语芙","31","中国","汉族","身份证","330718198710048000","宣然旭","33","中国","汉族","身份证","330317198507121984","浙江省杭州市","浙江省妇幼保健院","119353577","2018-12-31","浙江省妇幼保健院"
"8751","盖翰藻","男","2019/3/26","浙江省杭州市","39","良好","4","55","蓬新蕾","26","中国","汉族","身份证","330301199308316992","盖佳峰","31","中国","汉族","身份证","330521198710118976","浙江省杭州市","浙江省妇幼保健院","257215601","2019-03-26","浙江省妇幼保健院"
"8787","潘世根","男","2018/10/1","浙江省杭州市","37","良好","3","52","通丹珍","21","中国","汉族","身份证","330524199802198016","潘慕涵","36","中国","汉族","身份证","330422198211011968","浙江省杭州市","浙江省妇幼保健院","155308055","2018-10-01","浙江省妇幼保健院"
"8805","商睿利","男","2018/9/28","浙江省杭州市","35","良好","6","48","厉凡柔","41","中国","汉族","身份证","330706197711073984","商子淼","29","中国","汉族","身份证","330228199002172032","浙江省杭州市","浙江省妇幼保健院","585805943","2018-09-28","浙江省妇幼保健院"
"8864","江宏略","男","2018/8/12","浙江省杭州市","38","良好","6","47","楚忆香","41","中国","汉族","身份证","330916197702243968","江季业","28","中国","汉族","身份证","330507199003275008","浙江省杭州市","浙江省妇幼保健院","913755795","2018-08-12","浙江省妇幼保健院"
"8867","况桧炎","男","2016/12/11","浙江省杭州市","39","良好","5","47","甘元香","40","中国","汉族","身份证","330313197612248000","况跃峰","35","中国","汉族","身份证","330414198111268992","浙江省杭州市","浙江省妇幼保健院","486867162","2016-12-11","浙江省妇幼保健院"
"8889","颜根源","男","2016/9/1","浙江省杭州市","33","良好","4","48","汝以蕊","26","中国","汉族","身份证","330616199101283968","颜柏达","39","中国","汉族","身份证","330117197710038016","浙江省杭州市","浙江省妇幼保健院","151284095","2016-09-01","浙江省妇幼保健院"
"8891","鞠吉森","男","2019/3/29","浙江省杭州市","42","良好","5","48","包怀萍","23","中国","汉族","身份证","330919199511115008","鞠屹锋","40","中国","汉族","身份证","330218197909051008","浙江省杭州市","浙江省妇幼保健院","135069230","2019-03-29","浙江省妇幼保健院"
"8927","任谷峰","男","2018/9/9","浙江省杭州市","36","良好","4","53","阎含玉","31","中国","汉族","身份证","330801198709155008","任新利","31","中国","汉族","身份证","330305198711230976","浙江省杭州市","浙江省妇幼保健院","434651575","2018-09-09","浙江省妇幼保健院"
"8967","桓家伟","男","2017/11/30","浙江省杭州市","43","良好","4","48","荀凌瑶","40","中国","汉族","身份证","330708197709273984","桓衡骏","30","中国","汉族","身份证","330305198803217984","浙江省杭州市","浙江省妇幼保健院","145334367","2017-11-30","浙江省妇幼保健院"
"9018","咸呈华","男","2017/9/18","浙江省杭州市","40","良好","4","51","卞涵柏","43","中国","汉族","身份证","330310197412227008","咸浩宾","34","中国","汉族","身份证","331001198307166976","浙江省杭州市","浙江省妇幼保健院","452737564","2017-09-18","浙江省妇幼保健院"
"9043","虞敏秦","男","2017/2/4","浙江省杭州市","39","良好","3","50","查夏槐","31","中国","汉族","身份证","330515198602275968","虞祺铭","42","中国","汉族","身份证","330910197411220992","浙江省杭州市","浙江省妇幼保健院","975413638","2017-02-04","浙江省妇幼保健院"
"9148","詹菖茂","男","2017/7/14","浙江省杭州市","40","良好","4","49","于如霜","33","中国","汉族","身份证","330112198405211008","詹宗正","37","中国","汉族","身份证","330713198002041024","浙江省杭州市","浙江省妇幼保健院","958990271","2017-07-14","浙江省妇幼保健院"
"9158","罗保民","男","2018/12/7","浙江省杭州市","39","良好","5","45","终灵雁","42","中国","汉族","身份证","331027197608275968","罗范钊","23","中国","汉族","身份证","330712199508017024","浙江省杭州市","浙江省妇幼保健院","113024526","2018-12-07","浙江省妇幼保健院"
"9195","匡苇江","男","2018/7/14","浙江省杭州市","42","良好","2","50","郁书翠","28","中国","汉族","身份证","330826199005217984","匡蔺河","33","中国","汉族","身份证","330712198502110976","浙江省杭州市","浙江省妇幼保健院","787180026","2018-07-14","浙江省妇幼保健院"
"9288","仰诗荻","男","2018/9/4","浙江省杭州市","37","良好","5","46","费问旋","25","中国","汉族","身份证","330122199403033024","仰呈实","24","中国","汉族","身份证","330620199405252992","浙江省杭州市","浙江省妇幼保健院","129250159","2018-09-04","浙江省妇幼保健院"
"9305","苍荻塬","男","2017/5/10","浙江省杭州市","42","良好","3","49","伏听白","23","中国","汉族","身份证","330904199409104000","苍呈泽","32","中国","汉族","身份证","330813198504145984","浙江省杭州市","浙江省妇幼保健院","109035273","2017-05-10","浙江省妇幼保健院"
"9379","石跃苼","男","2016/11/7","浙江省杭州市","36","良好","4","50","秦问兰","25","中国","汉族","身份证","330325199202214016","石树彤","30","中国","汉族","身份证","330519198703211008","浙江省杭州市","浙江省妇幼保健院","862658589","2016-11-07","浙江省妇幼保健院"
"9439","琴士林","男","2019/1/6","浙江省杭州市","39","良好","3","53","黎紫翠","32","中国","汉族","身份证","330904198706017984","琴腾捷","38","中国","汉族","身份证","330914198011041024","浙江省杭州市","浙江省妇幼保健院","992810470","2019-01-06","浙江省妇幼保健院"
"9467","佴吉樾","男","2017/1/13","浙江省杭州市","37","良好","4","52","段从彤","39","中国","汉族","身份证","330828197806056000","佴昕睿","36","中国","汉族","身份证","330720198102108032","浙江省杭州市","浙江省妇幼保健院","277768759","2017-01-13","浙江省妇幼保健院"
"9479","甄国良","男","2018/8/15","浙江省杭州市","33","良好","2","52","邹沛菡","30","中国","汉族","身份证","330527198808068992","甄本藤","33","中国","汉族","身份证","330617198502284992","浙江省杭州市","浙江省妇幼保健院","652984295","2018-08-15","浙江省妇幼保健院"
"9554","唐腾霄","男","2018/8/7","浙江省杭州市","34","良好","5","47","阴易梦","28","中国","汉族","身份证","330912199006025024","唐惠卓","36","中国","汉族","身份证","330616198205112000","浙江省杭州市","浙江省妇幼保健院","367467415","2018-08-07","浙江省妇幼保健院"
"9636","戈呈祥","男","2017/10/1","浙江省杭州市","33","良好","2","49","贾笑蓝","42","中国","汉族","身份证","331010197505176000","戈祥博","25","中国","汉族","身份证","330406199211286976","浙江省杭州市","浙江省妇幼保健院","308357409","2017-10-01","浙江省妇幼保健院"
"9644","养路平","男","2017/8/28","浙江省杭州市","33","良好","6","53","翁水桃","22","中国","汉族","身份证","330315199511027008","养晨润","39","中国","汉族","身份证","330109197804193984","浙江省杭州市","浙江省妇幼保健院","878606519","2017-08-28","浙江省妇幼保健院"
"9673","顾斌彬","男","2017/11/4","浙江省杭州市","42","良好","2","54","沃安蕾","32","中国","汉族","身份证","330914198509142976","顾金锦","31","中国","汉族","身份证","330901198610275968","浙江省杭州市","浙江省妇幼保健院","517434191","2017-11-04","浙江省妇幼保健院"
"9737","华桧翰","男","2017/8/24","浙江省杭州市","37","良好","4","54","逄翠风","33","中国","汉族","身份证","330303198406046016","华跃中","40","中国","汉族","身份证","331016197801041024","浙江省杭州市","浙江省妇幼保健院","920426235","2017-08-24","浙江省妇幼保健院"
"9794","安子藤","男","2016/7/29","浙江省杭州市","38","良好","6","45","冀醉蓝","25","中国","汉族","身份证","330927199111246016","安若实","34","中国","汉族","身份证","330312198208041984","浙江省杭州市","浙江省妇幼保健院","323285078","2016-07-29","浙江省妇幼保健院"
"9867","郦苇笥","男","2016/12/22","浙江省杭州市","38","良好","5","53","闵尔岚","32","中国","汉族","身份证","330123198505308032","郦河清","40","中国","汉族","身份证","330925197703318016","浙江省杭州市","浙江省妇幼保健院","303553183","2016-12-22","浙江省妇幼保健院"
"9871","邬季同","男","2018/4/3","浙江省杭州市","42","良好","4","53","茹醉易","32","中国","汉族","身份证","330823198511164032","邬敏晖","41","中国","汉族","身份证","330128197612264000","浙江省杭州市","浙江省妇幼保健院","541338766","2018-04-03","浙江省妇幼保健院"
"9921","国韵藻","男","2018/9/21","浙江省杭州市","39","良好","6","49","单向珊","36","中国","汉族","身份证","330211198212038976","国俊驰","40","中国","汉族","身份证","331012197812096000","浙江省杭州市","浙江省妇幼保健院","666579754","2018-09-21","浙江省妇幼保健院"
"9927","容国利","男","2015/4/23","浙江省杭州市","39","良好","3","52","柯雅绿","23","中国","汉族","身份证","330906199209038976","容谷新","35","中国","汉族","身份证","330311198009187968","浙江省杭州市","浙江省妇幼保健院","345640965","2015-04-23","浙江省妇幼保健院"
"9944","封俊呈","男","2016/3/7","浙江省杭州市","42","良好","4","53","柏天荷","31","中国","汉族","身份证","331011198507244032","封潇天","27","中国","汉族","身份证","330113198901198976","浙江省杭州市","浙江省妇幼保健院","838936859","2016-03-07","浙江省妇幼保健院"
