"1","吴玉英","男","151115197110234964","1971-10-23","硕士研究生","调解员","宝龙街道人民调解委员会驻同乐派出所工作室","15863393098"
"2","杨燕","男","421724199608169572","1996-08-16","硕士研究生","调解员","南联居民委员会人民调解委员会","14501244852"
"3","丁柳","男","651628197607046785","1976-07-04","专科","副主任","明月社区人民调解委员会祥韵苑调解小组","18885866048"
"4","周波","男","330811198209018287","1982-09-01","硕士研究生","副主任","狮岭社区人民调解委员会鲁班大厦小区调解小组","18829052858"
"5","陈丹","男","651719197509175428","1975-09-17","本科","副主任","和一社区居民委员会人民调解委员会","18299764926"
"6","吴柳","女","621812199204072388","1992-04-07","本科","调解员","清华社区工作站人民调解委员会","15705436645"
"7","胡华","男","330403198104237916","1981-04-23","本科","主任","丽湖社区人民调解委员会","15335807590"
"8","张丽华","男","431114199607213538","1996-07-21","硕士研究生","调解员","海滨社区人民调解委员会余彭年物业调解小组","13255169734"
"9","李旭","男","330420198105147920","1981-05-14","专科","调解员","狮岭社区人民调解委员会鲁班大厦小区调解小组","15684377510"
"10","张丹丹","男","411613197301304129","1973-01-30","博士研究生","主任","海滨社区人民调解委员会朝恒大厦调解小组","15037653890"
"11","林玉珍","女","121814197111177586","1971-11-17","本科","调解员","下早社区居委会人民调解委员会","15976860983"
"12","陈敏","男","121127198307118267","1983-07-11","本科","副主任","香梅社区人民调解委员会嘉园调解小组","15844179424"
"13","纪雪梅","女","141606198205134569","1982-05-13","博士研究生","副主任","公明办事处人民调解委员会","18546554536"
"14","谢丽","男","710221198606062292","1986-06-06","博士研究生","主任","福海街道人民调解委会驻福永法庭工作室","13721897693"
"15","滕淑英","女","231206197109289916","1971-09-28","本科","副主任","龙华区婚姻家庭纠纷人民调解委员会驻桂花社区妇联工作室","13591519222"
"16","马博","男","460824198503129858","1985-03-12","硕士研究生","副主任","福保社区人民调解委员会新桂花村、边检、海关管理处调解小组","18606811088"
"17","萧丹","女","451622199203074812","1992-03-07","硕士研究生","副主任","桂园街道人民桥社区居委会人民调解委员会","18776283641"
"18","王秀梅","女","621516197906153262","1979-06-15","专科","调解员","福永街道人民调解委员会","18164633780"
"19","张飞","男","710611198705184578","1987-05-18","硕士研究生","调解员","鹏盛社区人民调解委员会鹏基三区调解小组","13660165354"
"20","陈秀荣","女","710109198912103121","1989-12-10","硕士研究生","主任","田心社区居委会人民调解委员会上东湾雅居小区调解小组","18042064996"
"21","毛平","男","511214197604172886","1976-04-17","硕士研究生","副主任","沙头角社区居委会人民调解委员会","15354803881"
"22","焦红霞","女","130328199501066606","1995-01-06","博士研究生","调解员","平山社区人民调解委员会","13696506300"
"23","顾成","女","130521198905139439","1989-05-13","博士研究生","副主任","华航社区人民调解委员会深圳新欣纸业有限公司调解小组","14521374783"
"24","徐荣","男","421421197608172978","1976-08-17","专科","调解员","福保社区人民调解委员会南光名仕苑调解小组","13182730389"
"25","刘宇","男","650906199211046684","1992-11-04","硕士研究生","调解员","广培社区居委会人民调解委员会","18825909801"
"26","许秀芳","男","540516197009134170","1970-09-13","硕士研究生","调解员","明月社区人民调解委员会丽阳天下调解小组","15055880108"
"27","蓝艳","男","221606198508056050","1985-08-05","专科","副主任","田心社区人民调解委员会智动力精密科技股份有限公司人民调解工作室","13201839444"
"28","陈军","女","631327198608079629","1986-08-07","博士研究生","副主任","固戍社区人民调解委员会南太公司调解小组","13378612951"
"29","刘丽华","女","651402197702202220","1977-02-20","专科","调解员","龙华区婚姻家庭纠纷人民调解委员会驻大岭社区妇联工作室","18085556852"
"30","郭彬","女","410502198709132781","1987-09-13","硕士研究生","副主任","观澜街道人民调解委员会驻观澜派出所调解室","15954425827"
"31","甄玉英","女","440215198106092199","1981-06-09","专科","主任","海富社区人民调解委员会","13226712835"
"32","曹艳","女","621813198208205495","1982-08-20","硕士研究生","主任","海滨社区人民调解委员会大众建设集团调解小组","13951768481"
"33","杨楠","女","321405198811206335","1988-11-20","专科","副主任","香梅社区人民调解委员会香雅园调解小组","15021046920"
"34","戴玉英","女","320912197510172129","1975-10-17","专科","调解员","中心社区居民委员会人民调解委员会","18030855852"
"35","张兵","女","371313197212264712","1972-12-26","硕士研究生","副主任","铜鼓社区人民调解委员会","15538713402"
"36","张琳","女","410102197807057740","1978-07-05","博士研究生","调解员","明月社区人民调解委员会祥韵苑调解小组","13714822425"
"37","王云","女","141304199103091188","1991-03-09","本科","主任","新生社区居民委员会人民调解委员会","15868843398"
"38","贾超","女","411604197804295247","1978-04-29","专科","主任","宝民社区人民调解委员会","14554711688"
"39","任超","女","441722198103202324","1981-03-20","专科","调解员","深圳市旅游文化交流促进会人民调解委员会","15123578858"
"40","李华","男","811328197911197938","1979-11-19","博士研究生","调解员","南园街道涉军法律事务咨询协调站人民调解小组","15503131014"
"41","胡文","女","211823198101064387","1981-01-06","专科","主任","东门街道人民调解委员会驻老街地铁站人民调解工作室","18184489918"
"42","曹明","男","501026197005038123","1970-05-03","本科","副主任","福安社区人民调解委员会怡景中心城调解小组","15633017863"
"43","何兰英","男","810405197301131576","1973-01-13","本科","主任","下沙社区人民调解委员会","18244614488"
"44","白利","男","540911198302222269","1983-02-22","专科","调解员","玉塘办事处人民调解委员会","18103294422"
"45","郑萍","女","141503199512301793","1995-12-30","博士研究生","主任","圩镇社区人民调解委员会福盛大厦调解小组","18664698159"
"46","王帅","男","121020199506279635","1995-06-27","本科","调解员","莲花一村管理处调解小组","15662907710"
"47","杨秀芳","女","521103199106184422","1991-06-18","本科","副主任","福山社区人民调解委员会华景花园小区调解小组","15933192267"
"48","李瑜","女","441711199602051638","1996-02-05","博士研究生","主任","大磡社区人民调解委员会","18535519625"
"49","李丽丽","女","441124199503159542","1995-03-15","本科","主任","新华社区人民调解委员会","13188329614"
"50","王桂英","女","151710198705137377","1987-05-13","硕士研究生","副主任","香岭社区人民调解委员会金海花园调解小组","18908944042"
"51","张建华","男","510415198002055247","1980-02-05","本科","副主任","铜鼓社区人民调解委员会","15639166285"
"52","叶红霞","男","631409199011256538","1990-11-25","本科","主任","四方埔社区居民委员会人民调解委员会","13401161590"
"53","王秀梅","女","610517198103258111","1981-03-25","博士研究生","主任","东门街道人民调解委员会驻东门派出所人民调解工作室","15545118208"
"54","刘刚","男","410615198406061841","1984-06-06","硕士研究生","副主任","海涛社区居委会人民调解委员会海景花园小区调解小组","15028179470"
"55","徐辉","女","130919198502116661","1985-02-11","专科","副主任","皇岗社区人民调解委员会高发城驰小区调解小组","13588221825"
"56","邵莹","男","520226199105038553","1991-05-03","硕士研究生","主任","金碧社区人民调解委员会","18272619075"
"57","蔡瑜","男","711026198206273064","1982-06-27","博士研究生","副主任","福田街道渔农社区人民调解委员会","13370556683"
"58","陆利","女","320608197509151335","1975-09-15","博士研究生","主任","田心社区居委会人民调解委员会","13744660000"
"59","李兰英","男","351720197410236675","1974-10-23","本科","副主任","雪华玲家用电器（深圳）有限公司工作室","15286654166"
"60","翁淑兰","男","150508199702102450","1997-02-10","博士研究生","主任","登良社区人民调解委员会","18036602016"
"61","王红霞","女","810916198809195824","1988-09-19","硕士研究生","副主任","梧桐社区居委会人民调解委员会","13618941303"
"62","谢阳","女","230416197802148159","1978-02-14","本科","副主任","黄贝街道罗芳社区居委会人民调解委员会","15367517927"
"63","王玉兰","男","650725197009244888","1970-09-24","博士研究生","主任","海昌社区人民调解委员会","15830064590"
"64","高瑜","男","651515198705076028","1987-05-07","本科","副主任","梅都社区人民调解委员会颐林雅院小区调解小组","13636200882"
"65","陈丽丽","男","511416197109078191","1971-09-07","博士研究生","副主任","龙岗社区居民委员会人民调解委员会","15345021548"
"66","李玉珍","女","150517199205102422","1992-05-10","硕士研究生","副主任","沙头角社区居委会人民调解委员会","13046419189"
"67","郭建华","男","610208197903206332","1979-03-20","本科","调解员","上林社区人民调解委员会八卦岭宿舍区调解小组","15241027597"
"68","李倩","男","141718197211244223","1972-11-24","博士研究生","调解员","鹏盛社区人民调解委员会","18079827948"
"69","朱琴","男","361307197707111256","1977-07-11","本科","主任","新湖办事处人民调解委员会驻新湖派出所工作室","14559997068"
"70","何秀荣","女","610609198803055890","1988-03-05","本科","主任","福保社区人民调解委员会宝田苑调解小组","14565982736"
"71","岳杰","女","440624198202179946","1982-02-17","博士研究生","副主任","新港社区人民调解委员会","15098062339"
"72","马瑜","男","111027197512019095","1975-12-01","本科","主任","章阁社区居委会人民调解委员会","15968380905"
"73","朱雷","女","221107198504179441","1985-04-17","专科","主任","新安街道人民调解调委会驻上川派出所调解工作室","15559208009"
"74","张洁","女","711024198411197333","1984-11-19","本科","副主任","回龙埔社区居民委员会人民调解委员会","15598922230"
"75","郑秀兰","男","140105197905121618","1979-05-12","博士研究生","副主任","梅岭社区人民调解委员会香逸名园小区调解小组","13065711168"
"76","张欣","女","310320197511226665","1975-11-22","本科","调解员","鹏湾社区居委会人民调解委员会","13277151347"
"77","王桂荣","女","420409198110107366","1981-10-10","博士研究生","主任","文景社区人民调解委员会","15272884704"
"78","李杨","女","450105198810036653","1988-10-03","硕士研究生","副主任","新岸线社区人民调解委员会","15265826870"
"79","杜超","女","630326199504274577","1995-04-27","博士研究生","调解员","翠湖社区人民调解委员会","13391892616"
"80","邱桂荣","女","150724199008269623","1990-08-26","本科","副主任","力昌社区人民调解委员会","13416156950"
"81","吴桂花","女","350804198011096360","1980-11-09","本科","主任","莲塘街道人民调解委员会驻莲塘派出所人民调解工作室","15559036557"
"82","韦欣","女","140418198009266211","1980-09-26","硕士研究生","主任","倚山社区居委会人民调解委员会海都花园小区调解小组","13089518464"
"83","赵玉珍","男","411116197201263111","1972-01-26","专科","主任","大鹏社区人民调解委员会","15029923236"
"84","狄志强","男","111327197110186762","1971-10-18","博士研究生","副主任","桥头社区人民调解委会","15503113149"
"85","林柳","女","340318198205096495","1982-05-09","本科","调解员","清湖社区工作站人民调解委员会","18045270461"
"86","陈志强","男","640703197104188607","1971-04-18","博士研究生","副主任","庄边社区人民调解委会","18046634871"
"87","黄丹丹","女","650419198704069681","1987-04-06","本科","副主任","鹏盛社区人民调解委员会志诚物业调解小组","14591990344"
"88","何洁","女","210214199209078531","1992-09-07","专科","调解员","南布社区人民调解委员会豪方菁园小区人民调解小组","13224173530"
"89","李秀芳","男","641104198511129943","1985-11-12","专科","主任","大王山社区居民委员会人民调解委员会","14554614999"
"90","韩文","女","410827198504176410","1985-04-17","本科","副主任","粤桂社区人民调解委员会","15181476915"
"91","王志强","女","130115197506048352","1975-06-04","硕士研究生","调解员","华富北村调解小组","18153856984"
"92","郑建华","男","530821199003026838","1990-03-02","专科","副主任","龙岗区道路交通事故人民调解委员会南湾交警中队人民调解工作室","13476064354"
"93","刘雪梅","女","641212198907116035","1989-07-11","硕士研究生","副主任","圩镇社区人民调解委员会福滨新村调解小组","18156835119"
"94","刘秀云","女","711114198807192288","1988-07-19","硕士研究生","调解员","石新社区人民调解委员会","15849649676"
"95","吴柳","男","221822197012056216","1970-12-05","本科","主任","名海社区人民调解委员会","13047571969"
"96","杨欣","男","371124199607066033","1996-07-06","硕士研究生","调解员","西乡街道人民调解委员会驻流塘派出所工作室","18160826372"
"97","董华","男","541422197002187623","1970-02-18","硕士研究生","调解员","福中社区人民调解委员会天健世纪花园调解小组","15291846694"
"98","张斌","女","410715198711025110","1987-11-02","博士研究生","主任","罗屋围社区居委会人民调解委员会","15733186022"
"99","孙柳","男","521423197007152012","1970-07-15","本科","调解员","沙井街道人民调解委员会","18046224504"
"100","赵玉珍","男","810519199608175081","1996-08-17","博士研究生","调解员","乐利精密有限公司调解小组","15695629024"
"101","孟萍","女","460301198501308237","1985-01-30","博士研究生","副主任","福海街道人民调解委会驻福永法庭工作室","13329547354"
"102","林建平","男","641125198012199252","1980-12-19","专科","主任","平南社区居民委员会人民调解委员会","15740786953"
"103","黄丹","男","420109199406026295","1994-06-02","博士研究生","副主任","新木社区人民调解委员会","13431294990"
"104","傅建国","男","361707198303203691","1983-03-20","专科","主任","观澜街道人民调解委员会驻库坑农贸市场调解室","13542954383"
"105","李莉","女","501824197301107987","1973-01-10","博士研究生","副主任","山厦社区人民调解委员会","14555172925"
"106","苗玉英","女","511109198501044168","1985-01-04","专科","主任","东晓街道名地社区居委会人民调解委员会","18121763564"
"107","梅利","男","441220199601118497","1996-01-11","专科","副主任","莲花二村社区人民调解委员会","13231669209"
"108","叶玉","女","370401198301122745","1983-01-12","博士研究生","副主任","笋岗街道洪湖社区居委会人民调解委员会","15084779387"
"109","朱俊","女","520316197207191532","1972-07-19","硕士研究生","调解员","梅岭社区人民调解委员会锦文阁小区调解小组","13352074587"
"110","李艳","女","370625199212293955","1992-12-29","博士研究生","主任","紫荆社区人民调解委员会中电信息大厦小区调解小组","15377899821"
"111","李丽丽","女","211809197111141069","1971-11-14","博士研究生","调解员","新湖办事处人民调解委员会驻喜德盛自行车厂调解小组","14518918167"
"112","李林","男","640209198403273168","1984-03-27","博士研究生","主任","石厦社区人民调解委员会众孚新村调解小组","18758937238"
"113","史丽丽","女","341019198407205574","1984-07-20","本科","调解员","东湖街道翠鹏社区居委会人民调解委员会","18828187626"
"114","蒋红霞","女","460913199012166934","1990-12-16","博士研究生","副主任","华富街道物业纠纷人民调解委员会","15874104826"
"115","赖金凤","女","441802197812132632","1978-12-13","专科","副主任","保安社区人民调解委员会","15248442588"
"116","林阳","女","810401199301041848","1993-01-04","专科","调解员","梅亭社区(居委会)人民调解委员会华安园调解小组","18030101768"
"117","刘东","男","421311197002157329","1970-02-15","专科","副主任","清水河街道梅园社区居委会人民调解委员会","13935042768"
"118","蒋明","男","150617198209161111","1982-09-16","硕士研究生","副主任","岭澳社区人民调解委员会","18842538225"
"119","李旭","男","110813199003187484","1990-03-18","博士研究生","副主任","莲塘街道坳下社区居委会人民调解委员会","13360505139"
"120","丁波","男","810508198505137691","1985-05-13","硕士研究生","主任","狮径社区居委会人民调解委员会","14760805994"
"121","侯桂珍","女","511501198708186809","1987-08-18","硕士研究生","主任","西乡街道人民调解委员会驻共乐派出所工作室","15314189871"
"122","杨明","男","230221197204126529","1972-04-12","硕士研究生","副主任","登良社区人民调解委员会","18627506165"
"123","陈燕","女","340912198007063899","1980-07-06","本科","副主任","福保社区人民调解委员会益田花园D、E、F区调解小组","18726572658"
"124","宋桂芳","女","631306197002073880","1970-02-07","专科","副主任","横岭社区居委会人民调解委员会","14515804064"
"125","翁秀云","女","430723199110047579","1991-10-04","本科","副主任","梅沙街道人民调解调委员会驻梅沙派出所工作室","13186198574"
"126","张晶","男","310408198511051834","1985-11-05","博士研究生","副主任","新桥社区人民调解委员会第一调解室","18882999688"
"127","骆帅","男","610808197405318260","1974-05-31","专科","调解员","沙坣社区人民调解委员会沙坣股份合作公司青草林分公司人民调解小组","13209260800"
"128","夏玉","女","121706197501233090","1975-01-23","博士研究生","调解员","田头社区人民调解委员会","13728499088"
"129","孙欢","男","360111199212257760","1992-12-25","硕士研究生","调解员","福海街道人民调解调委会","15153928632"
"130","陈淑兰","男","120513198309166769","1983-09-16","本科","调解员","深圳湾社区人民调解委员会","13143558602"
"131","吴林","男","631502198408276646","1984-08-27","硕士研究生","副主任","桂园街道鹿丹村社区居委会人民调解委员会","13911380295"
"132","张金凤","女","150415198110318077","1981-10-31","本科","调解员","臣田社区人民调解委会","18030832721"
"133","杨淑珍","女","111123198601247703","1986-01-24","硕士研究生","副主任","坑梓社区人民调解委员会","15281931869"
"134","刘颖","男","371222199612074616","1996-12-07","博士研究生","调解员","星花社区居委会人民调解委员会","15686512662"
"135","郑欢","男","421428198512162429","1985-12-16","博士研究生","副主任","农园社区人民调解委员会香荔花园调解小组","15103657110"
"136","颜健","男","230916197804307212","1978-04-30","本科","主任","紫荆社区人民调解委员会景苑大厦小区调解小组","18019288537"
"137","马桂花","女","640421199002235407","1990-02-23","专科","调解员","翠竹街道翠辉社区居委会人民调解委员会","13269615470"
"138","高辉","男","530401197912168134","1979-12-16","博士研究生","副主任","益田社区人民调解委员会","18194715515"
"139","鲁梅","男","130113196909125128","1969-09-12","本科","调解员","园山街道人民调解委员会驻驻信访办工作室","15539556265"
"140","黄宇","男","450715197304225571","1973-04-22","专科","副主任","福保社区人民调解委员会圆梦园调解小组","18059515675"
"141","龚娟","女","431520199009211130","1990-09-21","本科","调解员","龙华区婚姻家庭纠纷人民调解委员会驻清华社区妇联工作室","15033761946"
"142","陈旭","男","350110199212075368","1992-12-07","硕士研究生","副主任","深圳新区物业管理有限公司高新区分公司人民调解委员会","13240002745"
"143","韩文","男","410108199608104010","1996-08-10","博士研究生","副主任","红星社区人民调解委员会","18884859554"
"144","钟桂香","女","530428198105107637","1981-05-10","博士研究生","调解员","龙华区婚姻家庭纠纷人民调解委员会驻观澜街道司法所工作室","15637329397"
"145","范颖","女","331027197305266438","1973-05-26","本科","调解员","紫荆社区人民调解委员会五洲星苑小区调解小组","14519295361"
"146","许海燕","女","440728198309294670","1983-09-29","硕士研究生","主任","中海怡翠社区居民委员会人民调解委员会","18227473348"
"147","张鑫","男","310923199311088448","1993-11-08","硕士研究生","调解员","葵新社区人民调解委员会","15090478213"
"148","张利","女","330405199112316707","1991-12-31","专科","副主任","新安街道人民调解调委会驻上川派出所调解工作室","18972566122"
"149","蔡成","男","351606198911147321","1989-11-14","专科","调解员","海月社区居委会人民调解委员会","18990902345"
"150","郭淑兰","男","440507198703042073","1987-03-04","硕士研究生","主任","上芬社区工作站人民调解委员会","14764304868"
"151","萧慧","女","221628198905224483","1989-05-22","本科","副主任","福保社区人民调解委员会宝田苑调解小组","15072476305"
"152","王洁","男","111307197505135003","1975-05-13","硕士研究生","副主任","土洋社区人民调解委员会","15113767738"
"153","覃岩","男","140127197901063372","1979-01-06","专科","主任","福山社区人民调解委员会福华村小区调解小组","18120062899"
"154","王婷","女","520718199412096468","1994-12-09","硕士研究生","调解员","石井社区人民调解委员会石井围居民小组人民调解小组","18524553428"
"155","杨建国","男","501123197403205423","1974-03-20","专科","调解员","大梅沙社区人民调解委员会","14757017934"
"156","王华","男","360912198703073078","1987-03-07","专科","调解员","塘朗社区人民调解委员会","13775070395"
"157","郭志强","女","221017197708244830","1977-08-24","博士研究生","调解员","福强社区人民调解委员会桑达物业管理处调解小组","13442556650"
"158","杨金凤","男","351213198409053429","1984-09-05","博士研究生","副主任","圩镇社区人民调解委员会桐林公寓调解小组","13603458015"
"159","张军","男","410421197804184537","1978-04-18","本科","副主任","鹏盛社区人民调解委员会盛世鹏程小区调解小组","18207511156"
"160","王磊","男","631802197009305955","1970-09-30","专科","主任","福强社区人民调解委员会深圳市富益宁物业管理有限公司调解小组","13090566045"
"161","陈杨","女","810515197612125778","1976-12-12","硕士研究生","主任","六联社区居民委员会人民调解委员会","15176592481"
"162","邓成","女","421724197004269439","1970-04-26","本科","副主任","中新社区人民调解委员会","13218936069"
"163","张玉梅","女","461711198604127372","1986-04-12","本科","调解员","西丽街道人民调解委员会","15162107319"
"164","胡琳","男","361226197803015928","1978-03-01","本科","副主任","海桐社区人民调解委员会海桐居调解小组","13051284876"
"165","李勇","女","370823197707303425","1977-07-30","本科","主任","石岩街道人民调解调委会塘头社区工作站小组","18580395076"
"166","陈建国","男","311502197809278814","1978-09-27","专科","主任","南山社区人民调解委员会","15795129156"
"167","纪春梅","男","501101197509206023","1975-09-20","硕士研究生","调解员","东湖街道大望社区居委会人民调解委员会","18587336095"
"168","廖秀梅","男","811812198512065721","1985-12-06","专科","调解员","香岭社区人民调解委员会东方园博苑调解小组","13813392652"
"169","余丽丽","女","211027199009076129","1990-09-07","本科","调解员","燕罗街道人民调解委员会驻燕罗劳动站工作室","15950855061"
"170","王琴","女","630409197906249822","1979-06-24","博士研究生","调解员","鹏湾社区居委会人民调解委员会","18055737344"
"171","张成","女","510809199401077630","1994-01-07","本科","副主任","明月社区人民调解委员会缔馨园调解小组","13249096157"
"172","鞠龙","女","611410197610065337","1976-10-06","硕士研究生","副主任","龙华区婚姻家庭纠纷人民调解委员会驻清湖社区妇联工作室","15161965840"
"173","李琳","女","500914197812019391","1978-12-01","专科","副主任","新牛社区工作站人民调解委员会","15783196092"
"174","徐红","女","610110197711299358","1977-11-29","本科","调解员","瓦窑排社区居委会人民调解委员会","13072095281"
"175","宋玉华","女","340302198408313139","1984-08-31","博士研究生","调解员","东晓街道名地社区居委会人民调解委员会","13240544906"
"176","唐利","男","331607197106047977","1971-06-04","博士研究生","主任","莲花街道人民调解委员会","13845312815"
"177","崔秀华","男","630328196908306503","1969-08-30","硕士研究生","主任","罗租社区人民调解委员会","13531760425"
"178","赵雷","男","430822197207282667","1972-07-28","硕士研究生","主任","华富街道物业纠纷人民调解委员会","14578934549"
"179","卢彬","女","420612199109234691","1991-09-23","专科","主任","雪虹花园管理处调解小组","18582611326"
"180","王玉华","女","520318197212181740","1972-12-18","本科","主任","科技园社区人民调解委员会","13231551251"
"181","苏磊","男","341327199305073781","1993-05-07","本科","副主任","石厦社区人民调解委员会","15966640202"
"182","梁秀芳","男","611405198411159290","1984-11-15","博士研究生","调解员","平湖街道人民调解委员会驻辅城派出所工作室","13147107577"
"183","殷成","女","460103199405134426","1994-05-13","硕士研究生","调解员","倚山社区居委会人民调解委员会","13965937709"
"184","孙红霞","男","540224199312198620","1993-12-19","本科","主任","新和社区人民调解委会","18886508852"
"185","张玲","女","310528198104147951","1981-04-14","本科","副主任","红荔社区人民调解委员会","15937290520"
"186","贺明","男","540307199602203627","1996-02-20","硕士研究生","副主任","雪华玲家用电器（深圳）有限公司工作室","18802069593"
"187","刘桂芳","男","120524197703302717","1977-03-30","专科","副主任","华富村管理处调解小组","15136189324"
"188","张成","女","361220198003155569","1980-03-15","博士研究生","主任","黄贝街道水库社区居委会人民调解委员会","15669455468"
"189","单凯","男","311002197911246986","1979-11-24","本科","主任","东湖街道乐群社区居委会人民调解委员会","13956150027"
"190","宋伟","男","220502197207145379","1972-07-14","专科","副主任","园山街道人民调解委员会驻驻信访办工作室","15908778108"
"191","谢秀兰","女","211510198606018033","1986-06-01","硕士研究生","主任","大鹏新区婚姻家庭纠纷人民调解委员会驻婚姻登记处人民调解工作室","18770266010"
"192","李玲","女","441405197811265777","1978-11-26","专科","主任","盐田街道人民调解委员会驻盐田港派出所工作室","13163351350"
"193","梁兵","男","531624198405244835","1984-05-24","本科","调解员","东海社区人民调解委员会天御香山花园调解小组","15997522784"
"194","房军","女","440414198910162047","1989-10-16","硕士研究生","主任","紫荆社区人民调解委员会东景花园小区调解小组","13972928190"
"195","王晨","男","421507199212213850","1992-12-21","硕士研究生","调解员","福围社区居民委员会人民调解委员会","15134174212"
"196","周林","男","230907197408045398","1974-08-04","专科","调解员","黄贝街道碧波社区居委会人民调解委员会","15996654458"
"197","杨想","男","530701199301174078","1993-01-17","博士研究生","副主任","沙头角社区居委会人民调解委员会群利工人宿舍小区调解小组","15606390281"
"198","张霞","女","500925197108294754","1971-08-29","硕士研究生","主任","梅林街道翰岭社区人民调解委员会","18279045362"
"199","何琳","女","621415198205262521","1982-05-26","专科","副主任","华林社区人民调解委员会","13976835214"
"200","尤秀兰","男","411317198505203446","1985-05-20","博士研究生","主任","梅沙街道人民调解调委员会驻三洲田派出所工作室","15718574828"
