"1","110113198805270853","卜问","无","男","1988/5/27","汉族","北京北京市","北京北京市通州区北苑街道
","2015/11/17","半合成毒品","三级管控","潘话给","15345573473","解决就业","魏治律","17762259472","无","无","逆反心理","自残","自残","毒品滥用","大麻","1997/9/21","是"
"2","110113198005232273","倪底制","无","男","1980/5/23","汉族","天津天津市","天津天津市滨海新区杨家泊镇
","2018/12/31","天然毒品","三级管控","谈来蜖","14762193928","解决贫困","顾平放","18220706667","有","民主权利罪","刺激心理","自残","生理脱毒","精神障碍","摇头丸","1998/12/31","否"
"3","110113198109141050","云可基","无","男","1981/9/14","汉族","天津天津市","天津天津市河西区马场街道
","2012/3/3","半合成毒品","二级管控","纪宫五","14547476158","解决贫困","萧望路","17627262271","无","无","好奇心理","诱发犯罪","心理脱毒","偶尔吸食","冰毒","2015/4/3","是"
"4","120104199401042156","葛小容","无","男","1994/1/4","汉族","河北石家庄市","河北石家庄市深泽县深泽镇
","2000/9/6","天然毒品","一级管控","费生句","17589619562","提供精神治疗","冯杀之","13975666319","有","破坏社会主义市场经济秩序罪","刺激心理","扰乱社会风气","心理脱毒","偶尔吸食","大麻","2004/7/31","否"
"5","12010519880112198X","祁求受","无","男","1988/1/12","汉族","北京北京市","北京北京市门头沟区大台街道
","2008/1/24","天然毒品","二级管控","禹空旧","14581148806","提供生活物资","邵队欧","13394702875","无","无","刺激心理","诱发犯罪","心理脱毒","偶尔吸食","吗啡","2000/12/18","否"
"6","130127195606032718","韩春然","无","女","1956/6/3","汉族","天津天津市","天津天津市河东区向阳楼街道
","2013/11/7","天然毒品","二级管控","廉沙计","14793973125","解决贫困","酆命然","18599302000","无","无","刺激心理","扰乱社会风气","心理脱毒","成瘾依赖","大麻","1998/7/13","是"
"7","130181198511092437","朱曲","无","男","1985/11/9","汉族","天津天津市","天津天津市津南区咸水沽镇
","1999/12/8","半合成毒品","三级管控","于恩范","15196830538","提供生活物资","时街决","13659954269","无","无","刺激心理","危害家庭","心理社会能力重建","成瘾依赖","K粉","1999/2/1","是"
"8","130229196511092470","伍学","无","男","1965/11/9","苗族","北京北京市","北京北京市通州区宋庄镇
","2006/11/29","半合成毒品","三级管控","滕快资","15215966260","解决子女学费","余牙江","17359140732","无","无","即乐心理","自残","心理社会能力重建","精神障碍","吗啡","2010/8/6","是"
"9","130502199003142603","伏禁说","无","女","1990/3/14","满族","北京北京市","北京北京市大兴区林校路街道
","1997/4/19","天然毒品","一级管控","茅算供","14535881553","解决就业","郑片算","15937056716","无","无","逆反心理","诱发犯罪","生理脱毒","毒品滥用","三唑仑","2008/4/4","否"
"10","130724198306101265","韦或兰","无","男","1983/6/10","满族","天津天津市","天津天津市津南区咸水沽镇
","2006/9/20","半合成毒品","三级管控","韦向结","13536713195","解决子女学费","王察庭","13171203850","无","无","即乐心理","自残","心理脱毒","精神障碍","冰毒","2003/6/15","否"
"11","130801195111021691","曹汉派","无","男","1951/11/2","壮族","河北石家庄市","河北石家庄市深泽县桥头乡
","1997/2/3","半合成毒品","一级管控","章醒树","15720690792","提供生活物资","韩凡光","15154892069","有","民主权利罪","好奇心理","扰乱社会风气","自残","精神障碍","大麻","2002/11/16","是"
"12","130822199511112197","康渐朝","康堂正","男","1995/11/11","汉族","河北石家庄市","河北石家庄市裕华区裕华路街道
","1999/12/24","合成毒品","二级管控","彭而未","13380732216","提供精神治疗","赵案轻","18629485018","无","无","好奇心理","自残","自残","偶尔吸食","冰毒","2003/5/24","否"
"13","131025196002171116","秦洛八","无","女","1960/2/17","维吾尔族","北京北京市","北京北京市昌平区南邵镇
","2018/1/2","天然毒品","二级管控","堪似空","15778652259","提供精神治疗","舒怎此","18226023491","有","危害公共安全罪","即乐心理","危害家庭","生理脱毒","精神障碍","可卡因","2011/10/4","是"
"14","131026199811051296","彭幸精","无","男","1998/11/5","汉族","北京北京市","北京北京市门头沟区潭柘寺镇
","2015/8/4","天然毒品","二级管控","邬物翻","13269325628","解决贫困","张杂拉","13748995990","无","无","侥幸心理","危害家庭","生理脱毒","偶尔吸食","冰毒","2007/3/16","是"
"15","131126197201151545","喻门怀","无","男","1972/1/15","汉族","天津天津市","天津天津市东丽区综合保税区
","2003/1/19","合成毒品","二级管控","费到子","17014979520","解决就业","和程批","13874711573","有","危害公共安全罪","好奇心理","扰乱社会风气","心理脱毒","偶尔吸食","大麻","2005/5/27","否"
"16","131182197606191529","马亲深","无","女","1976/6/19","维吾尔族","河北石家庄市","河北石家庄市长安区高营镇
","2015/8/8","半合成毒品","二级管控","廉指雄","15088578631","解决子女学费","贝兵紶","15676889013","无","无","好奇心理","危害家庭","心理脱毒","成瘾依赖","摇头丸","1999/6/3","是"
"17","14050219610125157X","吴智","无","女","1961/1/25","汉族","河北石家庄市","河北石家庄市井陉县苍岩山镇
","2015/8/2","半合成毒品","一级管控","伏百闻","15729374966","解决子女学费","纪戏让","17148550442","无","无","即乐心理","扰乱社会风气","生理脱毒","成瘾依赖","古柯","2009/9/25","是"
"18","142225197509211825","平妻千","无","男","1975/9/21","汉族","河北石家庄市","河北石家庄市鹿泉市铜冶镇
","1997/6/24","天然毒品","二级管控","袁贝识","15785822930","解决就业","于克做","17655921034","无","无","即乐心理","诱发犯罪","自残","精神障碍","大麻","1997/4/16","是"
"19","142322197712272071","谈祖区","无","男","1977/12/27","壮族","北京北京市","北京北京市密云县溪翁庄镇
","1995/7/25","天然毒品","三级管控","俞友遇","13269082511","解决就业","庞际","15841997285","无","无","即乐心理","自残","生理脱毒","毒品滥用","摇头丸","2017/2/28","是"
"20","142422198111122297","戚角","无","男","1981/11/12","汉族","天津天津市","天津天津市河西区大营门街道
","1995/1/20","半合成毒品","四级管控","卫支也","18245476783","解决贫困","邹蜖犯","13271800534","无","无","侥幸心理","扰乱社会风气","自残","成瘾依赖","摇头丸","1999/1/29","是"
"21","142424195201051831","伍府婚","伍奖所","男","1952/1/5","汉族","北京北京市","北京北京市密云县北京密云经济开发区
","2010/4/8","合成毒品","四级管控","汪欧采","15296492928","解决子女学费","倪官然","14997195624","无","无","侥幸心理","危害家庭","心理社会能力重建","成瘾依赖","大麻","2006/1/19","是"
"22","142431195103262655","元商条","无","女","1951/3/26","汉族","天津天津市","天津天津市宁河县宁河县经济开发区
","2017/1/1","半合成毒品","一级管控","严主又","14787958583","解决子女学费","戚伊告","15163225277","无","无","好奇心理","危害家庭","心理脱毒","精神障碍","冰毒","2007/4/20","是"
"23","142622195808221313","汪应座","无","男","1958/8/22","汉族","河北石家庄市","河北石家庄市灵寿县岔头镇
","2007/3/1","合成毒品","二级管控","何迷之","17733416938","提供生活物资","时排遍","17645444039","无","无","侥幸心理","危害家庭","心理脱毒","毒品滥用","冰毒","2001/6/21","否"
"24","142623199105142808","伍必您","无","女","1991/5/14","汉族","天津天津市","天津天津市宁河县北淮淀乡
","2013/3/18","合成毒品","三级管控","余包来","17030427600","解决子女学费","邵会鞋","18739158666","无","无","侥幸心理","诱发犯罪","心理脱毒","偶尔吸食","摇头丸","2018/7/5","是"
"25","142630196104102839","魏起孩","无","女","1961/4/10","壮族","天津天津市","天津天津市西青区王稳庄镇
","2014/5/10","半合成毒品","三级管控","葛阳随","15029322662","解决就业","何济坐","18959159608","无","无","逆反心理","自残","心理脱毒","精神障碍","吗啡","2000/10/30","是"
"26","150221197708152885","吴器乱","无","男","1977/8/15","汉族","天津天津市","天津天津市河北区鸿顺里街道
","1995/2/17","合成毒品","一级管控","卞买收","13525305378","提供精神治疗","任顺牌","17199457027","有","贪污贿赂罪","侥幸心理","诱发犯罪","生理脱毒","成瘾依赖","可卡因","2004/12/16","是"
"27","150423195508121738","费姆上","无","男","1955/8/12","汉族","河北石家庄市","河北石家庄市平山县营里乡
","2007/6/2","半合成毒品","三级管控","罗往林","15155508985","提供生活物资","狄数受","15345699213","无","无","侥幸心理","诱发犯罪","心理社会能力重建","毒品滥用","杜冷丁","2018/10/5","否"
"28","152104195409171293","柳与完","无","女","1954/9/17","蒙古族","北京北京市","北京北京市东城区永定门外街道
","2002/8/6","天然毒品","三级管控","吴八数","18324530333","解决子女学费","金买显","18551112325","有","妨害社会管理秩序罪","即乐心理","诱发犯罪","心理社会能力重建","精神障碍","大麻","2017/2/11","是"
"29","152629199401232170","康脚划","无","女","1994/1/23","汉族","北京北京市","北京北京市昌平区回龙观
","1996/9/10","天然毒品","三级管控","任医","15767945759","解决子女学费","庞判过","17174339075","有","渎职罪","逆反心理","危害家庭","自残","毒品滥用","大麻","1999/12/21","是"
"30","152822199004011645","计出陈","无","女","1990/4/1","汉族","河北石家庄市","河北石家庄市无极县七汲镇
","1997/9/30","合成毒品","三级管控","昌密父","14747042641","解决贫困","卫击干","15099683203","有","妨害社会管理秩序罪","好奇心理","自残","生理脱毒","精神障碍","冰毒","2014/5/17","否"
"31","152923199408302775","冯顶汽","无","女","1994/8/30","汉族","北京北京市","北京北京市朝阳区常营
","2001/8/29","合成毒品","四级管控","杨说凡","13299566388","提供精神治疗","谢消宫","18820263839","无","无","逆反心理","危害家庭","自残","成瘾依赖","冰毒","2001/10/4","是"
"32","210102198809201709","葛而亲","无","男","1988/9/20","满族","北京北京市","北京北京市东城区交道口街道
","1997/9/6","合成毒品","二级管控","葛忙质","17267341199","解决子女学费","顾请巴","13778266483","无","无","侥幸心理","扰乱社会风气","生理脱毒","偶尔吸食","摇头丸","2011/1/20","否"
"33","210112196607081395","和律","和停","女","1966/7/8","汉族","天津天津市","天津天津市河东区大王庄街道
","2012/12/6","天然毒品","二级管控","史名若","13629957663","解决子女学费","安那师","18692053038","有","军人违反职责罪","侥幸心理","诱发犯罪","心理脱毒","精神障碍","摇头丸","1997/3/19","是"
"34","210124199806051825","臧革为","无","女","1998/6/5","汉族","天津天津市","天津天津市蓟县西龙虎峪镇
","2003/1/30","天然毒品","一级管控","贝虽历","15138677230","提供精神治疗","郎良继","13134817123","无","无","刺激心理","危害家庭","心理脱毒","偶尔吸食","冰毒","2018/7/9","是"
"35","210504197404121292","花速买","无","男","1974/4/12","藏族","北京北京市","北京北京市西城区新街口街道
","1996/1/6","天然毒品","一级管控","康儿消","14520023531","解决子女学费","舒妹玛","17248194769","有","危害国家安全罪","逆反心理","诱发犯罪","生理脱毒","成瘾依赖","杜冷丁","1999/10/4","否"
"36","21080419691002207X","秦周成","秦调创","男","1969/10/2","汉族","天津天津市","天津天津市河北区铁东路街道
","2016/7/1","半合成毒品","二级管控","罗夜学","15213644994","提供生活物资","张表的","14745856382","无","无","刺激心理","危害家庭","心理脱毒","毒品滥用","吗啡","2012/11/27","是"
"37","210903196402162307","安养月","无","女","1964/2/16","回族","河北石家庄市","河北石家庄市裕华区槐底街道
","2017/8/14","半合成毒品","四级管控","伍病具","18833398059","解决贫困","谢时居","18813721664","无","无","即乐心理","自残","生理脱毒","偶尔吸食","冰毒","2006/4/5","是"
"38","211081195011101925","褚办精","无","女","1950/11/10","汉族","天津天津市","天津天津市津南区双林农场
","2010/7/18","半合成毒品","一级管控","岑习半","15787317249","解决子女学费","傅术量","15675294824","无","无","好奇心理","危害家庭","生理脱毒","精神障碍","冰毒","1999/11/27","是"
"39","211102195111202782","苗蜖论","无","女","1951/11/20","汉族","天津天津市","天津天津市蓟县礼明庄镇
","2013/8/10","合成毒品","二级管控","郝模长","15548903397","提供生活物资","费试论","13572270141","有","危害国防利益罪","刺激心理","诱发犯罪","生理脱毒","毒品滥用","冰毒","2015/5/13","是"
"40","211281198602032313","谈刻品","谈类它","男","1986/2/3","汉族","河北石家庄市","河北石家庄市新乐市南大岳镇
","2009/8/23","合成毒品","二级管控","安帮河","17818073806","提供精神治疗","李气啊","18666923013","有","危害国家安全罪","即乐心理","危害家庭","心理社会能力重建","毒品滥用","冰毒","2001/5/29","是"
"41","211302195809232802","谢没史","无","男","1958/9/23","汉族","河北石家庄市","河北石家庄市栾城县南高乡
","1996/4/5","天然毒品","三级管控","穆临制","18214630826","解决就业","章犯野","15159314711","有","渎职罪","侥幸心理","诱发犯罪","自残","偶尔吸食","古柯","2016/11/6","是"
"42","220322196112011218","董需百","无","男","1961/12/1","汉族","河北石家庄市","河北石家庄市井陉县于家乡
","2010/2/6","合成毒品","三级管控","金草过","14763289168","解决就业","唐牙","15127980119","有","危害公共安全罪","刺激心理","自残","生理脱毒","偶尔吸食","摇头丸","2015/10/15","是"
"43","220502195910111505","孟岛","无","女","1959/10/11","彝族","河北石家庄市","河北石家庄市深泽县白庄乡
","2004/4/6","天然毒品","二级管控","张洋义","15956316902","提供生活物资","祝善帮","13384080175","无","无","即乐心理","扰乱社会风气","心理社会能力重建","偶尔吸食","大麻","2012/8/14","是"
"44","22050319950909204X","于船","无","男","1995/9/9","苗族","河北石家庄市","河北石家庄市元氏县北褚乡
","2000/8/3","半合成毒品","四级管控","臧静坦","17353279065","提供生活物资","邬居洗","15177451004","无","无","即乐心理","自残","自残","毒品滥用","摇头丸","1999/2/4","是"
"45","220625195208171217","孔责姑","无","女","1952/8/17","汉族","河北石家庄市","河北石家庄市长安区青园街道
","2013/10/28","合成毒品","三级管控","伏姆本","13628544209","解决贫困","尹带留","13066809853","无","无","侥幸心理","自残","心理社会能力重建","成瘾依赖","大麻","2013/12/14","是"
"46","222403199207162897","薛端进","无","男","1992/7/16","汉族","河北石家庄市","河北石家庄市长安区青园街道
","1999/9/23","半合成毒品","三级管控","孟间","14511048340","解决子女学费","祁泪调","18619548827","无","无","好奇心理","扰乱社会风气","心理社会能力重建","偶尔吸食","冰毒","2010/1/13","是"
"47","23010319530121250X","方通顾","无","女","1953/1/21","汉族","天津天津市","天津天津市静海县梁头镇
","2001/11/6","半合成毒品","四级管控","姚易游","18016119093","提供生活物资","鲁油先","14989933303","有","危害国家安全罪","侥幸心理","诱发犯罪","心理脱毒","精神障碍","摇头丸","2000/12/23","否"
"48","230126196904182425","范惊字","无","男","1969/4/18","汉族","天津天津市","天津天津市东丽区开发区西区
","2004/12/18","半合成毒品","一级管控","贺假勒","17228681224","提供精神治疗","孔勒闻","18842760659","无","无","刺激心理","诱发犯罪","自残","精神障碍","大麻","2018/4/27","是"
"49","230184195104282355","薛州掉","无","男","1951/4/28","藏族","天津天津市","天津天津市西青区大寺镇
","2008/3/2","半合成毒品","三级管控","纪用号","17851421875","提供精神治疗","酆席社","13099079003","无","无","好奇心理","扰乱社会风气","自残","精神障碍","大麻","2011/6/20","是"
"50","230207197508171370","云练烟","无","男","1975/8/17","汉族","天津天津市","天津天津市津南区小站镇
","1999/7/22","天然毒品","二级管控","孙客杀","17355353997","提供精神治疗","郝市利","14982484707","无","无","好奇心理","危害家庭","心理脱毒","毒品滥用","冰毒","1997/8/27","是"
"51","230382196507181076","任酒房","无","男","1965/7/18","汉族","天津天津市","天津天津市宁河县丰台镇
","2008/3/8","合成毒品","二级管控","曹未影","17790527904","解决就业","岑似之","17044969951","无","无","逆反心理","自残","心理脱毒","精神障碍","三唑仑","1999/5/16","是"
"52","230404199307102900","和迷","无","男","1993/7/10","汉族","北京北京市","北京北京市房山区城关街道
","2003/7/30","合成毒品","二级管控","倪华阿","13266359947","提供生活物资","李西祖","13372753530","无","无","好奇心理","自残","心理脱毒","精神障碍","摇头丸","2018/1/30","是"
"53","230421195008122897","时方分","无","男","1950/8/12","汉族","天津天津市","天津天津市静海县台头镇
","2015/11/7","半合成毒品","三级管控","范博","17334528169","提供生活物资","计馆查","13053942569","无","无","刺激心理","诱发犯罪","心理脱毒","毒品滥用","冰毒","2001/9/16","是"
"54","230710196407052867","钱居司","无","男","1964/7/5","汉族","北京北京市","北京北京市怀柔区喇叭沟门满族乡
","2016/9/20","合成毒品","一级管控","萧失上","18225669643","解决就业","秦助年","14570190048","无","无","侥幸心理","危害家庭","心理社会能力重建","偶尔吸食","冰毒","2009/4/30","是"
"55","232330197701271606","曹妙土","无","男","1977/1/27","汉族","河北石家庄市","河北石家庄市元氏县前仙乡
","2001/7/28","天然毒品","四级管控","水义肉","14954956656","解决就业","郑幸认","15363818124","无","无","好奇心理","诱发犯罪","生理脱毒","偶尔吸食","大麻","2016/3/7","是"
"56","232721196709201136","雷种头","无","男","1967/9/20","汉族","河北石家庄市","河北石家庄市正定县南楼乡
","2017/1/16","天然毒品","二级管控","杨万判","14594865829","提供生活物资","祁无说","17333419311","有","危害国家安全罪","逆反心理","扰乱社会风气","自残","偶尔吸食","冰毒","2017/10/6","是"
"57","310102197708252610","戴鸟衣","无","女","1977/8/25","汉族","北京北京市","北京北京市昌平区十三陵镇
","2006/6/13","合成毒品","二级管控","康开经","13943512149","提供生活物资","蒋尼机","14983451261","无","无","侥幸心理","诱发犯罪","自残","成瘾依赖","大麻","1995/8/29","是"
"58","310115199205151827","邬装速","无","男","1992/5/15","回族","河北石家庄市","河北石家庄市鹿泉市寺家庄镇
","1999/7/22","天然毒品","二级管控","俞组挥","15312135704","提供生活物资","伍边营","18275439591","无","无","即乐心理","诱发犯罪","自残","毒品滥用","大麻","2008/5/21","是"
"59","320106198409141075","葛友务","无","男","1984/9/14","壮族","北京北京市","北京北京市顺义区高丽营镇
","2017/8/24","半合成毒品","四级管控","鲁满提","13142924152","提供精神治疗","水观棋","17122767477","有","危害国家安全罪","侥幸心理","扰乱社会风气","自残","毒品滥用","大麻","2002/8/25","是"
"60","32012219520704124X","李右呢","无","男","1952/7/4","汉族","天津天津市","天津天津市西青区张家窝镇
","2007/4/18","合成毒品","四级管控","汪编她","15669601731","解决子女学费","毕久底","17080882070","无","无","逆反心理","扰乱社会风气","自残","成瘾依赖","摇头丸","2004/2/20","是"
"61","320203199809232655","乐像健","无","男","1998/9/23","汉族","河北石家庄市","河北石家庄市栾城县郄马镇
","2007/10/16","半合成毒品","四级管控","俞议取","17322129940","解决就业","倪关天","17398805947","无","无","侥幸心理","诱发犯罪","生理脱毒","偶尔吸食","杜冷丁","2000/5/4","否"
"62","32040219590927273X","宋密次","无","女","1959/9/27","汉族","河北石家庄市","河北石家庄市赵县北王里镇
","2011/8/24","天然毒品","一级管控","鲍花点","14594675174","提供精神治疗","章费确","13979074980","有","民主权利罪","好奇心理","扰乱社会风气","心理社会能力重建","成瘾依赖","杜冷丁","2007/3/26","是"
"63","321281198210141655","伍朝迷","无","女","1982/10/14","汉族","天津天津市","天津天津市北辰区集贤里街道
","2012/8/22","合成毒品","一级管控","皮前城","13545985389","解决子女学费","汤星伙","17594018724","有","侵犯财产罪","逆反心理","诱发犯罪","心理脱毒","毒品滥用","三唑仑","2013/11/4","是"
"64","321323198005031926","苗深打","无","女","1980/5/3","汉族","天津天津市","天津天津市静海县子牙镇
","2009/11/9","半合成毒品","三级管控","华探保","15355488301","解决子女学费","费双救","17263103458","无","无","逆反心理","诱发犯罪","心理脱毒","精神障碍","摇头丸","2002/6/9","是"
"65","330201198805102603","任和消","无","男","1988/5/10","彝族","河北石家庄市","河北石家庄市桥东区建安街道
","1997/10/12","合成毒品","二级管控","吕模板","15940755426","提供精神治疗","庞成艺","17170276253","无","无","好奇心理","诱发犯罪","心理脱毒","精神障碍","冰毒","2018/3/17","是"
"66","330203199411032726","秦钱戴","无","男","1994/11/3","汉族","天津天津市","天津天津市蓟县出头岭镇
","2018/4/3","半合成毒品","四级管控","贺物名","17023625628","解决贫困","许活琴","13252850103","有","危害公共安全罪","好奇心理","诱发犯罪","心理脱毒","精神障碍","大麻","1997/6/16","是"
"67","330326195102212063","柏早珍","无","女","1951/2/21","回族","河北石家庄市","河北石家庄市辛集市旧城镇
","2003/1/26","天然毒品","四级管控","戚营克","17012545203","解决就业","窦报采","15691636368","无","无","刺激心理","扰乱社会风气","生理脱毒","成瘾依赖","大麻","2015/3/5","是"
"68","330483198210202379","何官此","无","女","1982/10/20","汉族","北京北京市","北京北京市西城区德胜街道
","1998/11/12","合成毒品","四级管控","凤进各","17187352427","解决子女学费","苗色鞋","18930491720","无","无","即乐心理","自残","心理社会能力重建","偶尔吸食","大麻","2003/9/5","是"
"69","330601199310012741","平府","无","男","1993/10/1","汉族","北京北京市","北京北京市石景山区广宁街道
","1997/10/4","合成毒品","一级管控","岑规立","17297799256","解决子女学费","彭弹病","17688770340","无","无","即乐心理","扰乱社会风气","心理社会能力重建","成瘾依赖","大麻","2005/8/4","是"
"70","332502197709241611","顾充草","无","女","1977/9/24","汉族","河北石家庄市","河北石家庄市井陉矿区贾庄镇
","2018/4/19","天然毒品","四级管控","酆突望","13496452363","解决就业","禹治塞","18816666736","无","无","好奇心理","自残","心理社会能力重建","毒品滥用","摇头丸","2003/12/15","是"
"71","340203198612091092","谢街背","无","女","1986/12/9","汉族","河北石家庄市","河北石家庄市栾城县柳林屯乡
","2001/1/1","天然毒品","四级管控","卫风饭","15992752203","解决子女学费","苏室","13649207771","无","无","即乐心理","危害家庭","心理社会能力重建","成瘾依赖","大麻","1995/5/31","是"
"72","340421199201232039","张创类","无","男","1992/1/23","汉族","河北石家庄市","河北石家庄市栾城县窦妪镇
","1999/6/4","半合成毒品","四级管控","孟五好","15972521863","解决就业","伏息权","14979229522","有","军人违反职责罪","好奇心理","扰乱社会风气","心理社会能力重建","毒品滥用","摇头丸","2012/11/20","是"
"73","350101198105061095","姚看次","无","男","1981/5/6","壮族","天津天津市","天津天津市南开区广开街道
","1996/7/20","半合成毒品","一级管控","窦双伤","18650089422","提供生活物资","臧修征","13479842791","无","无","逆反心理","扰乱社会风气","心理脱毒","精神障碍","大麻","2014/1/13","是"
"74","350111196309022542","毕属","无","男","1963/9/2","汉族","天津天津市","天津天津市河西区越秀路街道
","1999/7/22","天然毒品","二级管控","成钟和","13768442681","提供生活物资","安灵哭","14593039076","有","妨害社会管理秩序罪","刺激心理","危害家庭","心理脱毒","偶尔吸食","摇头丸","2007/4/26","是"
"75","350128198303212640","堪好喜","无","女","1983/3/21","汉族","河北石家庄市","河北石家庄市无极县东侯坊乡
","1998/6/13","半合成毒品","二级管控","喻数两","18094630618","解决子女学费","谢产选","14525163753","无","无","即乐心理","扰乱社会风气","自残","毒品滥用","海洛因","2008/11/4","是"
"76","350303195709261557","滕展常","无","男","1957/9/26","汉族","北京北京市","北京北京市顺义区赵全营镇
","1997/7/21","天然毒品","三级管控","傅活样","18899585181","解决贫困","任更","18056823674","无","无","即乐心理","诱发犯罪","生理脱毒","毒品滥用","可卡因","1997/9/15","是"
"77","350427196004282711","余破需","无","男","1960/4/28","汉族","天津天津市","天津天津市滨海新区新城镇
","1997/7/17","合成毒品","二级管控","毕责旅","18224680288","解决子女学费","华国","17221124260","无","无","好奇心理","危害家庭","心理脱毒","成瘾依赖","冰毒","2001/11/29","是"
"78","350525198503051311","常空都","无","男","1985/3/5","汉族","天津天津市","天津天津市宝坻区马家店镇
","2002/10/27","半合成毒品","二级管控","邵接无","18872344764","解决就业","屈养水","15691906721","无","无","侥幸心理","扰乱社会风气","生理脱毒","毒品滥用","K粉","1996/2/14","是"
"79","350583195011251115","苏还合","无","男","1950/11/25","壮族","北京北京市","北京北京市平谷区兴谷街道
","1996/9/6","天然毒品","三级管控","孟词入","18492397028","提供生活物资","谢盛今","13454452542","无","无","刺激心理","扰乱社会风气","心理脱毒","毒品滥用","摇头丸","2018/11/20","是"
"80","352203196803211581","董婚继","无","男","1968/3/21","维吾尔族","河北石家庄市","河北石家庄市栾城县南高乡
","1996/2/9","天然毒品","二级管控","周顿","13243987040","解决就业","何恩成","18229215739","无","无","好奇心理","诱发犯罪","自残","成瘾依赖","大麻","2001/2/7","否"
"81","352227197407061767","元利伙","无","男","1974/7/6","汉族","天津天津市","天津天津市宝坻区尔王庄镇
","2009/10/30","合成毒品","一级管控","范明宫","17066758331","解决就业","俞介","17368225030","有","军人违反职责罪","侥幸心理","扰乱社会风气","生理脱毒","精神障碍","冰毒","2005/12/13","是"
"82","352227197707231107","和智脱","无","男","1977/7/23","壮族","河北石家庄市","河北石家庄市赵县高村乡
","1997/11/12","半合成毒品","四级管控","尹未局","18542935297","提供精神治疗","酆排良","17335823740","无","无","侥幸心理","危害家庭","心理脱毒","毒品滥用","摇头丸","2005/8/22","是"
"83","360101195501181038","华玩银","无","女","1955/1/18","回族","天津天津市","天津天津市北辰区集贤里街道
","2005/1/11","半合成毒品","三级管控","袁先恐","17774467065","解决子女学费","章那","17780053620","无","无","逆反心理","诱发犯罪","心理脱毒","成瘾依赖","杜冷丁","2017/6/10","否"
"84","360104198904242651","金王必","无","男","1989/4/24","汉族","北京北京市","北京北京市房山区拱辰街道
","2007/5/27","天然毒品","二级管控","周被蜖","17377042897","解决子女学费","魏带听","14979697362","无","无","好奇心理","自残","生理脱毒","成瘾依赖","摇头丸","1996/11/25","是"
"85","360403195401262455","昌旅哥","无","女","1954/1/26","汉族","河北石家庄市","河北石家庄市正定县新安镇
","2015/3/11","合成毒品","四级管控","邵钱年","13329508689","提供生活物资","周它亮","17612751283","无","无","逆反心理","危害家庭","心理社会能力重建","精神障碍","摇头丸","1996/8/25","是"
"86","360601196210171616","毛仍于","无","男","1962/10/17","汉族","天津天津市","天津天津市津南区双桥河镇
","2017/6/13","半合成毒品","二级管控","方明你","14930941062","解决贫困","成典克","13033810211","无","无","刺激心理","扰乱社会风气","心理社会能力重建","毒品滥用","K粉","2007/11/3","是"
"87","360602197107121777","明生流","无","男","1971/7/12","汉族","北京北京市","北京北京市延庆县千家店镇
","2000/7/1","半合成毒品","四级管控","罗希乡","18581938757","解决贫困","谈怀庭","18988740731","无","无","刺激心理","扰乱社会风气","自残","毒品滥用","摇头丸","2012/1/25","是"
"88","360701198004252955","韩怕喝","无","男","1980/4/25","汉族","河北石家庄市","河北石家庄市藁城市张家庄镇
","1996/12/13","合成毒品","四级管控","齐探吸","17321314786","解决就业","茅圣十","14748225761","无","无","好奇心理","诱发犯罪","自残","毒品滥用","大麻","2003/4/21","是"
"89","362401195204131403","苗格林","无","女","1952/4/13","汉族","天津天津市","天津天津市东丽区华明街道
","1999/11/29","合成毒品","一级管控","毛层树","18624405025","提供生活物资","狄未犯","18124671110","有","破坏社会主义市场经济秩序罪","刺激心理","自残","自残","成瘾依赖","吗啡","2017/3/11","否"
"90","362421196011272322","时苏一","无","女","1960/11/27","汉族","北京北京市","北京北京市大兴区安定镇
","2017/12/7","合成毒品","一级管控","水牛忍","18360341360","解决就业","滕越又","17361845595","有","危害国家安全罪","即乐心理","扰乱社会风气","自残","精神障碍","古柯","2002/9/30","是"
"91","362429195001031580","于严市","无","女","1950/1/3","汉族","河北石家庄市","河北石家庄市井陉县孙庄乡
","2009/11/5","半合成毒品","二级管控","秦熟首","18725051839","提供生活物资","郝束密","17038698619","无","无","逆反心理","自残","自残","精神障碍","大麻","2005/2/2","是"
"92","362526197001171555","杨京住","无","男","1970/1/17","壮族","河北石家庄市","河北石家庄市元氏县马村乡
","2018/8/4","天然毒品","三级管控","廉弹份","17566076143","解决贫困","皮层架","17899505128","无","无","即乐心理","诱发犯罪","心理社会能力重建","偶尔吸食","三唑仑","1996/5/23","是"
"93","362529197803181788","邹点追","无","女","1978/3/18","汉族","北京北京市","北京北京市房山区佛子庄乡
","2011/2/13","合成毒品","三级管控","金业若","14911973914","解决贫困","董浪油","14765522588","有","贪污贿赂罪","侥幸心理","自残","自残","成瘾依赖","大麻","2003/11/6","是"
"94","370284198201071138","姜带伤","无","男","1982/1/7","汉族","河北石家庄市","河北石家庄市桥东区东华街道
","2017/3/1","合成毒品","三级管控","韩圣光","14580850452","提供生活物资","纪骨切","17283484582","无","无","侥幸心理","扰乱社会风气","自残","精神障碍","K粉","2010/2/17","是"
"95","370503196207131612","凤宫伴","无","男","1962/7/13","土家族","北京北京市","北京北京市延庆县四海镇
","1998/3/20","半合成毒品","四级管控","平怕秘","18638110310","提供生活物资","梁从值","18111079328","无","无","逆反心理","自残","心理脱毒","精神障碍","大麻","2003/6/13","否"
"96","370602197902261325","安马钱","无","女","1979/2/26","回族","天津天津市","天津天津市河东区二号桥街道
","1998/6/1","合成毒品","三级管控","章形投","13537587986","解决子女学费","成票放","14788223419","无","无","即乐心理","自残","自残","毒品滥用","大麻","2012/5/3","是"
"97","370683195102152241","杨约我","无","女","1951/2/15","壮族","北京北京市","北京北京市海淀区八里庄街道
","1997/7/12","半合成毒品","二级管控","任局蒙","15230159178","解决就业","禹取通","14758487681","有","危害公共安全罪","即乐心理","自残","生理脱毒","毒品滥用","冰毒","2005/9/29","是"
"98","370725196308141608","冯继许","无","女","1963/8/14","汉族","北京北京市","北京北京市门头沟区龙泉
","2016/7/11","天然毒品","二级管控","喻烈","17710597610","解决子女学费","宋红劳","14983071288","无","无","逆反心理","危害家庭","心理脱毒","偶尔吸食","冰毒","2011/8/21","是"
"99","370786196306162352","祝易章","无","男","1963/6/16","汉族","河北石家庄市","河北石家庄市辛集市南智邱镇
","2009/4/11","合成毒品","四级管控","姜说短","14748589158","提供精神治疗","时来突","14965060094","无","无","逆反心理","扰乱社会风气","生理脱毒","成瘾依赖","摇头丸","2017/6/28","否"
"100","371083197908261639","潘板忍","无","女","1979/8/26","汉族","北京北京市","北京北京市门头沟区永定
","2009/2/3","天然毒品","二级管控","昌恶学","18336985772","提供生活物资","萧业","14996119316","无","无","刺激心理","诱发犯罪","心理社会能力重建","毒品滥用","大麻","2002/8/11","否"
"101","371301199711191869","陶站言","无","女","1997/11/19","维吾尔族","天津天津市","天津天津市河东区唐家口街道
","2004/8/30","半合成毒品","三级管控","米着","15121822493","提供精神治疗","卜街育","18455964779","无","无","即乐心理","扰乱社会风气","自残","成瘾依赖","大麻","2010/7/29","是"
"102","371322195505232299","孙犯置","无","女","1955/5/23","蒙古族","天津天津市","天津天津市宝坻区牛家牌镇
","2010/8/22","合成毒品","四级管控","邵获寻","17320681456","解决贫困","金彩身","15310660790","无","无","侥幸心理","诱发犯罪","生理脱毒","偶尔吸食","大麻","2012/9/22","否"
"103","371329197110071359","狄胜次","无","女","1971/10/7","维吾尔族","天津天津市","天津天津市河东区大王庄街道
","2000/5/9","半合成毒品","三级管控","于登举","14531331931","解决子女学费","元公","15296940991","有","民主权利罪","好奇心理","诱发犯罪","自残","偶尔吸食","摇头丸","1995/6/25","是"
"104","371424198006162427","章进六","无","男","1980/6/16","汉族","北京北京市","北京北京市丰台区东铁匠营街道
","2015/5/23","合成毒品","一级管控","吕担程","15160466460","解决就业","苗介击","18414949105","无","无","刺激心理","危害家庭","心理脱毒","精神障碍","古柯","2008/12/20","是"
"105","371502196411302479","伏沉应","无","女","1964/11/30","蒙古族","北京北京市","北京北京市东城区景山街道
","2015/8/18","半合成毒品","二级管控","余诺出","14787088607","提供生活物资","庞授八","13921192078","有","侵犯财产罪","刺激心理","危害家庭","自残","精神障碍","K粉","2002/6/11","是"
"106","41022319621224113X","廉越信","无","男","1962/12/24","汉族","天津天津市","天津天津市河北区月牙河街道
","2018/1/4","半合成毒品","一级管控","袁料间","14751480893","解决贫困","屈超包","18810317977","有","侵犯公民人身权利","逆反心理","诱发犯罪","心理脱毒","毒品滥用","海洛因","2004/1/29","是"
"107","410402198606271460","郑面在","无","男","1986/6/27","汉族","天津天津市","天津天津市南开区万兴街道
","2011/2/9","合成毒品","四级管控","邵助影","17587050340","提供生活物资","朱料不","18885140452","无","无","逆反心理","诱发犯罪","心理脱毒","成瘾依赖","吗啡","2014/11/10","是"
"108","410501198612112043","潘病商","潘散随","男","1986/12/11","汉族","天津天津市","天津天津市北辰区果园新村街道
","2012/12/28","半合成毒品","一级管控","明书山","13397446723","解决就业","鲁福领","18125455142","无","无","逆反心理","危害家庭","生理脱毒","精神障碍","冰毒","2006/8/29","是"
"109","410923198302252649","齐卫忘","无","男","1983/2/25","汉族","天津天津市","天津天津市西青区张家窝镇
","2016/8/1","半合成毒品","三级管控","萧害影","18097399018","解决贫困","郝星险","18249705674","无","无","刺激心理","诱发犯罪","自残","偶尔吸食","K粉","2005/3/22","是"
"110","411023199501162722","贺案基","无","女","1995/1/16","汉族","天津天津市","天津天津市武清区武清汽车园
","2007/11/11","天然毒品","一级管控","汪礼莫","15871744497","提供生活物资","谢娘朋","18652007901","无","无","好奇心理","自残","生理脱毒","精神障碍","大麻","2016/9/22","是"
"111","411101199503192009","邬秘","无","女","1995/3/19","汉族","河北石家庄市","河北石家庄市赞皇县西龙门乡
","2013/6/24","合成毒品","三级管控","柳若西","17549180702","解决贫困","陈保读","14789706964","有","侵犯公民人身权利","逆反心理","危害家庭","心理社会能力重建","毒品滥用","海洛因","2003/11/18","是"
"112","411221195205122443","谢激班","无","男","1952/5/12","满族","河北石家庄市","河北石家庄市新华区大郭镇
","1997/7/15","合成毒品","一级管控","赵卫心","18350698871","提供精神治疗","薛窗是","17123099026","无","无","逆反心理","危害家庭","自残","成瘾依赖","大麻","2000/12/2","是"
"113","411224195007162849","章玛维","无","女","1950/7/16","汉族","河北石家庄市","河北石家庄市藁城市南孟镇
","2007/4/8","半合成毒品","四级管控","萧任在","13217070167","提供生活物资","陈身预","13671228869","无","无","好奇心理","自残","自残","精神障碍","K粉","2004/1/3","是"
"114","412824196907072708","郑骨喜","无","男","1969/7/7","汉族","北京北京市","北京北京市门头沟区永定
","2002/2/27","天然毒品","三级管控","滕向","18434578906","提供生活物资","韦她称","14966513932","有","民主权利罪","侥幸心理","危害家庭","心理脱毒","成瘾依赖","冰毒","2017/4/12","是"
"115","420303198006211926","庞知首","无","女","1980/6/21","汉族","天津天津市","天津天津市宝坻区大钟农场
","1996/2/24","合成毒品","二级管控","尹骨庭","17898000846","解决子女学费","汪敢则","18488097080","无","无","好奇心理","自残","心理社会能力重建","成瘾依赖","K粉","2002/11/10","否"
"116","420321195912051636","花注商","无","女","1959/12/5","汉族","河北石家庄市","河北石家庄市赞皇县赞皇镇
","1998/3/10","天然毒品","四级管控","卫宣甚","14747410740","解决贫困","堪永思","14915149380","无","无","即乐心理","扰乱社会风气","心理脱毒","精神障碍","大麻","1996/2/2","是"
"117","420504198503212521","柏油祖","无","女","1985/3/21","汉族","天津天津市","天津天津市和平区劝业场街道
","2014/2/12","合成毒品","一级管控","章年雨","14930513925","解决就业","卫米复","13529271577","有","军人违反职责罪","好奇心理","诱发犯罪","生理脱毒","偶尔吸食","摇头丸","2017/6/10","否"
"118","420683196911161577","邹观边","无","女","1969/11/16","汉族","北京北京市","北京北京市石景山区八宝山街道
","2006/6/15","半合成毒品","四级管控","罗供题","13685876066","解决子女学费","郝练牌","14957261495","有","危害国防利益罪","逆反心理","危害家庭","生理脱毒","成瘾依赖","大麻","2010/9/2","是"
"119","420923196301142491","吴惊比","无","男","1963/1/14","汉族","北京北京市","北京北京市密云县北京密云经济开发区
","2016/10/2","天然毒品","四级管控","华呼是","14590936657","解决贫困","水投又","18936464640","无","无","逆反心理","诱发犯罪","心理脱毒","成瘾依赖","摇头丸","2008/4/26","是"
"120","42098219900820102X","马吧船","无","男","1990/8/20","维吾尔族","天津天津市","天津天津市河西区东海街道
","2002/10/23","天然毒品","四级管控","冯于困","14735377863","解决子女学费","王牙计","18238797477","有","侵犯财产罪","侥幸心理","自残","自残","精神障碍","冰毒","2014/12/11","否"
"121","421002199208202765","项普","无","女","1992/8/20","汉族","北京北京市","北京北京市房山区大石窝镇
","2010/10/23","半合成毒品","二级管控","禹德电","14725379690","解决贫困","祝七兴","13618740322","有","侵犯公民人身权利","刺激心理","扰乱社会风气","心理社会能力重建","成瘾依赖","杜冷丁","2004/10/25","是"
"122","421201195807301859","黄品毫","黄义坐","男","1958/7/30","汉族","北京北京市","北京北京市东城区和平里街道
","2013/3/2","合成毒品","四级管控","朱遗","13535196127","解决子女学费","汪间主","14740114785","无","无","侥幸心理","危害家庭","心理社会能力重建","成瘾依赖","K粉","2000/11/16","是"
"123","430101196608102996","钱卡个","无","女","1966/8/10","苗族","天津天津市","天津天津市宝坻区京津新城
","2009/6/18","天然毒品","一级管控","卜运十","17369306268","解决子女学费","黄艺星","14551073038","无","无","即乐心理","诱发犯罪","心理脱毒","毒品滥用","古柯","2018/5/25","是"
"124","43020419840817231X","姜士日","无","男","1984/8/17","汉族","天津天津市","天津天津市静海县团泊新城
","2007/9/1","合成毒品","四级管控","沈莫养","17328509047","解决就业","茅弹火","18221410364","无","无","刺激心理","危害家庭","心理社会能力重建","毒品滥用","K粉","1996/12/18","是"
"125","430482195312301443","韩居","无","女","1953/12/30","维吾尔族","北京北京市","北京北京市西城区新街口街道
","2012/12/14","天然毒品","二级管控","褚什现","14591226102","解决子女学费","臧块送","18132111419","有","妨害社会管理秩序罪","好奇心理","自残","心理脱毒","毒品滥用","大麻","2001/12/31","是"
"126","430581196008292056","韩直","无","女","1960/8/29","汉族","天津天津市","天津天津市宁河县宁河县贸易开发区
","2000/4/11","天然毒品","三级管控","和余丈","17678600956","解决子女学费","卜洛几","17019183194","无","无","侥幸心理","自残","心理社会能力重建","偶尔吸食","摇头丸","2018/4/9","是"
"127","430923195209172505","鲍系右","无","女","1952/9/17","壮族","北京北京市","北京北京市石景山区八角街道
","2017/1/2","合成毒品","四级管控","黄玛","15667362277","提供精神治疗","凤何静","17545903869","无","无","即乐心理","扰乱社会风气","心理社会能力重建","成瘾依赖","冰毒","2014/6/30","是"
"128","430981196107301140","俞强","无","女","1961/7/30","汉族","天津天津市","天津天津市蓟县桑梓镇
","2004/1/1","天然毒品","一级管控","费典打","18680160343","解决子女学费","贺脑别","13947137300","有","侵犯公民人身权利","侥幸心理","诱发犯罪","生理脱毒","精神障碍","吗啡","1995/5/26","是"
"129","431026198104112092","殷录究","无","男","1981/4/11","汉族","北京北京市","北京北京市延庆县百泉街道
","2015/5/27","天然毒品","三级管控","杨然之","15791890295","提供精神治疗","齐更陈","18163821285","有","军人违反职责罪","即乐心理","自残","心理社会能力重建","毒品滥用","杜冷丁","1998/1/20","是"
"130","433125198501111115","孙专当","无","男","1985/1/11","汉族","北京北京市","北京北京市门头沟区雁翅镇
","1997/3/24","半合成毒品","四级管控","计爱叫","14918343171","提供精神治疗","昌又善","18392490341","无","无","逆反心理","扰乱社会风气","自残","毒品滥用","大麻","2010/3/18","是"
"131","440107196312022795","郑对改","无","女","1963/12/2","汉族","北京北京市","北京北京市石景山区古城街道
","2001/10/27","天然毒品","四级管控","喻缺写","15061786218","提供精神治疗","梁曾孩","18947580795","有","危害国家安全罪","刺激心理","危害家庭","自残","精神障碍","可卡因","2018/10/4","是"
"132","440281195210102165","施练个","无","男","1952/10/10","汉族","天津天津市","天津天津市河北区宁园街道
","1998/1/16","合成毒品","四级管控","范乾","18998089881","解决就业","傅波诉","13751587175","无","无","刺激心理","诱发犯罪","生理脱毒","毒品滥用","大麻","1999/9/20","是"
"133","440281197511181995","史复张","史份银","女","1975/11/18","汉族","河北石家庄市","河北石家庄市裕华区建通街道
","2003/8/10","半合成毒品","四级管控","卞米","13732218406","解决就业","潘候忙","14540808189","无","无","刺激心理","诱发犯罪","心理脱毒","精神障碍","古柯","2010/8/12","是"
"134","440305196902192636","和追票","无","女","1969/2/19","维吾尔族","北京北京市","北京北京市通州区玉桥街道
","2018/11/22","天然毒品","三级管控","伏州云","13149741214","解决就业","黄列从","14533343340","无","无","刺激心理","诱发犯罪","心理社会能力重建","毒品滥用","大麻","2018/11/30","否"
"135","440523199210082485","马乾志","无","女","1992/10/8","满族","天津天津市","天津天津市红桥区西沽街道
","2012/6/23","天然毒品","二级管控","韦万巨","18834565634","提供精神治疗","朱是遗","14598799497","无","无","侥幸心理","自残","心理脱毒","偶尔吸食","大麻","2003/7/27","是"
"136","440783195203263008","邵亡岛","无","男","1952/3/26","藏族","天津天津市","天津天津市红桥区双环村街道
","1998/7/7","合成毒品","二级管控","安眼耳","18016655354","提供生活物资","赵读吗","15711981345","无","无","侥幸心理","诱发犯罪","自残","毒品滥用","K粉","1997/7/14","是"
"137","44080219760914104X","鲁日英","无","女","1976/9/14","维吾尔族","河北石家庄市","河北石家庄市藁城市丘头镇
","1999/1/18","半合成毒品","二级管控","狄标坦","18327426375","解决贫困","葛绝权","14570270873","无","无","刺激心理","危害家庭","生理脱毒","成瘾依赖","大麻","2012/12/25","是"
"138","440882195605221265","穆父么","无","女","1956/5/22","满族","天津天津市","天津天津市东丽区万新街道
","2012/1/30","半合成毒品","三级管控","孙午晚","14561865177","解决就业","狄战盛","13143652571","无","无","逆反心理","诱发犯罪","心理社会能力重建","精神障碍","古柯","1996/1/5","是"
"139","440882197008091640","潘消剧","无","女","1970/8/9","汉族","天津天津市","天津天津市武清区泗村店镇
","2010/9/18","半合成毒品","一级管控","卜温冲","14953006000","提供生活物资","穆底风","14728589494","有","侵犯财产罪","侥幸心理","诱发犯罪","心理脱毒","精神障碍","吗啡","2018/11/19","是"
"140","440883199007041875","费团热","无","男","1990/7/4","汉族","河北石家庄市","河北石家庄市赞皇县院头镇
","2001/5/1","合成毒品","二级管控","狄错买","15248810905","解决就业","章引含","15233804055","无","无","即乐心理","诱发犯罪","心理社会能力重建","偶尔吸食","摇头丸","2016/5/24","否"
"141","441283197007262545","汪曾查","无","女","1970/7/26","汉族","河北石家庄市","河北石家庄市赵县北王里镇
","2005/9/10","天然毒品","四级管控","梁直露","13114283379","解决子女学费","俞留女","13496159474","无","无","刺激心理","危害家庭","心理脱毒","成瘾依赖","大麻","1996/8/27","否"
"142","441625199311221323","章民","无","女","1993/11/22","汉族","天津天津市","天津天津市河东区向阳楼街道
","2010/8/14","合成毒品","一级管控","沈江雄","14726929882","解决子女学费","贝她光","15752233298","无","无","刺激心理","危害家庭","自残","毒品滥用","K粉","2006/11/30","是"
"143","44190119670318181X","凤群转","无","男","1967/3/18","汉族","天津天津市","天津天津市蓟县杨津庄镇
","2008/5/20","合成毒品","一级管控","吕相实","18985439429","提供精神治疗","熊五买","13237841835","有","侵犯公民人身权利","逆反心理","诱发犯罪","心理社会能力重建","精神障碍","冰毒","2009/2/11","是"
"144","450321197612032366","俞人部","无","女","1976/12/3","汉族","河北石家庄市","河北石家庄市裕华区宋营镇
","2003/2/12","合成毒品","三级管控","吕见希","13837591467","解决贫困","皮便判","18079125250","有","军人违反职责罪","侥幸心理","扰乱社会风气","心理社会能力重建","偶尔吸食","冰毒","1999/12/29","是"
"145","45032319580101171X","范护巴","无","男","1958/1/1","汉族","河北石家庄市","河北石家庄市赞皇县南清河乡
","2014/10/2","半合成毒品","四级管控","吕光跑","15957339542","解决子女学费","鲍没局","15075249925","无","无","刺激心理","扰乱社会风气","心理社会能力重建","偶尔吸食","冰毒","2007/1/14","是"
"146","450401199107131119","郑胡食","无","男","1991/7/13","汉族","北京北京市","北京北京市西城区金融街街道
","1998/12/3","天然毒品","三级管控","黄科由","18662255954","解决贫困","廉片独","14745543131","无","无","好奇心理","危害家庭","自残","毒品滥用","大麻","2014/10/5","是"
"147","450512198602012168","陈告善","陈找本","女","1986/2/1","汉族","河北石家庄市","河北石家庄市赞皇县土门乡
","2003/3/26","合成毒品","一级管控","邹否医","17267235450","提供生活物资","乐名守","14747730252","无","无","即乐心理","自残","生理脱毒","精神障碍","杜冷丁","2001/10/28","是"
"148","450521198710191796","时房封","时员需","男","1987/10/19","回族","天津天津市","天津天津市和平区体育馆街道
","2002/4/29","半合成毒品","三级管控","卞食贝","18896034760","提供精神治疗","方不帮","15789102972","无","无","侥幸心理","扰乱社会风气","心理社会能力重建","偶尔吸食","可卡因","2010/11/26","是"
"149","450603198406131708","舒第室","无","女","1984/6/13","汉族","北京北京市","北京北京市石景山区八宝山街道
","2008/4/1","半合成毒品","一级管控","屈放血","15997697346","提供精神治疗","康怎高","17365641236","无","无","侥幸心理","危害家庭","心理脱毒","精神障碍","摇头丸","2012/11/27","是"
"150","450701195205282605","潘秘余","无","女","1952/5/28","回族","河北石家庄市","河北石家庄市长安区青园街道
","2007/6/25","半合成毒品","三级管控","费云叶","18846064521","提供精神治疗","熊吸暗","13846340089","无","无","逆反心理","诱发犯罪","自残","偶尔吸食","可卡因","2014/11/1","是"
"151","452124197812062746","祁间皮","无","女","1978/12/6","汉族","北京北京市","北京北京市平谷区山东庄镇
","2004/12/6","天然毒品","四级管控","尤传戴","14914798434","解决子女学费","贝同求","14792626713","有","危害国家安全罪","刺激心理","诱发犯罪","自残","成瘾依赖","大麻","1998/1/27","是"
"152","452131197404062011","鲍保脱","无","男","1974/4/6","汉族","北京北京市","北京北京市房山区张坊镇
","2006/1/21","合成毒品","二级管控","于江官","14968981895","提供精神治疗","冯形街","15732254020","无","无","侥幸心理","诱发犯罪","生理脱毒","毒品滥用","冰毒","2009/10/18","否"
"153","452132195106012048","马怎采","无","男","1951/6/1","汉族","天津天津市","天津天津市河东区大直沽街道
","2005/10/17","天然毒品","四级管控","汤暗护","14723149759","解决子女学费","施技","13881437211","有","妨害社会管理秩序罪","即乐心理","扰乱社会风气","心理社会能力重建","偶尔吸食","可卡因","2008/2/4","是"
"154","452223197711261737","庞晚顾","无","女","1977/11/26","汉族","天津天津市","天津天津市河北区新开河街道
","2010/8/15","合成毒品","一级管控","吴相愿","15335226578","提供精神治疗","狄取袋","14542894174","无","无","好奇心理","危害家庭","自残","毒品滥用","杜冷丁","2017/5/28","是"
"155","452601196004242149","吕红被","无","女","1960/4/24","汉族","天津天津市","天津天津市津南区小站镇
","2005/11/24","合成毒品","二级管控","鲁鲜答","17267095735","提供生活物资","陈玛马","15915618633","有","妨害社会管理秩序罪","即乐心理","诱发犯罪","自残","精神障碍","大麻","1996/1/21","是"
"156","452723198403072987","孙阳啊","无","女","1984/3/7","汉族","北京北京市","北京北京市丰台区云岗街道
","2009/9/12","合成毒品","二级管控","昌持","18743256900","提供生活物资","于相直","13652944929","无","无","即乐心理","自残","生理脱毒","精神障碍","大麻","2013/7/6","是"
"157","452726198204061379","余公呼","无","男","1982/4/6","汉族","河北石家庄市","河北石家庄市高邑县万城乡
","2017/12/28","天然毒品","一级管控","禹细鸟","17248331611","解决就业","成巴枪","17185461173","有","危害国家安全罪","侥幸心理","危害家庭","自残","毒品滥用","可卡因","1996/6/14","是"
"158","460026198308092841","皮治端","无","女","1983/8/9","汉族","河北石家庄市","河北石家庄市平山县南甸镇
","1999/10/11","天然毒品","三级管控","章年苏","17193159483","解决贫困","孔品归","13888521847","无","无","侥幸心理","扰乱社会风气","自残","偶尔吸食","冰毒","2014/10/20","是"
"159","460102198110211301","殷肯","无","男","1981/10/21","壮族","天津天津市","天津天津市东丽区军粮城街道
","2003/11/8","合成毒品","二级管控","喻突旅","17763806067","提供精神治疗","堪盛救","13263495947","有","破坏社会主义市场经济秩序罪","即乐心理","扰乱社会风气","自残","毒品滥用","冰毒","2003/4/21","否"
"160","500111197308182265","潘许秘","无","男","1973/8/18","汉族","北京北京市","北京北京市西城区牛街街道
","2001/9/4","合成毒品","四级管控","成决游","13929476278","解决贫困","唐康拍","17173696007","无","无","侥幸心理","自残","自残","精神障碍","K粉","2003/8/16","是"
"161","500229195403101442","乐月打","无","男","1954/3/10","汉族","北京北京市","北京北京市房山区琉璃河
","2001/11/14","天然毒品","二级管控","堪棋坏","15755023663","解决就业","奚赶油","15248059310","无","无","逆反心理","扰乱社会风气","生理脱毒","偶尔吸食","冰毒","2007/9/11","是"
"162","500233199208051105","于年悲","无","女","1992/8/5","汉族","天津天津市","天津天津市河东区中山门街道
","2010/6/23","半合成毒品","一级管控","云买坦","17622155067","解决贫困","孙朝军","13432336212","无","无","即乐心理","危害家庭","心理脱毒","偶尔吸食","大麻","2003/7/26","否"
"163","500243195612251583","蒋且路","无","男","1956/12/25","汉族","天津天津市","天津天津市东丽区新立街道
","2018/11/20","合成毒品","四级管控","薛帝校","18327276340","提供精神治疗","鲍西家","17386616546","无","无","侥幸心理","自残","自残","毒品滥用","大麻","1998/1/14","是"
"164","510113195503082029","汪轻财","无","女","1955/3/8","汉族","河北石家庄市","河北石家庄市桥东区桃园镇
","2003/12/17","半合成毒品","二级管控","孟难料","18575697114","解决就业","杨金","14784545639","无","无","即乐心理","自残","心理社会能力重建","毒品滥用","K粉","2006/11/28","是"
"165","510501195607291366","郑浪观","无","男","1956/7/29","汉族","北京北京市","北京北京市怀柔区北京雁栖经济开发区
","2015/12/21","半合成毒品","四级管控","史玩万","15219035238","提供精神治疗","苗音际","13753726310","无","无","好奇心理","扰乱社会风气","自残","精神障碍","大麻","1998/10/10","否"
"166","510824195805152448","苗转良","无","男","1958/5/15","汉族","北京北京市","北京北京市大兴区庞各庄镇
","2005/8/21","半合成毒品","四级管控","潘在套","14758919714","提供生活物资","孙低空","14532675244","无","无","侥幸心理","危害家庭","心理社会能力重建","毒品滥用","冰毒","1998/10/21","是"
"167","513128196204191366","卜议空","无","女","1962/4/19","汉族","北京北京市","北京北京市密云县北庄镇
","2011/12/29","天然毒品","一级管控","钱守说","14951984544","解决子女学费","皮司持","15626009577","无","无","即乐心理","自残","心理社会能力重建","毒品滥用","大麻","2006/7/17","否"
"168","513226199404102395","岑再","无","女","1994/4/10","汉族","天津天津市","天津天津市和平区新兴街道
","2000/6/3","天然毒品","三级管控","冯归左","14526146430","提供生活物资","皮琴降","18674351205","无","无","逆反心理","自残","心理脱毒","成瘾依赖","大麻","1996/4/23","是"
"169","51333519891027121X","萧边","无","男","1989/10/27","汉族","北京北京市","北京北京市石景山区八宝山街道
","1995/7/6","天然毒品","三级管控","吕饭罪","13499284115","解决贫困","堪药谢","13388379463","无","无","好奇心理","危害家庭","心理社会能力重建","毒品滥用","大麻","1999/5/12","是"
"170","520201195209132365","毕际机","无","男","1952/9/13","藏族","北京北京市","北京北京市朝阳区望京街道
","2018/12/13","合成毒品","三级管控","臧群暗","18136545954","解决贫困","钱义热","14551564510","无","无","好奇心理","扰乱社会风气","生理脱毒","精神障碍","可卡因","2010/1/23","是"
"171","522201199012192831","朱底再","无","女","1990/12/19","汉族","北京北京市","北京北京市丰台区丰台街道
","2005/2/17","半合成毒品","三级管控","萧乾须","15888089433","解决子女学费","杨十河","13536195822","无","无","刺激心理","自残","生理脱毒","毒品滥用","海洛因","1998/3/29","否"
"172","522634198210242910","韩难低","无","男","1982/10/24","汉族","河北石家庄市","河北石家庄市赵县谢庄乡
","1999/6/20","半合成毒品","四级管控","黄哪志","13240315836","解决子女学费","蒋易伤","18526881947","无","无","好奇心理","诱发犯罪","心理脱毒","偶尔吸食","可卡因","2000/11/28","否"
"173","530112196708252521","郎难装","无","女","1967/8/25","壮族","河北石家庄市","河北石家庄市井陉县北正乡
","1997/3/10","半合成毒品","四级管控","韦待增","13336582499","提供精神治疗","堪叫友","13591067560","有","危害国防利益罪","刺激心理","诱发犯罪","生理脱毒","偶尔吸食","大麻","2009/4/1","是"
"174","53012619590403244X","邹迷","无","男","1959/4/3","汉族","天津天津市","天津天津市宝坻区口东镇
","2003/8/11","合成毒品","四级管控","马供火","15075104711","解决贫困","华客财","14749460211","无","无","逆反心理","危害家庭","生理脱毒","成瘾依赖","大麻","1997/7/12","否"
"175","530381198611071743","水酒优","无","男","1986/11/7","汉族","河北石家庄市","河北石家庄市裕华区东苑街道
","1996/12/3","半合成毒品","三级管控","唐近师","14980025512","解决贫困","喻天准","15691319312","有","破坏社会主义市场经济秩序罪","侥幸心理","扰乱社会风气","心理社会能力重建","精神障碍","冰毒","2015/6/9","否"
"176","532326199408212573","凤纸坤","无","男","1994/8/21","汉族","北京北京市","北京北京市怀柔区庙城
","2006/1/4","合成毒品","二级管控","章给独","17629521236","解决就业","康项","18274166421","无","无","即乐心理","诱发犯罪","生理脱毒","偶尔吸食","吗啡","2007/8/9","否"
"177","532931199701042125","黄诉价","无","男","1997/1/4","汉族","河北石家庄市","河北石家庄市赵县谢庄乡
","2008/5/13","合成毒品","二级管控","伍注恐","17582933458","解决子女学费","郝友死","13879976369","无","无","即乐心理","自残","自残","毒品滥用","三唑仑","2009/3/15","是"
"178","533222196706031427","米只收","无","男","1967/6/3","彝族","北京北京市","北京北京市石景山区苹果园街道
","2015/3/27","合成毒品","一级管控","卫信遗","14590186476","解决就业","钱散露","18858260671","有","侵犯公民人身权利","逆反心理","自残","自残","精神障碍","K粉","2012/4/11","是"
"179","533321195701181236","廉摇住","无","女","1957/1/18","汉族","天津天津市","天津天津市宁河县丰台镇
","2009/6/1","天然毒品","四级管控","汪革洲","17527261405","提供生活物资","郝快持","13893574127","有","贪污贿赂罪","好奇心理","危害家庭","生理脱毒","毒品滥用","可卡因","2002/5/24","是"
"180","542224198703291525","吴期钱","无","男","1987/3/29","汉族","天津天津市","天津天津市和平区新兴街道
","2011/5/11","天然毒品","三级管控","齐相耳","13987411156","解决子女学费","方判饭","14944437806","有","危害国防利益罪","侥幸心理","危害家庭","心理社会能力重建","精神障碍","大麻","2018/6/27","是"
"181","542324197202181580","宋建皇","无","女","1972/2/18","汉族","北京北京市","北京北京市平谷区熊儿寨乡
","2010/4/17","半合成毒品","四级管控","郝楼良","18328510282","解决就业","冯盖博","14546461351","有","妨害社会管理秩序罪","侥幸心理","诱发犯罪","生理脱毒","精神障碍","摇头丸","2002/11/5","否"
"182","542430195111222045","吕至姐","无","男","1951/11/22","苗族","北京北京市","北京北京市海淀区马连洼街道
","2010/9/18","半合成毒品","一级管控","尤特杰","18633860497","解决子女学费","宋资义","17074777672","有","危害公共安全罪","即乐心理","自残","心理社会能力重建","偶尔吸食","可卡因","1996/7/7","是"
"183","610201199211161835","云批美","无","男","1992/11/16","汉族","北京北京市","北京北京市朝阳区亚运村街道
","2006/10/2","半合成毒品","一级管控","穆车音","15895908258","提供生活物资","伏两形","17833455676","无","无","侥幸心理","扰乱社会风气","生理脱毒","偶尔吸食","大麻","2018/6/14","否"
"184","61032419900712157X","汤胜范","无","男","1990/7/12","满族","河北石家庄市","河北石家庄市深泽县赵八镇
","2004/8/19","天然毒品","四级管控","李强最","18669802852","解决就业","孙可药","18145219855","无","无","侥幸心理","危害家庭","生理脱毒","偶尔吸食","大麻","2010/12/27","否"
"185","610581195206051085","窦精存","无","男","1952/6/5","维吾尔族","天津天津市","天津天津市河东区大王庄街道
","2015/1/2","半合成毒品","三级管控","郝维下","15090639120","解决子女学费","和丈波","17397217164","无","无","刺激心理","危害家庭","生理脱毒","精神障碍","大麻","1996/12/21","否"
"186","610581197402172739","卞相热","无","男","1974/2/17","汉族","北京北京市","北京北京市怀柔区雁栖
","2002/11/2","合成毒品","三级管控","薛快戴","15076895776","解决就业","谈易戏","14760734619","有","民主权利罪","刺激心理","扰乱社会风气","心理脱毒","成瘾依赖","冰毒","2016/8/23","是"
"187","620103196711152885","明声功","无","女","1967/11/15","维吾尔族","北京北京市","北京北京市延庆县百泉街道
","2004/11/21","天然毒品","四级管控","云不窗","14724256271","解决贫困","郑史群","15549876939","无","无","好奇心理","诱发犯罪","生理脱毒","精神障碍","摇头丸","1999/1/11","是"
"188","620201195610101921","柏军园","无","女","1956/10/10","彝族","天津天津市","天津天津市西青区王稳庄镇
","2010/4/4","半合成毒品","一级管控","时级","18380036563","解决子女学费","雷地发","13016668735","无","无","侥幸心理","危害家庭","心理社会能力重建","成瘾依赖","大麻","2010/2/24","是"
"189","623023195608231276","彭确街","无","女","1956/8/23","汉族","北京北京市","北京北京市门头沟区清水镇
","2004/3/18","合成毒品","二级管控","项笔冲","18869331676","解决子女学费","薛过雨","13581000485","无","无","好奇心理","自残","心理社会能力重建","偶尔吸食","大麻","1999/3/30","是"
"190","632322198011041642","项彩包","无","男","1980/11/4","藏族","天津天津市","天津天津市津南区八里台镇
","2014/10/25","半合成毒品","二级管控","钱按斯","17322913061","解决贫困","廉图妻","15276366880","有","侵犯公民人身权利","好奇心理","诱发犯罪","心理社会能力重建","成瘾依赖","摇头丸","2018/10/13","是"
"191","632622197812252652","康灯您","无","女","1978/12/25","壮族","北京北京市","北京北京市密云县太师屯镇
","2012/4/20","合成毒品","四级管控","尤告以","14798331593","提供生活物资","杨除争","17212604809","无","无","侥幸心理","扰乱社会风气","心理社会能力重建","成瘾依赖","冰毒","2006/6/6","是"
"192","632722195103251055","计装承","无","男","1951/3/25","汉族","河北石家庄市","河北石家庄市井陉县上安镇
","2002/11/26","合成毒品","二级管控","郑希太","14529381254","解决就业","吕诉","18014021307","无","无","逆反心理","扰乱社会风气","心理社会能力重建","精神障碍","古柯","1995/2/20","否"
"193","642221195308231240","黄师塞","无","男","1953/8/23","汉族","北京北京市","北京北京市朝阳区将台
","2004/9/25","合成毒品","四级管控","喻永原","18397546733","解决子女学费","凤万随","13086155808","无","无","好奇心理","扰乱社会风气","生理脱毒","偶尔吸食","摇头丸","1998/7/6","是"
"194","650101199207262870","蒋险京","无","女","1992/7/26","汉族","河北石家庄市","河北石家庄市长安区跃进街道
","2013/1/3","合成毒品","三级管控","平证疑","15230198047","解决子女学费","董击线","17228158581","无","无","好奇心理","自残","心理脱毒","毒品滥用","大麻","2000/10/16","是"
"195","652122195808161843","禹手语","无","男","1958/8/16","汉族","北京北京市","北京北京市石景山区八角街道
","2015/6/27","半合成毒品","一级管控","华依确","17618277609","解决就业","沈动曲","14788949163","无","无","即乐心理","危害家庭","心理脱毒","偶尔吸食","摇头丸","2010/10/15","否"
"196","652122196501032558","华伦","无","男","1965/1/3","汉族","北京北京市","北京北京市大兴区礼贤镇
","1996/12/23","天然毒品","四级管控","章睛部","17280401104","提供生活物资","柳博助","15285272902","有","侵犯财产罪","逆反心理","危害家庭","自残","精神障碍","吗啡","2009/11/22","是"
"197","652324196008091777","章掉","无","女","1960/8/9","苗族","天津天津市","天津天津市武清区大黄堡镇
","2018/9/16","半合成毒品","三级管控","孔其卖","17616527292","解决就业","乐女严","18781964588","无","无","好奇心理","自残","生理脱毒","偶尔吸食","大麻","2015/10/31","是"
"198","652823195511162962","禹背半","无","男","1955/11/16","汉族","天津天津市","天津天津市红桥区咸阳北路街道
","2014/11/16","半合成毒品","四级管控","何局沉","18223629454","解决子女学费","何需头","17612661714","无","无","刺激心理","扰乱社会风气","自残","精神障碍","K粉","2010/5/1","是"
"199","654202199007091777","许天首","无","女","1990/7/9","汉族","北京北京市","北京北京市通州区台湖镇
","1998/10/7","天然毒品","一级管控","吴敢","14953771800","解决就业","张既迷","17534720101","有","危害国防利益罪","逆反心理","危害家庭","生理脱毒","精神障碍","大麻","2012/2/28","是"
"200","654322196809121665","纪跑斗","无","女","1968/9/12","壮族","北京北京市","北京北京市海淀区曙光街道
","1998/2/28","合成毒品","四级管控","潘意福","15369083277","解决贫困","姚戴中","13064622923","无","无","好奇心理","扰乱社会风气","自残","毒品滥用","大麻","2013/7/11","否"
"201","","","","","","","","","","","","","","","","","","","","","","","","",""
"202","","","","","","","","","","","","","","","","","","","","","","","","",""
